article	alinea	longueur	avant	debut_supprime
1649 A quater	4	125		0I quater : Déclaration de
1649 B	1	494		Les personnes effectuant d
1649 B	2	79		Cette déclaration est fait
1649 quater-0 B ter	1	213		Lorsque l'administration f
1649 quater-0 B ter	2	428		articles L. 82 C, L. 101 o
1649 quater-0 B ter	3	24		ÉLÉMENTS DU TRAIN DE VIE
1649 quater-0 B ter	4	4		BASE
1649 quater-0 B ter	5	140		1. Valeur locative cadastr
1649 quater-0 B ter	6	40		Cinq fois la valeur locati
1649 quater-0 B ter	7	140		2. Valeur locative cadastr
1649 quater-0 B ter	8	40		Cinq fois la valeur locati
1649 quater-0 B ter	9	61		3. Voitures automobiles de
1649 quater-0 B ter	10	178		La valeur de la voiture ne
1649 quater-0 B ter	11	36		4. Motocyclettes de plus d
1649 quater-0 B ter	12	83		La valeur de la motocyclet
1649 quater-0 B ter	13	33		5. Clubs de sports et de l
1649 quater-0 B ter	14	24		Le montant des dépenses.
1649 quater-0 B ter	15	79		6. Voyages, séjours en hôt
1649 quater-0 B ter	16	24		Le montant des dépenses.
1649 quater-0 B ter	17	82		7. Appareils électroménage
1649 quater-0 B ter	18	66		La valeur du bien neuf, lo
1649 quater-0 B ter	19	45		8. Articles de joaillerie 
1649 quater-0 B ter	20	25		La valeur vénale du bien.
1649 quater-0 B ter	21	205		Les éléments dont il est f
1649 quater-0 B ter	22	142		Pour les éléments dont dis
1649 quater-0 B ter	23	159		Les revenus visés au prése
1649 quater-0 B ter	24	173		La somme forfaitaire déter
1649 quater-0 B ter	25	237		Pour l'appréciation du nom
1649 quater-0 B ter	26	305		La disproportion marquée e
1649 quater-0 B ter	27	115		les revenus exonérés ou ta
1649 quater-0 B ter	28	165		Le contribuable peut appor
1649 undecies	3	43		I : Commission communale d
1650 A	1	367		Dans chaque établissement 
1650 A	2	194		Les commissaires doivent r
1650 A	3	181		de la quatrième condition.
1650 A	4	190		Peuvent participer à la co
1650 A	5	125		un agent pour les établiss
1650 A	6	150		trois agents au plus pour 
1650 A	7	136		cinq agents au plus pour l
1650 A	8	346		Les commissaires ainsi que
1650 A	9	232		La condition prévue au deu
1650 A	10	8		(Abrogé)
1650 A	11	73		Les modalités d'applicatio
1650 B	8	73		Troisième partie : Disposi
1650 B	9	88		II : Commission départemen
1653	1	331		Les dispositions concernan
1653	2	31		(1) Annexe III, art. 345 à
1653 E	2	73		Troisième partie : Disposi
1653 E	3	69		VII : Comité consultatif d
1653 F	1	90		I. – Il est institué un co
1653 F	2	223		Ce comité est présidé par 
1653 F	3	364		II – Pour l'examen des lit
1653 F	4	291		Pour l'examen des litiges 
1653 F	5	402		Pour l'examen des litiges 
1653 F	6	331		L'agent du ministère charg
1653 F	7	133		Les personnes ayant déjà e
1654	1	85	ocales doivent	sous réserve des dispositi
1654	2	60	e droit commun	, sous réserve des disposi
1655	1	195		Les personnes qui, sous le
1655 sexies A	3	80		: Organismes chargés de l'
1655 septies	1	230		– Les organismes chargés d
1655 septies	2	200		1° A raison des bénéfices 
1655 septies	3	67		De l'impôt sur les société
1655 septies	4	106		De l'impôt sur le revenu a
1655 septies	5	163		De la retenue à la source 
1655 septies	6	178		De la retenue à la source 
1655 septies	7	257		2° A raison des rémunérati
1655 septies	8	52		De la taxe sur les salaire
1655 septies	9	52		De la participation mentio
1655 septies	10	91		Des contributions mentionn
1655 septies	11	8		(Abrogé)
1655 septies	12	314		3° Sous réserve du 2°, des
1655 septies	13	172		– La compétition sportive 
1655 septies	14	217		1° Etre attribuée dans le 
1655 septies	15	192		2° Etre de niveau au moins
1655 septies	16	98		La qualité de compétition 
1655 septies	17	11		– (Abrogé).
1655 septies	18	472		– Les commissions permanen
1668	19	64		1 bis : Contribution excep
1668 D	1	146		– La contribution sociale 
1668 D	2	182		Elle est payée spontanémen
1668 D	3	524		Elle donne lieu au préalab
1668 D	4	363		Lorsque le montant des ver
1668 D	5	72		– Les modalités d'applicat
1678 quater	16	23		: Taxe sur les salaires
1681 ter	1	58		La taxe d'habitation sur l
1681 ter	11	84		bis : Paiement de la cotis
1681 quater A	1	253		La cotisation foncière des
1681 quater A	2	272		De janvier à octobre, chaq
1681 quater A	3	189		S'il estime que les prélèv
1681 quater A	4	176		S'il estime que le montant
1681 quater A	5	279		Dans l'un ou l'autre cas, 
1681 quater A	6	313		Si le montant des taxes pr
1681 quater A	7	130		majoration s'ajoutent au m
1681 quater A	8	151		Le solde des taxes est pré
1681 quater A	9	158		Toutefois, si les taxes so
1681 quater A	10	310		Il est mis fin aux prélève
1681 quater A	11	34		(Transféré sous l'article 
1681 quater A	12	62		Un décret fixe les modalit
1681 quinquies	3	9		(Périmé).
1681 quinquies	4	9		(Abrogé).
1681 sexies	2	53	sur le revenu,	la taxe d'habitation sur l
1681 sexies	3	307		La cotisation foncière des
1681 sexies	4	583		Quel que soit leur montant
1681 septies	1	101	es conditions,	la cotisation foncière des
1681 septies	2	43	 et non bâties	et de leurs taxes addition
1681 septies	3	98		Le paiement de la cotisati
1681 septies	5	102		Les paiements de la taxe s
1681 septies	8	146		7 bis. Le paiement de la t
1681 septies	9	216		Les paiements de la taxe s
1681 septies	10	190		L. 426-1 du code des assur
1691	3	77		: Solidarité entre époux e
1716 A	3	26		V bis : Dation en paiement
1722 quater	1	318		Conformément aux dispositi
1722 quater	2	137		concurrence du montant de 
1723 ter	3	42		VII-0 A : Impôt sur la for
1727	17	4	 retard est de	0,20
1728	4	2		80
1728	4	253	tivité occulte	ou, s'agissant de la taxe 
1728	10	306		Pour les obligations décla
1738	8	78		: Non-respect des conditio
1741	1	4	risonnement de	cinq
1741	1	3	'une amende de	500
1741	1	6	 être porté au	double
1741	2	4	sont portées à	sept
1741	2	1	 une amende de	3
1 A	1	22	x dispositions	des articles 156 à 168
1 A	11	131	e toute nature	, déterminés conformément 
4 B	4	533		Les dirigeants des entrepr
4 B	5	332		Les dirigeants mentionnés 
4 B	7	22	critères fixés	aux a à c du présent 1
4 bis	1	1	 sur le revenu	:
4 bis	2	13		1° (Abrogé) ;
4 bis	3	6		2° Les
6	1	90	de ses enfants	et des personnes considéré
6	1	6	nts sont, sauf	preuve
6	2	300		Sauf application des dispo
6	3	218		Les partenaires liés par u
6	4	94	ur ses enfants	, lorsque ceux-ci tirent u
6	5	354		Toute personne majeure âgé
6	6	68		1° L'imposition de ses rev
6	7	216		2° Le rattachement au foye
6	8	221		entière par cette personne
6	9	168		Si la personne qui demande
6	10	275		3° Le rattachement au foye
6	11	49		Les époux font l'objet d'i
6	12	69		Lorsqu'ils sont séparés de
6	13	118		Lorsqu'étant en instance d
6	14	112		Lorsqu'en cas d'abandon du
6	15	210		Les personnes mariées et l
6	16	761		Les époux et les partenair
6	17	547		Chacun des époux, partenai
6	18	156		Les revenus communs sont, 
6	19	6		Abrogé
6	20	294	En cas	de décès de l'un des conjo
8	1	119	s des sociétés	en nom collectif et les co
8	2	1	de capitaux	,
8	4	46		Il en est de même, sous le
8	5	288		1° Des membres des société
8	6	181		2° Des membres des société
8	7	255		3° Des membres des société
8	8	203		4° De l'associé unique d'u
8	9	231		6° Des membres des société
8	10	170		7° Nonobstant les disposit
8 quinquies	1	272		Chaque membre des copropri
8 quinquies	2	177		Pour l'application de ces 
10	3	57	omicile fiscal	, ainsi que les personnes 
13	2	415	u revenus nets	mentionnés aux I à VI de l
13	3	11	ies de revenus	visées au 2
13	5	62	ontribuable ou	les membres du foyer fisca
13	5	20	pements soumis	au régime fiscal des
13	5	36	l des sociétés	de personnes mentionné à l
13	6	325		5.1°. Pour l'application d
13	7	273		physique ou société ou gro
13	8	534		Lorsque l'usufruit tempora
13	9	222		2°. Pour l'application du 
13	10	365		Dans la catégorie des reve
13	11	275		Dans la catégorie des reve
13	12	69		Dans la catégorie des béné
14	1	51		Sous réserve des dispositi
14	1	1	on commerciale	:
14	2	6		1° Les
14	2	20	priétés bâties	, telles que maisons
14	2	17	que maisons et	usines, ainsi que
14	2	1	ue les revenus	:
14	3	16		a De l'outillage
14	3	71	'outillage des	établissements industriels
14	3	89	eure, dans les	conditions indiquées au pr
14	3	52	posant sur des	fondations spéciales faisa
14	4	90		b De toutes installations 
14	5	5		c Des
14	5	12	 aménagés pour	l'habitation
14	5	63	le commerce ou	l'industrie, même s'ils so
14	6	176		2° Les revenus des proprié
16	1	285		Les revenus des logements 
32	2	147	Par	dérogation aux disposition
32	2	13	venu imposable	correspondant
32	3	425	Ces	Dans le cas où le contribu
32	4	159		proportion de ses droits d
32	5	3		Les
32	5	4	s dispositions	du 1
32	5	15	ers perçus par	le foyer fiscal
32	6	185		Les dispositions du 1 ne s
32	7	123		Monuments historiques et a
32	8	10		(Abrogé) ;
32	9	218		Logements au titre desquel
32	10	268		Parts de sociétés, autres 
32	11	363		Parts de sociétés, autres 
32	12	116		Logements au titre desquel
32	13	156		Parts de fonds de placemen
32	14	107		Logements au titre desquel
32	15	232		L'année au cours de laquel
32	16	189		Les contribuables qui souh
32	17	324		L'option est exercée pour 
32	18	97		1re Sous-section : Détermi
32	19	20		I : Revenus fonciers
32	20	21		: Bail à construction
33 ter	1	459		- Lorsque le prix du bail 
33 ter	2	266		En cas de cession des bien
33 ter	3	333		Il en est de même en cas d
33 ter	4	124		- Les dispositions du I s'
33 ter	5	297		Toutefois, la remise de ce
33 quater	1	9	oyers de leurs	immeubles
33 quater	1	58	ecettes brutes	ainsi que les dépenses déd
33 quater	3	20		I : Revenus fonciers
33 quater	4	23		: Bail à réhabilitation
33 quinquies	1	522		Les loyers et prestations 
34	2	291		Il en est de même, dans le
34	3	464		Par exception aux disposit
35 A	1	433		Sont également compris dan
35 A	2	301		qui ont la nature d'immeub
35 A	5	20		1 bis : Exonérations
35 ter	1	376		Les personnes physiques qu
35 ter	2	97		1re Sous-section : Détermi
35 ter	3	41		II : Bénéfices industriels
36	1	8	tte période ne	coincide
38	1	80		Sous réserve des dispositi
38	9	214		Ces dispositions s'appliqu
38	10	189		à la détermination des rés
38	17	5	A évaluent les	titre
38	19	16		d'investissement
38	19	158	de conversion.	Ces dispositions sont appl
38	20	315		Pour l'exercice clos le 31
38	21	180		fonction des taux de conve
38	29	433		5.1° A l'exception des som
38	30	275		Les sommes distribuables e
38	31	110		2° Par dérogation aux disp
38	32	929		L. 214-28 du code monétair
38	33	263		Le premier alinéa du prése
38	34	209		Des répartitions d'une fra
38	35	745		Des distributions d'une en
38	36	478		5 bis. Le profit ou la per
38	37	185		Toutefois, en cas d'échang
38	38	190		Les dispositions des premi
38	39	311		Ces dispositions s'appliqu
38	45	548		Les sommes correspondant à
38	46	315		Les provisions ultérieures
38	47	163		La durée de détention des 
38	48	276		Le présent 5 ter n'est pas
38	58	136	 de vue fiscal	; le délai de deux ans men
38	60	199	n prix unique.	Le montant imposable peut 
38	61	238		Ces dispositions ne sont p
38	62	452	 de la mise en	oeuvre de la garantie prév
38	63	168		l'appréciation de cette de
38	64	181	 de vue fiscal	; le délai de deux ans men
38	66	208		Pour les opérations réalis
38	67	334		d'une augmentation de capi
38	68	107		Les augmentations de capit
38	69	123		b-d'un apport de créances 
38	70	166		c-de l'absorption d'une so
38	73	9	on de sociétés	peut être
38	75	197	ent l'échange.	Le montant imposable peut 
38	76	171		Ces dispositions ne sont p
38	87	1	es obligations	;
38	88	201	remboursement.	Toutefois, pour les titres
38	92	170	ts imposables.	Les provisions pour dépréc
38	93	1	rix de revient	;
38 bis	1	1		-
38 bis	11	18		II bis. - (abrogé)
38 bis	13	121		2. Pour l'application de l
38 bis-0 A bis	15	141		Pour l'application de l'ar
38 bis A	3	146	 du transfert.	En cas de cession ultérieu
38 ter	1	216		– Par exception aux dispos
38 ter	2	830		L. 381-1 du code des assur
38 ter	3	279		Cette répartition est effe
38 ter	4	97		Pour l'application de ces 
38 ter	5	178		A la clôture de chaque exe
38 ter	6	101		– Les titres soumis aux di
38 ter	7	139		– Les dispositions du prés
38 ter	8	765		Les titres acquis au cours
38	1	548		Par dérogation aux disposi
38	2	190		mêmes années, la déduction
38	3	182		Les sommes dont l'impositi
39	1	22	toutes charges	, celles-ci comprenant
39	1	14	ispositions du	5, notamment :
39	2	141		1° Les frais généraux de t
39	3	369		Toutefois les rémunération
39	4	109		Une entreprise mettant à d
39	5	544		L. 8241-3 du code du trava
39	6	293		1° bis Pour les exercices 
39	7	575		Par exception aux disposit
39	8	532		Pour les exercices clos av
39	9	63		Un décret fixe les modalit
39	10	224		1° ter Pour les emprunts c
39	11	123		reçues à l'émission, lorsq
39	12	100		Cette fraction courue est 
39	13	411		Pour les emprunts dont le 
39	14	246		1° quater Sur option irrév
39	15	189		En cas de remboursement an
39	16	118		Ces dispositions ne sont p
39	17	149		Un décret fixe les conditi
39	18	397		2° Sauf s'ils sont pratiqu
39	20	574		Par dérogation au deuxième
39	22	2		3°
39	23	89		Cette déduction est subord
39	24	207		A compter du 1er janvier 1
39	25	111		La rémunération mentionnée
39	26	434		La limite prévue au premie
39	27	547		et financier ou à l'articl
39	28	141		Les conditions d'applicati
39	29	17		3° bis (Abrogé) ;
39	30	152		4° Sous réserve des dispos
39	30	56	avec la France	, de l'impôt complémentair
39	31	477		de l'article 223 VJ, des t
39	32	576		Par exception aux disposit
39	33	203		4° bis-Le prélèvement opér
39	34	17		4° ter (Abrogé) ;
39	35	20		4° quater (Abrogé) ;
39	36	528		5° Les provisions constitu
39	37	660		à des opérations en cours 
39	38	267		La dépréciation des oeuvre
39	39	413		Un décret fixe les règles 
39	40	651		Pour les entreprises dont 
39	41	405		Les dispositions des trois
39	42	336		Toutefois, les disposition
39	43	195		Les sommes prélevées sur l
39	44	30		Si l'entreprise est dissou
39	45	417		Si la réserve est incorpor
39	46	108		En cas d'imputation de per
39	47	976		Sous réserve des dispositi
39	48	436		La provision pratiquée à l
39	49	123		dernier cas, les entrepris
39	50	74		Un décret fixe les modalit
39	51	266		Les matières, produits ou 
39	52	769		Les provisions qui, en tou
39	53	119		si la provision n'avait pa
39	54	656		Par dérogation aux disposi
39	55	852		Toutefois, pour les exerci
39	56	336		Les provisions pour dépréc
39	57	555		Toutefois, les dotations a
39	58	661		ou moins-values en sursis 
39	59	275		Les dotations aux provisio
39	60	325		La dépréciation de titres 
39	61	113		La dépréciation des titres
39	62	167		L. 211-27 à L. 211-34 du c
39	63	323		La dépréciation des titres
39	64	528		Par exception aux disposit
39	65	340		Les dispositions de l'alin
39	66	436		La provision éventuellemen
39	67	504		La provision constituée pa
39	68	288		Les dotations à la provisi
39	69	409		La fraction de la provisio
39	70	222		Lorsque le bien à renouvel
39	71	172		Dans l'hypothèse où cette 
39	72	443		Les provisions pour indemn
39	73	219		Les provisions constituées
39	74	301		Les dotations aux provisio
39	75	939		constituent des immeubles 
39	76	268		Le montant total des dotat
39	77	310		6° La contribution sociale
39	78	383		6° bis La taxe sur les vid
39	79	421		7° Les dépenses engagées d
39	80	275		8° Les abandons de créance
39	81	12		9° (Abrogé).
39	83	91		Il en est de même du verse
39	84	215		2 bis. A compter de l'entr
39	85	214		versées ou les avantages o
39	86	223		dans l'exécution de foncti
39	87	318		Les allocations forfaitair
39	88	251		Pour l'application de cett
39	89	441	e toute nature	ayant trait à l'exercice d
39	90	74		Sauf justifications, les d
39	91	193		1° A l'amortissement des v
39	92	263		Pour les véhicules immatri
39	93	96		-30 000 € si leurs émissio
39	94	134		-20 300 € si leurs émissio
39	95	182		-9 900 € si leurs émission
39	96	292		Pour les autres véhicules,
39	97	91		Elle est ramenée à 9 900 €
39	98	95		-155 grammes par kilomètre
39	99	95		-150 grammes par kilomètre
39	100	95		-140 grammes par kilomètre
39	101	95		-135 grammes par kilomètre
39	102	75		-130 grammes par kilomètre
39	103	472		2° En cas d'opérations de 
39	104	292		3° Aux dépenses de toute n
39	105	335		La fraction de l'amortisse
39	106	508		Les dispositions du premie
39	107	51		Sont également déductibles
39	108	123		Les rémunérations directes
39	109	66		Les frais de voyage et de 
39	110	130		Les dépenses et charges af
39	111	108		Les dépenses et charges de
39	112	110		Les cadeaux de toute natur
39	113	75		Les frais de réception, y 
39	114	280		Pour l'application de ces 
39	115	239		Les dépenses ci-dessus énu
39	116	239		Lorsqu'elles augmentent da
39	117	226		5 bis. Les rémunérations d
39	118	9		(périmé).
39	119	9		(Abrogé).
39	122	318		L'indemnité de congé payé 
39	123	337		droits acquis et non utili
39	124	147		Ces dispositions s'appliqu
39	126	811		Toutefois, pour les opérat
39	133	47	 la plus-value	dans les conditions de l'a
39	134	8		(Périmé)
39	138	18		(Alinéa disjoint).
39	139	16		12 bis. (Abrogé)
39	140	2	u moins égal à	25
39	141	135		numérateur, la différence 
39	144	1	des redevances	:
39	145	6		1° Est
39	145	1	mique européen	;
39	146	185		2° Et bénéficie, au titre 
39	147	23	tion des aides	à caractère commercial.
39	148	45		Le premier alinéa ne s'app
39	148	48	des consenties	en application d'un accord
39	148	103	homologué dans	les conditions prévues à l
39	148	107	treprises pour	lesquelles une procédure d
39	149	210		Les aides mentionnées au d
39	150	129		situation nette négative, 
39 C	1	2		I.
39 C	1	57	 d'utilisation	suivant des modalités fixé
39 C	4	383		Si l'option mentionnée au 
39 C	5	432		II.-1. En cas de location 
39 C	6	537		8 quater ou 8 quinquies ou
39 C	7	551		La fraction des déficits d
39 C	8	316		En cas de location ou de m
39 C	9	402		fiscales, consentie par le
39 C	10	321		La limitation de l'amortis
39 C	11	448		En cas de location ou de m
39 C	12	245		L'amortissement régulièrem
39 C	13	435		Lorsque le bien cesse d'êt
39 C	14	196		En cas de cession de ce bi
39 C	15	246		La fraction des déficits n
39 D	2	48		Cette disposition n'est pa
39 D	3	20	bail	à construction passé
39 D	3	23	itions prévues	par les articles L 251-
39 D	3	36	ticles L 251-1	à L 251-8 du code de la co
39 D	3	13	truction et de	l'habitation.
39 duodecies A	1	72		DISPOSITIONS APPLICABLES A
39 duodecies A	2	213		La plus-value réalisée lor
39 duodecies A	3	521		duodecies et suivants. Ell
39 duodecies A	4	76		DISPOSITIONS APPLICABLES A
39 duodecies A	5	315		La plus-value réalisée lor
39 duodecies A	6	941		précité, elle est considér
39 duodecies A	7	377		Le prix d'acquisition des 
39 duodecies A	9	72		DISPOSITIONS APPLICABLES A
39 duodecies A	10	395		En cas de cession ultérieu
39 duodecies A	11	218		Pour l'application du prem
39 duodecies A	12	76		DISPOSITIONS APPLICABLES A
39 duodecies A	13	601		En cas de cession ultérieu
39 duodecies A	15	162		Les dispositions du premie
39 duodecies A	16	72		DISPOSITIONS APPLICABLES A
39 duodecies A	17	415		Pour l'application des dis
39 duodecies A	18	76		DISPOSITIONS APPLICABLES A
39 duodecies A	20	3		Les
39 duodecies A	20	9	s dispositions	des 1 à 5
39 quindecies	1	12	s dispositions	de l'article
39 quindecies	1	141	 l'article 41,	les plus-values nettes con
39 quindecies	2	8		(Abrogé)
39 quindecies	3	8		(Périmé)
39 quindecies	4	288		Les distributions par les 
39 quindecies	5	162		1° Des plus-values nettes 
39 quindecies	6	97		2° Des sommes reçues par l
39 quindecies	7	276		Des répartitions d'une fra
39 quindecies	8	324		Des distributions d'une en
39 quindecies	8	407	3 modifiant le	cadre juridique de la gest
39 quindecies	9	577		Lorsque les titres cédés s
39 quaterdecies	1	4		1 Le
39 quaterdecies	1	121	 net des plus-	values à court terme peut 
39 quaterdecies	2	47	s moins-values	de même nature qui ont été
39 quaterdecies	3	205		Ces dispositions ne sont p
39 quaterdecies	4	210		1 bis Par dérogation aux d
39 quaterdecies	5	177		obtenu l'agrément prévu à 
39 quaterdecies	6	357		1 ter Par dérogation aux d
39 quaterdecies	7	362		Chaque fraction est égale 
39 quaterdecies	8	18		1 quater (Abrogé).
39 quaterdecies	9	661		1 quinquies Le profit cons
39 quaterdecies	10	211		le rachat. La fraction du 
39 quaterdecies	11	210		Le premier alinéa ne s'app
39 quaterdecies	12	408		Toutefois, dans ce dernier
39 quaterdecies	13	617		Les présentes dispositions
39 quaterdecies	14	405		Ces dispositions cessent d
39 quaterdecies	15	356		2 En cas de cession ou de 
39 quaterdecies	16	414		Sous réserve des dispositi
39 quaterdecies	17	222		2 bis. La moins-value résu
39 quaterdecies	18	229		à leur valeur d'inscriptio
39 quaterdecies	19	133		3 Le cas échéant, l'excéde
39 quindecies	1	182		- 1. Sous réserve des disp
39 quindecies	2	118		Il s'entend de l'excédent 
39 quindecies	4	215		Par dérogation aux disposi
39 quindecies	5	136		différée de deux ans. Tout
39 quindecies	6	156		2. L'excédent éventuel des
39 quindecies	7	419		En cas de liquidation d'en
39 quindecies	8	9		- Abrogé.
41	1	63	es plus-values	soumises au régime des art
41	9	235		– Lorsque l'activité est p
41	16	85		e) L'article 151 septies n
43 bis	1	543		Les entreprises qui, ayant
43 bis	2	136		a contribué au financement
43 bis	3	429		Toutefois, les disposition
43 bis	5	41		II : Bénéfices industriels
43 bis	6	68		2 bis : Dispositions parti
45	1	30		et 2. (Dispositions périmé
45	2	130		3. La faculté de procéder 
50-0	1	4	es entreprises	dont
50-0	2	166	fre d'affaires	hors taxes, ajusté s'il y 
50-0	3	38		1° 188 700 € s'il s'agit d
50-0	3	142	mmer sur place	ou de fournir le logement,
50-0	4	278		1° bis 15 000 € s'il s'agi
50-0	5	45		2° 77 700 € s'il s'agit d'
50-0	6	426		Lorsque l'activité d'une e
50-0	7	207		Le résultat imposable, ava
50-0	8	373		abattement de 71 % pour le
50-0	10	27	itions prévues	aux articles 39 duodecies 
50-0	10	236	 39 quindecies	, sous réserve de l'articl
50-0	11	268		Les seuils mentionnés au p
50-0	12	1	s de ce régime	:
50-0	13	240		Les contribuables qui expl
50-0	14	10		(Abrogé) ;
50-0	15	248		Les sociétés ou organismes
50-0	16	3		Les
50-0	16	1	r les sociétés	;
50-0	17	247		Les opérations portant sur
50-0	18	10		(Abrogé) ;
50-0	19	50		Les opérations visées au 8
50-0	20	199		Les contribuables dont tou
50-0	21	3		Les
50-0	22	159		Les contribuables qui perç
50-0	26	328		L'option pour un régime ré
50-0	28	28	mmer sur place	, ou de fournir le logemen
53 A	1	4	l'article 50-0	(1),
53 A	4	103		(1) Ces dispositions sont 
54	2	32	une traduction	certifiée par un traducteu
54	3	9		(Abrogé).
54 septies	1	28	le 38 septies,	le II bis de l'article 208
54 septies	2	28	l'article 115,	du II bis de l'article 208
55	1	42	 se conformant	à la procédure prévue à l'
55	1	4	dures fiscales	(1).
55	2	68		(1) Voir également livre d
57	2	367		La condition de dépendance
60	3	74		C : Membres des copropriét
61 A	1	303		Les résultats à déclarer p
61 A	2	81		Les copropriétés sont tenu
61 A	3	68		(1) Voir également l'artic
62	5	76	 est déterminé	, après déduction des coti
63	8	1	 sport mention	"
63	8	2	telages canins	”.
64 bis	2	46	ement de 87 %.	Cet abattement ne peut êtr
64 bis	6	13		II.-(abrogé).
64 bis	9	279	article 69 est	valable un an et reconduit
69	1	332		Lorsque la moyenne des rec
69	2	64		Un régime simplifié d'impo
69	2	45	ns exploitants	agricoles relevant de l'im
69	3	88		Sur option, aux exploitant
69	4	143		De plein droit, aux autres
69	5	77		En cas de dépassement de l
69	5	120	és sont soumis	de plein droit au régime r
69	6	73		Les deux catégories d'expl
69	9	175		Les recettes à retenir pou
69	10	313		VI.-Les seuils mentionnés 
69	11	248		Pour l'application des dis
69 D	1	87	ivité agricole	, autres que celles mentio
69 D	2	206		Toutefois, les exploitatio
69 E	1	142		Les exploitants qui exerce
69 E	2	1	 du code civil	.
70	1	220		Pour l'application des art
70	2	176		droits dans les bénéfices 
70	3	222		Pour l'application de l'ar
70	4	118		les règles prévues pour le
72	1	177	le régime réel	mais avec des règles et mo
72	2	126		Le faible niveau du chiffr
72	3	170		La proportion exagérément 
72	4	38		L'irrégularité importante 
72	5	256		Des décrets précisent les 
72	6	106		Les dispositions des I et 
72	7	122		(1) Annexe III, art. 38 se
72 E	1	42	ons d'échanges	mentionnées au 5° du II de
72 E	1	13	fonction de la	date et de la
72 E bis	1	36	ant hors taxes	sous déduction d'un abatte
72 E bis	2	2		%.
73 D	5	82		Ces dispositions s'appliqu
73 E	2	11	me alinéa du 3	del'article
73 E	4	12	 régime défini	aux articles
73 E	4	21	ux articles 39	duodecies et suivants
74	5	164		la justification des frais
74 A	5	71		Dispositions applicables à
74 B	7	41		IV : Bénéfices de l'exploi
74 B	8	39		: Dispositifs de lissage o
78	1	353		Qu'il s'agisse de bail à f
78	2	179		Dans le cas de bail à port
78	3	109		En cas de location de parc
78	4	97		1re Sous-section : Détermi
80	1	245	urs à domicile	n'ayant pas d'autres conco
80	2	75	s non salariés	répondant à la définition 
80	3	161	 l'article 261	lorsque le versement de ce
80	4	31	les indemnités	, au-delà d'un million d'e
80	4	30	réjudice moral	fixées par décision de jus
80 ter	1	1		a
80 ter	2	69		b Ces dispositions sont ap
80 ter	3	63		au président du conseil d'
80 ter	4	42		à l'administrateur proviso
80 ter	5	26		aux membres du directoire;
80 ter	6	163		à tout administrateur ou m
80 ter	7	141		3° Dans les autres entrepr
80 ter	8	212		4° Dans toute entreprise :
80 ter	9	166		compte des rémunérations v
80 septies	1	240	eur déduction.	Les pensions alimentaires 
80 decies	1	92	essionnel sont	, à l'exclusion du capital
80 decies	1	80	 catégorie des	pensions selon les modalit
80 decies	2	33	 professionnel	, à l'exclusion de la part
80 decies	3	153		prestations égale au monta
80 undecies	1	50		L'indemnité parlementaire,
80 undecies	1	349	article 1er de	l'ordonnance n° 58-1210 du
80 undecies	2	78		définie à l'article 2 de l
80 undecies	3	307		Il en est de même des inde
80 undecies A	1	68		Le traitement brut mensuel
80 undecies A	1	286	u Gouvernement	en application du I de l'a
80 undecies A	2	326		Il en est de même de l'ind
80 undecies B	1	1		–
80 undecies B	1	8	 indemnités de	fonction
80 undecies B	1	62	es élus locaux	en application du code gén
80 undecies B	1	3	s et salaires.	(1)
80 undecies B	2	341		– Les pensions de retraite
80 duodecies	1	42	tion imposable	, sous réserve des disposi
80 duodecies	2	47		Ne constituent pas une rém
80 duodecies	3	307		1° Les indemnités mentionn
80 duodecies	4	195		2° Les indemnités de licen
80 duodecies	5	206		3° La fraction des indemni
80 duodecies	6	368		Soit deux fois le montant 
80 duodecies	7	170		Soit le montant de l'indem
80 duodecies	8	70		4° La fraction des indemni
80 duodecies	9	369		Soit deux fois le montant 
80 duodecies	10	176		Soit le montant de l'indem
80 duodecies	11	11		5° (Abrogé)
80 duodecies	12	541		6° La fraction des indemni
80 duodecies	13	220		versées à l'occasion de la
80 duodecies	14	368		Soit deux fois le montant 
80 duodecies	15	213		Soit le montant de l'indem
80 duodecies	16	121		d'industrie, par le statut
80 duodecies	17	221		Le présent 6° est applicab
80 duodecies	18	48		L. 552-1 du code général d
80 duodecies	19	220	rticle 80 ter.	Toutefois, en cas de cessa
80 sexdecies	1	43	ts et salaires	, à l'exception de celles 
80 sexdecies	2	109		plafond prévu au même 2° q
81 D	1	242		Les salariés et dirigeants
81 D	2	424		Le premier alinéa est appl
81 D	3	99		Les salariés et personnes 
82	1	292	oprement dits.	Toutefois les logements mi
83	2	13	curité sociale	, y compris :
83	3	213	Les	cotisations d'assurance vi
83	4	81		que celles prévues par des
83	4	64	 prises sur le	fondement de l'article L. 
83	5	146		Les cotisations versées au
83	6	164		Les cotisations au régime 
83	7	415		1° 0 bis Les cotisations v
83	8	15		1° bis (Abrogé)
83	9	89		1° ter (Abrogé à compter d
83	10	205		1° quater Les cotisations 
83	11	528		lorsque ces cotisations ou
83	11	18	accord prévu à	l'article L. 827-2
83	11	115	u code général	de la fonction publique ou
83	12	301		Les cotisations ou les pri
83	13	281		Les cotisations à la charg
83	14	442		Les cotisations ou les pri
83	15	753		2° Les cotisations ou prim
83	16	204		Il en va de même des verse
83	17	349		Les versements mentionnés 
83	18	176		La limite mentionnée au tr
83	19	19		2°-0 bis (Abrogé) ;
83	20	642		2°-0 ter Dans les limites 
83	21	228		I de l'article 155 B étaie
83	22	180		2°-0 quater La contributio
83	23	204		2° bis Les contributions v
83	24	16		2° ter (Abrogé).
83	25	19		2° quater (Abrogé).
83	26	22		2° quinquies (Abrogé).
83	27	113		3° Les frais inhérents à l
83	28	224		La déduction à effectuer d
83	29	311		% du montant de ce revenu.
83	30	297		Le montant de la déduction
83	31	170		La somme figurant au trois
83	32	209		Les bénéficiaires de trait
83	32	342	ice des impôts	dans le délai prévu aux ar
83	33	278		Sont assimilées à des frai
83	34	632		Les frais de déplacement d
83	35	540		Lorsque les bénéficiaires 
83	36	219		Lorsque les bénéficiaires 
83	37	235		à crédit du véhicule utili
83	38	219		Les frais, droits et intér
83	39	1058		le dirigeant exerce son ac
84 A	1	379		Les dispositions prévues p
90	1	3	Un décret	(1)
90	2	31		(1) Annexe III, art. 369 à
92	3	37		Ces bénéfices comprennent 
92	4	204		1° Les produits des opérat
92	5	255		1° bis Les produits des op
92	6	115		2° Les produits de droits 
92	7	227		3° Les produits perçus par
92	8	59		4° Les remises allouées po
92	9	208		5° Les produits des opérat
92	10	201		terme ”, mentionnés au III
92	11	145		6° Les sommes et indemnité
92	12	129		7° Les sommes perçues par 
92	13	363		Les bénéfices réalisés par
92 A	1	46		Ne sont pas soumises à l'i
92 A	2	96		1° Les sommes perçues dans
92 A	3	229		2° Les sommes perçues dans
92 A	4	97		1re Sous-section : Détermi
93	1	57	la profession.	Sous réserve des dispositi
93	2	11	es comprennent	notamment :
93	3	198		1° Le loyer des locaux pro
93	4	39		2° Les amortissements effe
93	4	18	és suivant les	règles applicables
93	4	49	applicables en	matière de bénéfices indus
93	5	258		3° Les loyers versés en ex
93	6	13		4° (Abrogé) ;
93	7	13		5° (Abrogé) ;
93	8	86		6° Les loyers versés en ex
93	8	56	immeuble, dans	les conditions et limites 
93	9	264		7° Les droits de mutation 
93	10	11		8° (Abrogé)
93	11	99		Les taxes prévues aux arti
93	12	494		1 bis. Les fonctionnaires 
93	13	261		La demande doit être adres
93	14	280		1 ter. Les agents généraux
93	15	51		Ce régime est subordonné a
93	16	75		Les commissions reçues doi
93	17	196		Les intéressés ne doivent 
93	18	119		Le montant brut de ces cou
93	19	262		La demande doit être adres
93	20	182		Les contribuables ayant de
93	21	114	es de l'esprit	mentionnées à l'article L.
93	22	249		La déduction forfaitaire d
93	23	520		Dans le cas de concession 
93	24	9		(Abrogé).
93	25	40		(Transféré sous l'article 
93	26	16		4 bis. (Abrogé).
93	30	379		Sur demande expresse des c
93	31	223		Les auteurs d'oeuvres d'ar
93	32	323		Ces dispositions s'appliqu
93	33	128		Les revenus provenant des 
93	34	152		L'abattement mentionné au 
93	35	322		Lorsque le montant total d
93	36	63		L. 241-3 du même code, ces
93 B	1	12	été mentionnée	aux articles
93 B	1	8	aux articles 8	et 8 ter
93 B	6	4	 contribuables	(1).
93 B	7	88		(1) Ces dispositions s'app
93 B	8	41		1° : Organismes d'études e
93 ter	1	103		Les dispositions de l'arti
93 quater	1	52	 sont soumises	au régime des articles 39 
93 quater	2	486		Le régime des plus ou moin
93 quater	2	65	ecies, le taux	applicable aux opérations 
93 quater	3	137		I bis. (Abrogé pour les re
93 quater	4	258	 physique d'un	logiciel protégé par le dr
93 quater	5	182	e de l'apport.	La plus-value en report d'
93 quater	8	95		L'article 151 septies ne s
93 quater	10	207	 à une société	civile professionnelle, co
93 quater	10	207	e cet associé.	L'application de cette dis
93 quater	17	85		Cette disposition s'appliq
93 quater	18	371		L'acte qui constate le tra
96	1	15	rticle 92 sont	obligatoirement
96	1	10	tion contrôlée	lorsqu'ils
96	1	7	 lorsqu'ils ne	peuvent
97	1	271		Peuvent également se place
97	2	9		(Abrogé).
97	3	33		(Disposition devenue sans 
97	1	43		Les contribuables soumis o
99	1	15	buables soumis	obligatoirement
99	1	46	tion contrôlée	ou qui désirent être impos
99	5	617		Par exception au premier a
102 ter	1	190	on commerciaux	dont le montant hors taxes
102 ter	1	46	taire de 34 %.	Cet abattement ne peut êtr
102 ter	2	267	 sur le revenu	dans les conditions prévue
102 ter	3	234		Le premier seuil mentionné
102 ter	4	440		Pour l'appréciation de la 
102 ter	5	289		groupements non soumis à l
102 ter	6	439		Au titre de l'année qui su
102 ter	8	9		(Abrogé).
102 ter	15	1		:
102 ter	16	180		Les contribuables qui exer
102 ter	17	10		(Abrogé) ;
102 ter	18	199		Les contribuables dont tou
102 ter	19	134		d Les contribuables qui ex
103	1	38	e des associés	en nom, des commandités et
103	1	12	ociétés visées	aux articles
103	1	8	aux articles 8	et 8 ter
103	1	30	 articles 96 à	100 bis ainsi que de l'art
108	1	1	distribués par	:
108	2	85		1° Les personnes morales p
108	3	166		2° Les personnes morales e
108	4	27	e en l'absence	de l'option visée ci-dessu
108	5	155		Les revenus distribués par
109	4	4	conseil d'Etat	(1).
109	5	8		(Abrogé)
111	3	3	ées par décret	(1)
111	6	92		La fraction des rémunérati
111	7	17	ses et charges	dont la déduction
111	7	10	déduction pour	l'assiette
111	7	7	 l'assiette de	l'impôt
111	7	87	r les sociétés	est interdite en vertu des
111	8	40		(1) Annexe III, art. 49 bi
111 bis	3	313		Les dispositions du présen
112	2	163	es d'émission.	Toutefois, une répartition
112	14	11		5° (Abrogé)
112	15	66	es plus-values	prévu, selon les cas, aux 
115	2	424		Ces dispositions s'appliqu
115	3	180		scission, ces obligations 
115	4	7	fs d'un apport	partiel
115	4	33	artiel d'actif	d'une branche complète d'a
115	4	1	pport, lorsque	:
115	5	8		L'apport
115	5	1	'article 210 A	;
115	6	114		La société apporteuse disp
115	7	328		Cette attribution, proport
115	10	216		2 bis. Lorsque l'apport pa
115	11	131		les conditions prévues à l
115	12	32		L'agrément est délivré lor
115	13	76		Les conditions prévues aux
115	14	380		L'attribution est justifié
115	15	583		Toutefois, l'obligation de
115	16	261		L'obligation de conservati
115	17	161		-la société apporteuse n'e
115	18	115		-les actions de la société
115	19	195		-l'actionnaire détenant 5 
115	20	280		Les dispositions des 1,2 e
117 quater	1	8	ent au taux de	12,8 % .
117 quater	3	427		Toutefois, les personnes p
117 quater	6	25	étenus dans un	plan d'épargne en actions
117 quater	6	1	63 quinquies D	;
117 quater	7	184		Aux revenus mentionnés aux
117 quater	9	316	ors de France,	seules les personnes physi
117 quater	14	7		Abrogé.
117 quater	17	9	ent prévu au I	n'est pas
117 quater	17	131	 sur le revenu	établi dans les conditions
117 quater	18	157		Ce prélèvement s'impute su
119 bis	1	75	taux mobiliers	entrant dans les prévision
119 bis	1	57	 des personnes	qui ont leur siège en Fran
119 bis	2	248		Toutefois, les produits de
119 bis	3	189		Les revenus des titres émi
119 bis	4	615		Les produits visés aux art
119 bis	5	181		1° Lever des capitaux aupr
119 bis	6	319		2° Présenter des caractéri
119 bis	7	463		Les stipulations de la con
119 ter	1	220	ue à la source	s'applique également lorsq
119 ter	2	110		Toutefois, la retenue à la
119 ter	3	210		La retenue à la source ne 
119 ter	4	74		la distribution entre dans
119 ter	5	239		le bénéficiaire effectif e
119 ter	6	112		la distribution est compri
119 ter	7	993		Les produits mentionnés au
119 ter	8	152		ou à ceux constitués sur l
119 ter	9	200		La retenue à la source men
119 ter	1	47		La retenue à la source pré
119 ter	1	142	ersonne morale	qui remplit les conditions
119 ter	2	252		Pour bénéficier de l'exoné
119 ter	3	491		Avoir son siège de directi
119 ter	4	368		Revêtir l'une des formes é
119 ter	5	199		Détenir directement, de fa
119 ter	6	299		l'engagement de conserver 
119 ter	7	345		Le taux de participation m
119 ter	8	259		Etre passible, dans l'Etat
119 ter	9	9		(abrogé).
119 ter	10	326		2 bis. Les dispositions du
119 ter	11	136		européen ayant conclu avec
119 ter	12	385		Le 1 ne s'applique pas aux
119 ter	13	55		Un montage peut comprendre
119 ter	14	257		Pour l'application du prés
119 ter	15	95		Un décret précise en tant 
119 quater	1	440		La retenue à la source pré
119 quater	2	441		un établissement public à 
119 quater	3	642		Pour l'application du prés
119 quater	4	212		engagement selon lequel el
119 quater	5	176		il donne lieu à la désigna
119 quater	6	284		Dans le cas où les intérêt
119 quater	7	271		Pour bénéficier de l'exoné
119 quater	8	88		Avoir son siège de directi
119 quater	9	204		Revêtir l'une des formes é
119 quater	10	127		commun applicable aux paie
119 quater	11	176		Etre passible, y compris a
119 quater	12	158		Lorsque la reconnaissance 
119 quater	13	262		Si le bénéficiaire des rev
119 quater	13	94	pôt équivalent	de cet Etat et que la pers
119 quater	14	417		Les dispositions du 1 ne s
119 quater	15	215		Lorsqu'en raison des relat
119 quater	16	152		seraient convenus le payeu
119 quater	17	95		Un décret précise en tant 
119 quinquies	4	58	autres mesures	et n'étant pas non coopéra
119 quinquies	4	71	, sous réserve	que cet Etat ne soit pas n
120	20	13		12° (Abrogé).
121	3	7	n cas d'apport	partiel
123 bis	1	629		Lorsqu'une personne physiq
123 bis	2	158		l'organisme, de la fiducie
123 bis	3	256		Pour l'application du prem
123 bis	4	531		Les actions, parts, droits
123 bis	5	392		La détention indirecte s'e
123 bis	6	699		Les bénéfices ou les reven
123 bis	7	326		Toutefois, lorsque l'entit
123 bis	8	225		net ou de la valeur nette 
123 bis	9	231		Les revenus distribués ou 
123 bis	10	756		4 bis. Le 1 n'est pas appl
123 bis	11	212		ou droits de vote de cette
123 bis	12	546		Lorsque l'entité juridique
123 bis	13	78		4 ter. La condition de dét
123 bis	14	247		Par le constituant ou le b
123 bis	15	169		Ou par la personne physiqu
123 bis	16	159		Un décret en Conseil d'Eta
125-00 A	2	127		Pour l'application du prem
125-0 A	1	1	 sur le revenu	.
125-0 A	2	427		Les produits en cause sont
125-0 A	4	837		Pour les bons ou contrats 
125-0 A	5	210		L'abattement mentionné au 
125-0 A	6	241		de cette même date et lors
125-0 A	7	836		Pour l'application de l'ab
125-0 A	8	442		En cas de rachat total ou 
125-0 A	9	726		avant le 31 décembre de l'
125-0 A	10	638		2° La transformation parti
125-0 A	11	736		I bis. – Les produits atta
125-0 A	12	237		I ter. – Sont également ex
125-0 A	13	118		1° aux primes versées sur 
125-0 A	14	251		2° aux versements programm
125-0 A	15	161		3° aux autres versements e
125-0 A	16	194		I quater A. - Sont égaleme
125-0 A	17	687		I quater. – Sont exonérés 
125-0 A	18	356		Actions ou certificats d'i
125-0 A	19	87		Droits ou bons de souscrip
125-0 A	20	408		Actions ou parts d'organis
125-0 A	21	493		Parts de fonds communs de 
125-0 A	22	241		Actions émises par des soc
125-0 A	23	903		Actions, admises aux négoc
125-0 A	24	504		Les titres mentionnés aux 
125-0 A	25	386		Les titres mentionnés aux 
125-0 A	26	416		I quinquies. – 1. Sont exo
125-0 A	27	530		en valeurs mobilières, de 
125-0 A	28	397		la fraude et l'évasion fis
125-0 A	29	420		D'actions ne relevant pas 
125-0 A	30	90		De droits ou bons de sousc
125-0 A	31	220		D'actions ou parts d'organ
125-0 A	32	577		De parts de fonds communs 
125-0 A	33	749		D'actions ou parts émises 
125-0 A	34	762		D'actions, admises aux nég
125-0 A	35	127		De parts de fonds ou actio
125-0 A	36	313		Les titres et droits menti
125-0 A	37	217		la fraude et l'évasion fis
125-0 A	38	540		Les titres mentionnés aux 
125-0 A	39	397		Les règlements ou les stat
125-0 A	40	310		Lorsque les organismes de 
125-0 A	41	485		titres, ces organismes ou 
125-0 A	42	604		Les bons ou contrats menti
125-0 A	43	11		I sexies. –
125-0 A	43	15	pplication des	I à I quinquies
125-0 A	44	641		– 1. Les personnes physiqu
125-0 A	45	91		L'option, qui est irrévoca
125-0 A	46	250		Le caractère libératoire d
125-0 A	47	33		Le taux du prélèvement est
125-0 A	48	149		A 45 % lorsque la durée du
125-0 A	49	176		A 25 % lorsque cette durée
125-0 A	50	66		A 15 % lorsque cette durée
125-0 A	51	221		A 7,5 % lorsque cette duré
125-0 A	52	366		La durée des contrats s'en
125-0 A	53	250		Les I et V de l'article 12
125-0 A	54	59		Le taux du prélèvement app
125-0 A	55	8		12,8 % ;
125-0 A	56	318		7,5 % lorsque la durée du 
125-0 A	57	132		Ce prélèvement n'est pas l
125-0 A	58	158		Le prélèvement s'impute su
125-0 A	59	449		II bis. – Les prélèvements
125-0 A	60	612		Le taux de ces prélèvement
125-0 A	61	157		Les prélèvements mentionné
125-0 A	62	784		Toutefois, lorsque le béné
125-0 A	63	219		II ter. – La fraction ayan
125-0 A	64	579		des dépôts et consignation
125 A	2	228		compte bloqué individuel, 
125 A	5	427		Toutefois, les personnes p
125 A	6	16		I bis.-(Abrogé).
125 A	9	13		bis.-(Abrogé)
125 A	10	421		III.-Un prélèvement est ob
125 A	11	145		principalement un objet et
125 A	12	173		Le premier alinéa du prése
125 A	13	145		La retenue à la source opé
125 A	14	4	ent est fixé à	12,8
125 A	15	31		Toutefois, ce taux est fix
125 A	16	205		1° 5 % pour les revenus de
125 A	17	154		IV.-Les prélèvements prévu
125 A	18	360		V.-1. Le prélèvement prévu
125 A	19	158		Ce prélèvement s'impute su
125 A	20	113		2. Les prélèvements prévus
125 A	21	251		Le caractère libératoire d
125 D	1	127	 l'article 4 B	qui appartiennent à un foy
125 D	2	231		l'article 1417, est égal o
125 D	2	101	'article 125 A	, aux taux fixés, selon le
125 D	3	689		– Les personnes physiques 
125 D	5	95		– Sous réserve des disposi
125 D	5	2	t mentionné au	II
125 D	6	50	au prélèvement	prévu au I ou opte pour le
125 D	8	241		L'option pour le prélèveme
125 D	15	97		1re Sous-section : Détermi
125 D	16	36		VII : Revenus des capitaux
125 D	17	36		5 : Exonérations et régime
125 D	18	61		1° : Sommes versées par la
137 bis	7	39		14° bis : Fonds de placeme
148	1	794		Sont exemptés de la taxe p
148	2	185		Cette exemption est subord
148	3	319		La même exemption est appl
148	4	127		correspondent à des réserv
148	5	244		Les dispositions qui précè
150 ter	2	38	e sont imposés	dans les conditions prévue
150 ter	2	16	 aux 1 ou 2 de	l'article 200 A.
150 ter	7	313		Par dérogation au 1, lorsq
150 ter	8	307		Le premier alinéa du prése
150 duodecies	1	342		En cas de donation de titr
150 duodecies	2	97		1re Sous-section : Détermi
150-0 A	1	39	ices agricoles	ainsi que des articles 150
150-0 A	4	9		(Abrogé).
150-0 A	8	16		I bis. (Abrogé).
150-0 A	10	10		(Abrogé) ;
150-0 A	11	25	ouverture d'un	plan d'épargne en actions
150-0 A	11	9	cas de retrait	de titres
150-0 A	11	170	 de liquidités	ou de rachat avant l'expir
150-0 A	12	327		déterminé suivant les moda
150-0 A	13	465		la création ou de la repri
150-0 A	14	228		b) Par dérogation au a du 
150-0 A	15	175		Le présent 2 n'est pas app
150-0 A	16	302		2 bis. Au gain net réalisé
150-0 A	17	9		effectués
150-0 A	17	304	fectués sur le	plan depuis son ouverture,
150-0 A	18	222		2 ter. Au gain net détermi
150-0 A	22	378		4 ter. Par dérogation aux 
150-0 A	25	684		Sous réserve de l'applicat
150-0 A	26	211		7 bis. Sous réserve de l'a
150-0 A	27	235		placement collectif releva
150-0 A	29	52	de la personne	, sous réserve du respect 
150-0 A	30	128		1° Les parts ou actions cé
150-0 A	31	601		2° L'ensemble des parts d'
150-0 A	32	67		Elles constituent une seul
150-0 A	33	20		Elles représentent :
150-0 A	34	137		-au moins 1 % du montant t
150-0 A	35	128		-et au moins 0,5 % de la f
150-0 A	36	171		A titre dérogatoire, un po
150-0 A	37	580		Les sommes ou valeurs auxq
150-0 A	38	162		3° Le cédant perçoit une r
150-0 A	39	67		Ces dispositions s'appliqu
150-0 A	40	594		1° Aux distributions menti
150-0 A	41	1079		2° Aux gains nets mentionn
150-0 A	42	578		Aux gains nets réalisés et
150-0 A	43	243		1° Le bénéficiaire établit
150-0 A	44	398		2° Le bénéficiaire est sal
150-0 A	45	481		3° Les parts, actions ou d
150-0 A	46	322		4° L'entité d'investisseme
150-0 A	47	98		Les dispositions du présen
150-0 A	48	291		Au gain net déterminé dans
150-0 A	49	45		– Les dispositions du I ne
150-0 A	50	547		Aux cessions et aux rachat
150-0 A	51	297		Les dispositions du premie
150-0 A	52	325		1 bis. Aux cessions d'acti
150-0 A	53	198		du 2 du même II. Cette dis
150-0 A	54	234		Les dispositions du premie
150-0 A	55	310		Aux titres cédés dans le c
150-0 A	56	271		Aux titres cédés dans le c
150-0 A	57	258		A la cession des titres ac
150-0 A	58	264		4 bis A la cession des tit
150-0 A	59	208		4 ter. Au gain net réalisé
150-0 A	60	220		Le gain net réalisé à l'oc
150-0 A	61	301		plan depuis la date de son
150-0 A	62	10		(Abrogé) ;
150-0 A	63	117		Aux profits réalisés dans 
150-0 A	64	117		A la fraction de plus-valu
150-0 B	1	59		Sous réserve des dispositi
150-0 B	3	82	es avec soulte	à condition que celle-ci n
150-0 B bis	1	38	 A est reporté	, sur option expresse du c
150-0 B bis	1	140	 de cet apport	ou, lors du transfert par 
150-0 B bis	2	86		Le report prévu au premier
150-0 B bis	3	279		Le cédant a exercé l'une d
150-0 B bis	4	111		En cas d'échange avec soul
150-0 B bis	4	1	e de l'échange	;
150-0 B bis	5	195		Le contribuable déclare le
150-0	1	476		– L'imposition de la plus-
150-0	2	281		Ces dispositions sont égal
150-0	3	52		Il est mis fin au report d
150-0	4	127		1° De la cession à titre o
150-0	5	570		2° De la cession à titre o
150-0	6	253		Dans le financement de moy
150-0	7	227		Dans l'acquisition d'une f
150-0	7	155	rticle 150-0 D	ter. Le réinvestissement a
150-0	8	354		Dans la souscription en nu
150-0	9	411		Ou dans la souscription de
150-0	10	641		dispositions d'ordre écono
150-0	11	859		pris en compte pour l'appr
150-0	12	252		code et au troisième aliné
150-0	13	95		de souscriptions en numéra
150-0	14	555		d'acquisitions de parts ou
150-0	15	228		de titres donnant accès au
150-0	16	301		Le non-respect de la condi
150-0	17	216		Le non-respect de la condi
150-0	18	407		Lorsque le produit de la c
150-0	19	311		Lorsque le contrat de cess
150-0	20	330		perçus. Dans ce cas, le pr
150-0	21	451		complément de prix perçu, 
150-0	22	556		De même, en cas de réinves
150-0	23	146		3° De la cession à titre o
150-0	24	156		4° Ou, si cet événement es
150-0	25	307		La fin du report d'imposit
150-0	26	511		– En cas de transmission p
150-0	27	108		La plus-value en report es
150-0	28	239		1° En cas de cession, d'ap
150-0	29	349		2° Ou lorsque l'une des co
150-0	30	107		Les frais afférents à l'ac
150-0	31	335		Le 1° du présent II ne s'a
150-0	32	66		– Le report d'imposition e
150-0	33	276		1° L'apport de titres est 
150-0	34	305		2° La société bénéficiaire
150-0	35	263		Lorsque la majorité des dr
150-0	36	183		Lorsqu'il dispose seul de 
150-0	37	53		Ou lorsqu'il y exerce en f
150-0	38	321		Le contribuable est présum
150-0	39	199		Le contribuable et une ou 
150-0	40	436		– Par dérogation aux 1° et
150-0	41	187		Le contribuable mentionne 
150-0	42	137		Il est mis fin au report d
150-0	43	218		1° De cession à titre onér
150-0	44	70		2° De survenance de l'un d
150-0	45	328		3° De survenance, dans la 
150-0	46	232		– En cas de survenance d'u
150-0	47	725		V bis. – Lorsque les titre
150-0	48	599		Il est également mis fin a
150-0	49	332		– Un décret fixe les condi
150-0 D	1	111	 d'acquisition	par celui-ci diminué, le c
150-0 D	2	55		à l'article 199 terdecies-
150-0 D	2	67	 titre gratuit	, leur valeur retenue pour
150-0 D	3	559		Les gains nets résultant d
150-0 D	4	397		Le complément de prix prév
150-0 D	5	276		L'abattement précité ne s'
150-0 D	6	16		1 bis (Supprimé)
150-0 D	7	50		1 ter. A.-L'abattement men
150-0 D	8	203		50 % du montant des gains 
150-0 D	9	181		65 % du montant des gains 
150-0 D	10	211		Cet abattement s'applique 
150-0 D	11	99		L. 214-24-24 à L. 214-32-1
150-0 D	12	650		financier, ou de dissoluti
150-0 D	13	229		placement à risques mentio
150-0 D	14	205		L'abattement précité s'app
150-0 D	15	435		collectifs mentionnés à ce
150-0 D	16	103		effectuées par des fonds c
150-0 D	17	141		L. 214-31 du code monétair
150-0 D	18	174		Les conditions mentionnées
150-0 D	19	362		Par dérogation aux mêmes q
150-0 D	20	92		B.-L'abattement mentionné 
150-0 D	21	47		1° Les actions, parts, dro
150-0 D	21	49	ont été acquis	ou souscrits antérieuremen
150-0 D	22	132	En cas	2° Les gains nets, distrib
150-0 D	23	336		1 quater. Par dérogation a
150-0 D	24	39		A.-Le taux de l'abattement
150-0 D	25	144		1° 50 % de leur montant lo
150-0 D	26	147		2° 65 % de leur montant lo
150-0 D	27	123		3° 85 % de leur montant lo
150-0 D	28	166		B.-L'abattement mentionné 
150-0 D	29	104		2° La société émettrice de
150-0 D	30	250		Elle est créée depuis moin
150-0 D	31	314		Elle est une petite ou moy
150-0 D	32	203		exercice précédant la date
150-0 D	33	113		Elle n'accorde aucune gara
150-0 D	34	73		Elle est passible de l'imp
150-0 D	35	267		Elle a son siège social da
150-0 D	36	202		Elle exerce une activité c
150-0 D	37	552		Lorsque la société émettri
150-0 D	38	149		Les conditions prévues aux
150-0 D	39	50		C.-L'abattement mentionné 
150-0 D	40	420		1° Aux gains nets de cessi
150-0 D	41	294		2° Aux distributions menti
150-0 D	42	107		3° Aux gains mentionnés au
150-0 D	43	195		1 quinquies. Pour l'applic
150-0 D	44	213		1° En cas de cession d'act
150-0 D	45	268		2° En cas de vente ultérie
150-0 D	46	218		3° En cas de cession d'act
150-0 D	47	115		bénéficier, pour ces actio
150-0 D	48	372		4° En cas de cession à tit
150-0 D	49	83		5° En cas de cession d'act
150-0 D	50	198		Lorsque les actions, parts
150-0 D	51	258		Lorsque les actions, parts
150-0 D	52	116		6° En cas de cession d'act
150-0 D	53	60		Lorsque le cédant est le c
150-0 D	54	277		lorsque les actions, parts
150-0 D	55	264		lorsque les actions, parts
150-0 D	56	426		Lorsque le cédant n'est pa
150-0 D	57	108		7° En cas de cession d'act
150-0 D	58	173		L. 225-197-5, L. 22-10-59 
150-0 D	59	683		8° En cas de cession ou de
150-0 D	60	278		9° En cas de vente ultérie
150-0 D	61	205		En cas de cessions antérie
150-0 D	62	211		d'acquisition prévue au pr
150-0 D	63	382		Pour les distributions men
150-0 D	64	345		Pour l'application du dern
150-0 D	65	264		à partir de la date de sou
150-0 D	66	197		à partir de la date de res
150-0 D	70	16		2 bis. (Abrogé).
150-0 D	76	216		Pour l'ensemble des titres
150-0 D	77	158		Pour l'ensemble des valeur
150-0 D	78	468		Ces dispositions ne sont p
150-0 D	79	25	a clôture d'un	plan d'épargne en actions
150-0 D	79	20	leur à la date	où le cédant a cessé
150-0 D	79	112	ant a cessé de	bénéficier, pour ces titre
150-0 D	80	223		d'acquisition des titres m
150-0 D	81	107		5 bis. En cas de cession d
150-0 D	82	42		221-34-2 du code monétaire
150-0 D	82	107	ait dudit plan	, le prix d'acquisition es
150-0 D	83	25	ouverture d'un	plan d'épargne en actions
150-0 D	83	43	dative du plan	ou la valeur de rachat pou
150-0 D	84	35		capitalisation à la date d
150-0 D	84	39	its ou rachats	n'ayant pas entraîné la cl
150-0 D	85	193		Le prix d'acquisition des 
150-0 D	86	65	at des actions	augmenté de l'avantage déf
150-0 D	89	170	ticle 150-0 B,	au quatrième alinéa de l'a
150-0 D	89	166	itres échangés	, diminué du montant de la
150-0 D	90	538		9 bis. En cas de cession à
150-0 D	91	114		à concurrence du montant d
150-0 D	92	342		9 ter. En cas de vente ult
150-0 D	93	200		1° Lorsque l'apport a port
150-0 D	94	113		2° Lorsque l'apport a port
150-0 D	95	111		De la valeur réelle nette 
150-0 D	96	172		Et du rapport existant, à 
150-0 D	97	291		Pour l'application des 1° 
150-0 D	101	167	r montant brut	avant application, le cas 
150-0 D	102	65	 inclusivement	, puis des abattements men
150-0 D	103	32	nées suivantes	jusqu'à la dixième inclusi
150-0 D	104	462	 de la société	, en exécution d'un plan d
150-0 D	105	832		Par exception aux disposit
150-0 D	106	1	appliquent pas	:
150-0 D	107	3		Aux
150-0 D	107	10	tes constatées	afférentes
150-0 D	107	3	 mobilières ou	des
150-0 D	107	94	étenus dans un	plan d'épargne d'entrepris
150-0 D	107	9	tions défini à	l'article
150-0 D	107	106	63 quinquies D	ou dans un plan d'épargne 
150-0 D	108	216		Aux pertes constatées par 
150-0 D	109	257		L. 654-2 ou L. 654-6 du co
150-0 D	110	60	titre gratuit,	de la valeur retenue pour 
150-0 D	113	1	és, du montant	:
150-0 D	114	3		Des
150-0 D	115	94		Des sommes ayant ouvert dr
150-0 D	116	6		abrogé
150-0 F	1	317		Sous réserve des dispositi
150 A bis	4	461		passibles de l'impôt sur l
150 A bis	5	72	 les sociétés.	Cette exception n'est pas 
150 A bis	6	87	montant de	la soulte reçue par le con
150 U	1	12	s qui relèvent	des articles
150 U	1	7	des articles 8	à 8 ter
150 U	2	190		Ces dispositions s'appliqu
150 U	3	119		– Les dispositions du I ne
150 U	4	76		1° Qui constituent la rési
150 U	5	369		1° bis Au titre de la prem
150 U	6	327		L'exonération est applicab
150 U	7	117		En cas de manquement à l'u
150 U	8	608		1° ter Qui ont constitué l
150 U	9	205		2° Au titre de la cession 
150 U	10	332		à l'accord sur l'Espace éc
150 U	11	188		L'exonération mentionnée a
150 U	12	128		Au plus tard le 31 décembr
150 U	13	147		Sans condition de délai, l
150 U	14	184		3° Qui constituent les dép
150 U	15	311		4° Pour lesquels une décla
150 U	16	351		l'environnement, à conditi
150 U	17	519		5° Qui sont échangés dans 
150 U	18	185		6° Dont le prix de cession
150 U	19	110		En cas de cession d'un bie
150 U	20	162		En cas de cession d'un bie
150 U	21	45		7° Qui sont cédés jusqu'au
150 U	22	511		A un organisme d'habitatio
150 U	23	26		A tout autre cessionnaire.
150 U	24	313		Pour l'application du prés
150 U	25	215		constructions existantes s
150 U	26	1078		de ces dernières dans des 
150 U	27	103		de logements, à du logemen
150 U	28	451		l'habitation. Lorsque les 
150 U	29	318		L'exonération est calculée
150 U	30	2		%.
150 U	31	188		En cas de manquement aux e
150 U	32	407		En cas de fusion de sociét
150 U	33	639		En cas d'acquisitions succ
150 U	34	307		Le présent 7° ne s'appliqu
150 U	35	346		8° Qui sont cédés jusqu'au
150 U	36	236		L'exonération est calculée
150 U	37	210		Le bénéfice de l'exonérati
150 U	38	270		En cas de manquement à la 
150 U	39	340		En cas de manquement aux e
150 U	40	243		Le présent 8° ne s'appliqu
150 U	41	214		9° Au titre de la cession 
150 U	42	209		de quatre ans à compter de
150 U	43	628		Cette amende n'est pas due
150 U	44	213		l'engagement d'achèvement 
150 U	45	520		– Les dispositions du I ne
150 UA	1	1		–
150 UA	1	32	s dispositions	de l'article 150 VI et de 
150 UA	3	45		– Les dispositions du I ne
150 UA	4	274		1° Aux meubles meublants, 
150 UA	5	147		2° Aux meubles, autres que
150 UA	6	57		3° Aux biens et droits men
150 UB	1	12	s qui relèvent	des articles
150 UB	1	7	des articles 8	à 8 ter
150 UB	3	215		Si la société dont les dro
150 UB	4	49	 les sociétés.	Cette exception n'est pas 
150 UB	4	189	es avec soulte	lorsque le montant de la s
150 UC	1	1		–
150 UC	1	20	positions du I	et des 4° à 9° du II
150 UC	1	1	U s'appliquent	:
150 UC	2	207		Aux plus-values réalisées 
150 UC	3	3		Aux
150 UC	3	160	article 150 UB	ou par un fonds de placeme
150 UC	4	58		– Les dispositions du I de
150 UC	5	177		Aux gains nets retirés de 
150 UC	6	238		a bis) Aux gains nets reti
150 UC	7	201		Aux gains nets réalisés pa
150 UC	8	160		parts d'un fonds de placem
150 UD	1	20	positions du I	et des 4° à 9° du II
150 VA	3	114	l'article 683.	Les indemnités d'assurance
150 VB	1	1		–
150 VB	1	65	ition s'entend	de la valeur retenue pour 
150 VB	1	218	 titre gratuit	. A défaut, selon le cas, 
150 VB	1	80	entrée dans le	patrimoine du cédant d'apr
150 VB	9	20	 titre gratuit	définis par décret ;
150 VB	10	303		3° Des frais afférents à l
150 VB	11	1		4
150 VB	12	153	ses locatives.	Lorsque le contribuable, q
150 VB	13	236		une majoration égale à 15 
150 VB	14	1		5
150 VB	15	360		– Le prix d'acquisition es
150 VB	16	112		Le premier alinéa du prése
150 VB	17	341		1° Une résidence mentionné
150 VB	18	434		2° Un établissement mentio
150 VB	19	106		L. 312-1 du même code ou l
150 VB	20	132		ou handicapées, prévu aux 
150 VB	21	109		3° Un établissement délivr
150 VB	22	214		L. 6143-5 du code de la sa
150 VC	1	140		- La plus-value brute réal
150 VC	2	60		6 % pour chaque année de d
150 VC	3	53		4 % au titre de la vingt-d
150 VC	4	172		La plus-value brute réalis
150 VC	5	117		Pour l'application des aba
150 VC	6	342		1° En cas de cession de bi
150 VC	7	482		2° En cas de cession de bi
150 VC	8	453		3° En cas de cession de bi
150 VC	9	11		- (Abrogé).
150 VD	1	1		–
150 VD	2	306		– En cas de vente d'un imm
150 VD	3	168		premiers alinéas du I de l
150 VF	3	12	ent qui relève	des articles
150 VF	3	7	des articles 8	à 8 ter
150 VF	5	305		II bis. – En cas de cessio
150 VF	6	108		directement ou indirecteme
150 VF	7	346		value est dû au prorata de
150 VF	8	314		– L'impôt sur le revenu co
150 VF	9	199		Cet abattement est égaleme
150 VG	10	12	ix de cession.	L'absence de
150 VG	11	206		déclaration à l'appui de l
150 VG	15	586		– Lorsque la plus-value es
150 VG	16	381		Lorsque la plus-value est 
150 VG	17	439		Lorsque la déclaration n'e
150 VG	18	113		collectivité mentionnée au
150 VH bis	3	211		B. – Les personnes réalisa
150 VH bis	18	101		VII quater : Taxe sur les 
150 VM	1	198		– Une déclaration, conform
150 VM	2	216		1° Pour les cessions réali
150 VM	3	329		France, par cet intermédia
150 VM	4	140		Toutefois, lorsqu'il est a
150 VM	5	270		Sur l'annexe à la déclarat
150 VM	6	288		Sur la déclaration annuell
150 VM	7	329		Sur l'annexe à la déclarat
150 VM	8	230		2° Pour les exportations o
150 VM	9	152		3° Pour les autres cession
150 VM	10	56		– La taxe est acquittée lo
150 VM	11	38		– Le recouvrement de la ta
150 VM	12	288		1° Pour les cessions réali
150 VM	13	166		2° Pour les exportations e
150 VM	14	187		3° Pour les autres cession
150 VM	15	286		– Les réclamations sont pr
150 VM	16	97		1re Sous-section : Détermi
150 VM	18	54		01 : Versement libératoire
151-0	1	232		I.-Les contribuables peuve
151-0	2	69		1° Ils sont soumis aux rég
151-0	3	422		2° Le montant des revenus 
151-0	4	87		3° Ils sont soumis au régi
151-0	5	155		II.-Les versements sont li
151-0	6	136		1° 1 % pour les contribuab
151-0	7	138		2° 1,7 % pour les contribu
151-0	8	137		3° 2,2 % pour les contribu
151-0	9	435		III.-Les versements libère
151-0	10	204		Les contribuables qui s'ac
151-0	11	447		IV.-L'option prévue au pre
151-0	12	59		Elle cesse toutefois de s'
151-0	13	406		1° Au titre de l'année civ
151-0	14	205		2° Au titre de la deuxième
151-0	15	12		3° (Abrogé).
151-0	16	224		V.-Les versements mentionn
151-0	17	189		L. 613-7 du code de la séc
151-0	18	203		Les contribuables ayant op
151-0	21	53		1 : Détermination des reve
151 ter	1	212		La rémunération perçue au 
151 ter	2	221		une offre de soins insuffi
151 ter	3	97		1re Sous-section : Détermi
151 ter	4	66		VIII : Dispositions commun
151 quater	2	205	n à cette date	; la durée de possession p
151 quater	6	164		Les sommes et prestations 
151 sexies	2	497	 cette période	. Cette partie est exonéré
151 sexies	3	1		–
151 septies B	1	401		– Les plus-values à long t
151 septies B	2	105		1° Des biens immobiliers b
151 septies B	3	286		2° Des droits ou parts de 
151 septies B	4	44		– Pour l'application des d
151 septies B	5	187		1° Les droits afférents à 
151 septies B	6	125		2° Les biens mentionnés au
151 septies B	7	107		– Les dispositions du prés
151 octies	1	63	es plus-values	soumises au régime des art
151 octies	8	284		Par dérogation au b, l'app
151 octies	12	143	ndividuelle ou	d'une branche complète d'a
151 octies	12	44	 dans le cadre	d'un contrat d'une durée d
151 octies	13	749		Lorsque les immeubles ment
151 octies	21	194		Les dispositions du II de 
151 octies	22	39		(Abrogé à compter du 1er j
151 octies A	1	3	de l'article 8	ter
151 octies A	9	198	ent l'échange.	Le montant imposable peut 
151 octies A	10	2	as applicables	si
151 octies A	10	203	s si la soulte	dépasse 10 % de la valeur 
151 octies A	15	85		V.-L'article 151 septies n
151 octies B	1	60	es plus-values	soumises au régime des art
151 octies B	1	40	ient l'apport.	Le montant imposable peut 
151 octies B	2	166		régime des plus-values à l
151 octies B	3	163		Ces dispositions ne sont p
151 octies B	4	63		– L'application du I est s
151 octies B	5	179		1° L'apporteur est une per
151 octies B	6	198		2° L'apport porte sur l'in
151 octies B	7	557		Pour l'application du prem
151 octies B	8	210		3° La société bénéficiaire
151 octies B	9	116		4° Les droits et parts reç
151 octies B	11	158		1° L'apporteur cesse d'exe
151 octies B	12	6		2° Les
151 octies B	12	1	tés ou annulés	;
151 octies B	13	126		3° Les droits ou parts reç
151 octies B	18	220		L'option pour le bénéfice 
151 octies C	2	22	rsonnes défini	aux articles 8 à 8 ter
151 decies	1	496		Les sommes attribuées au t
154	1	179	fice imposable	, à la condition que ce sa
154	2	23	été mentionnée	aux articles 8 et 8 ter
154	5	97		1re Sous-section : Détermi
154	6	66		VIII : Dispositions commun
154 bis	1	1		–
154 bis	1	13	es cotisations	à des régimes
154 bis	1	285	s obligatoires	, de base ou complémentair
154 bis	2	273	nt de même des	primes versées au titre de
154 bis	3	677		personnes mentionnées au 1
154 bis	4	141		Sauf application de l'opti
154 bis	4	180	des versements	mentionnés au 1° de l'arti
154 bis	4	317	un sous-compte	français du produit paneur
154 bis	5	300		– Les cotisations versées 
154 bis	6	463		1° Pour l'assurance vieill
154 bis	7	305		10 % de la fraction du bén
154 bis	8	99		Ou 10 % du montant annuel 
154 bis	9	180		Cette limite est réduite, 
154 bis	10	423		2° Pour la prévoyance et p
154 bis	11	230		% du montant annuel du pla
154 bis	12	214		3° Pour la perte d'emploi 
154 bis	13	235		L. 224-28 du code monétair
154 bis	14	157		1,875 % du bénéfice imposa
154 bis	15	100		Ou 2,5 % du montant annuel
154 bis	16	306		Les revenus exonérés en ap
154 bis	17	11		– (Périmé).
154 bis-0 A	1	391		– Les cotisations versées 
154 bis-0 A	2	321		Sauf application de l'opti
154 bis-0 A	3	356		du même code ou dans un so
154 bis-0 A	4	169		Les cotisations mentionnée
154 bis-0 A	5	197		10 % de la fraction du rev
154 bis-0 A	6	108		supplémentaires sur la fra
154 bis-0 A	7	203		Les revenus exonérés en ap
154 bis-0 A	8	167		l'appréciation du montant 
154 bis-0 A	9	99		Ou 10 % du montant annuel 
154 bis-0 A	10	179		Cette limite est réduite, 
154 bis-0 A	11	11		– (Abrogé).
154 bis-0 A	12	313		– Si le chef d'exploitatio
154 bis-0 A	13	114		professionnel imposable da
154 bis-0 A	14	10		– (Périmé)
154 bis A	1	106	ations servies	par les régimes ou au titr
154 bis A	2	290		Les indemnités journalière
154 bis A	3	97		1re Sous-section : Détermi
154 bis A	4	66		VIII : Dispositions commun
154 bis A	5	73		4 quater : Déductibilité p
154 quinquies	1	1110		– Pour la détermination de
154 quinquies	2	373		– La contribution afférent
154 quinquies	3	252		La contribution est déduct
154 quinquies	4	178		Les gains mentionnés à l'a
154 quinquies	5	321		Les avantages salariaux me
155	6	109		Sous réserve du VII de l'a
155	6	42	es articles 39	duodecies à 39 novodecies 
155	20	171		– 1. Sous réserve du 2, l'
155	21	197		2. L'activité de location 
155	22	11		1° (Abrogé)
155	23	115		2° Les recettes annuelles 
155	24	375		3° Ces recettes excèdent l
155	25	309		Par dérogation au 3° du pr
155	26	418		La location du local d'hab
155	27	97		1re Sous-section : Détermi
155	28	66		VIII : Dispositions commun
155	29	72		6 : Sommes perçues par une
156	1	219	dispose chaque	foyer fiscal. Ce revenu ne
156	2	145		pensions et rentes viagère
156	3	21		– Du déficit constaté
156	3	228	rie de revenus	; si le revenu global n'es
156	4	45		Toutefois, n'est pas autor
156	5	72		1° des déficits provenant 
156	5	109	al des revenus	nets d'autres sources excè
156	5	54	de même nature	des années suivantes jusqu
156	6	20		Le montant mentionné
156	6	148	t mentionné au	premier alinéa est révisé 
156	7	746		1° bis des déficits proven
156	8	185		Ces modalités d'imputation
156	9	120		Toutefois, lorsque l'un de
156	9	422	e par le titre	IV du livre VI du code de 
156	10	312		Les dispositions du premie
156	11	216		d'activités créées, repris
156	12	185		qui donne lieu à la produc
156	13	608		Les dispositions du premie
156	14	127		Les dispositions du premie
156	15	372		d'immeubles ayant fait l'o
156	16	211		de biens meubles corporels
156	17	478		1° ter Des déficits du foy
156	18	588		Toutefois, lorsque l'activ
156	19	377		2° Des déficits provenant 
156	20	214		3° Des déficits fonciers, 
156	21	252		monuments historiques ou a
156	22	372		L'imputation exclusive sur
156	23	228		La limite mentionnée au de
156	24	535		La limite mentionnée au de
156	25	203		pas du nouveau classement 
156	26	163		disposition contraire et s
156	27	682		Lorsque le propriétaire ce
156	28	221		Un contribuable ne peut po
156	29	71		4° (Abrogé à compter de l'
156	30	11		6° (Abrogé)
156	31	11		7° (Abrogé)
156	32	182		8° Des déficits constatés 
156	33	17		I bis. – (Abrogé)
156	34	118		– Des charges ci-après lor
156	35	215		1° Intérêts des emprunts c
156	36	204		qui seront contractés, au 
156	37	20		1° bis (sans objet).
156	38	463		1° ter. Dans les condition
156	39	23		1° quater (sans objet).
156	40	1393		2° Arrérages de rentes pay
156	41	234		fassent l'objet d'une impo
156	42	155		Le contribuable ne peut op
156	43	237		La déduction est limitée, 
156	44	201		Un contribuable ne peut, a
156	45	120		contribuable ne peut à la 
156	46	17		2° bis (Abrogé) ;
156	47	625		2° ter. Avantages en natur
156	48	188		Le montant de la déduction
156	49	34		2° quater (Abrogé) ; 3° (A
156	50	125		4° Versements effectués à 
156	51	123		5° Versements effectués en
156	52	13		6° (Abrogé) ;
156	53	23		7° a et b (sans objet).
156	54	13		c. (Abrogé) ;
156	55	16		d. (sans objet).
156	56	13		8° (Abrogé) ;
156	57	6		9°....
156	58	28		9° bis et 9° ter (Abrogés)
156	59	98		10° Les cotisations mentio
156	60	327		11° Les primes ou cotisati
156	61	17		12° (sans objet).
156	62	240		13° Les cotisations versée
157	1	1	enu net global	:
157	2	38		1° et 2° (Abrogés) ; 2° bi
157	3	13		3° (Abrogé) ;
157	4	44		3° bis (Disposition transf
157	5	144		3° ter Les avantages en na
157	6	67		Leur nature est en relatio
157	7	82		Leur montant sur la durée 
157	8	133		4° Les pensions, prestatio
157	9	61		5° bis Sous réserve des di
157	9	25	 le cadre d'un	plan d'épargne en actions
157	9	107	63 quinquies D	; toutefois, les produits 
157	10	211		pas admises aux négociatio
157	11	645		424-9 du même code à l'exc
157	12	663		ou sont remboursables en a
157	13	158		5° ter La rente viagère, l
157	14	13		6° (Abrogé) ;
157	15	180		7° Les intérêts des sommes
157	16	30		7° bis (Disposition périmé
157	17	186		7° ter La rémunération des
157	18	185		7° quater Les intérêts des
157	19	65		8° (disposition devenue sa
157	20	29		8° ter (disposition périmé
157	21	37		9° (Disposition devenue sa
157	22	271		9° bis Les intérêts des so
157	23	285		Pour les plans d'épargne-l
157	24	17		9° ter (Périmé) ;
157	25	210		9° quater Le produit des d
157	26	22		9° quinquies (Abrogé).
157	27	18		9° sexies (abrogé)
157	28	35		10° à 13° (Dispositions pé
157	29	36		14° et 15° (Dispositions p
157	30	14		16° (Abrogé) ;
157	31	116		16° bis Les sommes et reve
157	32	91		18° (Dispositions codifiée
157	33	17		19° bis (Abrogé).
157	34	206		20° Les intérêts des titre
157	35	46		21° Les avantages visés à 
157	36	219		22° Le versement de la pri
157	37	266		Il en est de même lorsque 
157	38	113		expiration des droits aux 
157	39	162		cessation d'activité non s
157	40	141		invalidité correspondant a
157	41	218		Il en est de même des prod
157	42	182		soit par les titulaires de
157	43	182		soit par les titulaires au
157	44	330		Le produit attaché à chaqu
157	45	421		Le retrait partiel ou tota
157	46	147		Le retrait partiel de fond
157	47	153		Lorsque le retrait entraîn
157	48	143		Un décret en Conseil d'Eta
157	49	14		23° (Abrogé) ;
157	50	162		24° Les produits et les pl
158	1	102	l sont évalués	d'après les règles fixées 
158	3	97		Le revenu net foncier est 
158	4	567		3.1° Les revenus de capita
158	5	224		Lorsqu'ils sont payables e
158	6	648		2° Les revenus mentionnés 
158	7	47		3° Les dispositions du 2° 
158	8	160		Aux produits des actions d
158	9	194		Aux produits des actions d
158	10	248		b bis) Aux bénéfices exoné
158	11	214		Aux revenus distribués qui
158	12	540		bénéficiaire de revenus me
158	13	57		Aux revenus distribués men
158	14	57		Aux bénéfices ou revenus m
158	15	8		Abrogé ;
158	16	278		4° Les dispositions du 2° 
158	17	319		Les organismes de placemen
158	18	359		Les organismes comparables
158	19	402		Les sociétés mentionnées a
158	20	413		Les fonds de placement imm
158	21	254		Pour la détermination de c
158	22	186		L'application de ces dispo
158	23	12		5° (Abrogé.)
158	24	635		Les bénéfices des professi
158	25	438		terme sont extournés des r
158	26	232		238. Toutefois, ces résult
158	27	436		Dans le cas des entreprise
158	28	15		4 bis. (Abrogé)
158	29	40		4 ter. (disposition devenu
158	30	235		a. Les revenus provenant d
158	31	346		Les pensions et retraites 
158	32	415		L'abattement indiqué au de
158	33	104		Les dispositions du a sont
158	34	279		L. 5122-1, L. 5122-2, L. 5
158	35	284		Sous réserve de l'exonérat
158	36	441		b bis) Les dispositions du
158	37	119		b ter. (abrogé à compter d
158	38	261		b quinquies) Par exception
158	39	324		1° Sont imposées sans appl
158	40	357		2° Sont imposées selon les
158	41	94		Le prélèvement prévu aux I
158	42	342		Lorsque, étant en instance
158	43	36		(Abrogé à compter du 30 ju
158	44	200		Pour l'établissement de l'
158	45	142		correspondant à la période
158	46	177		Pour l'application de cett
158	47	597		Les dispositions des deux 
158	48	306		Les rentes viagères consti
158	49	48		70 % si l'intéressé est âg
158	50	41		50 % s'il est âgé de 50 à 
158	51	41		40 % s'il est âgé de 60 à 
158	52	36		30 % s'il est âgé de plus 
158	53	413		Ces dispositions ne sont p
158	54	108		l'option prévue au deuxièm
158	55	100		L. 224-2 précité ou à ceux
158	56	128		6 bis. Lorsqu'ils sont pri
158	57	200		1° Les gains nets mentionn
158	58	128		2° Les profits réalisés su
158	59	144		3° Les distributions menti
158	60	13		4° (Abrogé) ;
158	61	310		5° Les plus-values latente
158	62	114		6° Les gains nets mentionn
158	63	254		6 ter. – Lorsqu'elles sont
158	64	204		Le montant des revenus et 
158	65	12		1° ( Abrogé)
158	66	247		2° Aux revenus distribués 
158	67	144		3° Aux sommes mentionnées 
158	68	12		4° (Abrogé).
162	2	20	bilité limitée	mentionnées au 5° de
162	2	57	ciétés civiles	mentionnées au 1° de l'art
162	3	198		(1) Ces dispositions sont 
163 quinquies D	1	1		–
163 quinquies D	1	25	– Le	plan d'épargne en actions
163 quinquies D	1	20	t aux articles	L. 221-30, L. 221-31
163 quinquies D	2	9		L. 221-32
163 quinquies D	3	238		et le plan d'épargne en ac
163 quinquies D	4	8		disjoint
163 quinquies D	5	8		disjoint
163 quinquies D	6	6		abrogé
163 quinquies D	7	99		h : Souscriptions en numér
163 quinvicies	1	224		Les dispositions du deuxiè
163 quinvicies	2	234		part correspondant à des v
163 quinvicies	3	213		Les a bis, a ter et b bis 
163 quinvicies	4	337		paneuropéen d'épargne-retr
163 quinvicies	5	619		Les a bis, a ter et b bis 
164 A	1	128	cal en France.	Toutefois, aucune des char
164 B	6	2	es à l'article	35
164 B	7	81	0 UB et 150 UC	, au 6 ter de l'article 39
164 B	9	326	2° A des	parts de fonds de placemen
164 B	10	8		3° A des
164 B	10	22	s qui relèvent	des articles 8 à 8 ter
164 B	11	1	 de la cession	:
164 B	12	12		1° D'actions
164 B	12	75	° D'actions de	sociétés d'investissements
164 B	12	4	ctif est, à la	date
164 B	12	1	au 1° du e bis	;
164 B	13	270		2° D'actions de sociétés d
164 B	14	419		3° De parts, d'actions ou 
164 B	15	475		4° De parts ou d'actions d
167	3	13		1 bis. Abrogé
167	4	6		Abrogé
170	1	160	 sur le revenu	, dont notamment ceux qui 
170	2	214		Lorsque le contribuable n'
170	3	357	t d'imposition	en application de l'articl
170	4	98		1 bis. Les époux doivent c
170	6	376		Lorsque la déclaration du 
170	7	207	us catégoriels	, celui des déductions pra
170	8	142		L'avis d'imposition mentio
171	1	105		Sont assujetties à la décl
171	2	281		1° Les personnes qui possè
171	3	53		2° Les personnes qui emplo
171	4	142		3° Les personnes qui ont à
171	5	242		4° Les personnes dont la r
172	2	12		2° (Abrogé).
172	3	111		3° Les déclarations mentio
174	1	67		Pour qu'il puisse être ten
174	1	30	un des enfants	et des personnes à leur ch
182 A	1	185		A l'exception des salaires
182 A	3	132	e est calculée	, selon un tarif correspon
182 A	3	1	2 € le taux de	:
182 A	4	79		12 % pour la fraction supé
182 A	5	44		20 % pour la fraction supé
182 A	6	142		Les taux de 12 % et 20 % m
182 A	7	228		Lorsque les sommes soumise
182 A	8	301		- Chacune des limites des 
182 A	9	113		La retenue s'impute sur le
182 A bis	2	155		– La base de cette retenue
182 A bis	3	2	nue est fixé à	15
182 A bis	4	280		– La retenue s'impute sur 
182 A bis	5	225		– Les dispositions du prem
182 A bis	6	570		– Le taux de la retenue es
182 B	1	333		– 1. Les avantages définis
182 B	2	277		L'avantage correspondant à
182 B	3	418		2. La retenue à la source 
182 B	4	150		L. 22-10-57, L. 22-10-59 e
182 B	5	116		– 1. Pour l'avantage défin
182 B	6	321		2. Dans les situations aut
182 B	7	314		– 1. Pour l'avantage défin
182 B	8	197		2. Dans les situations aut
182 B	9	253		– La retenue à la source e
182 B	10	618		– Par dérogation au III, l
182 B	6	730	oduits versés.	Lorsque le bénéficiaire de
182 B	8	2	l est ramené à	15
182 B	9	110		La retenue s'impute sur le
182 B	10	109		Lorsqu’elle excède ce mont
182 B	11	604		– Le taux de la retenue es
187	1	109		Sous réserve des dispositi
187	2	87		1° Pour les bénéficiaires 
187	3	342		17 % pour les intérêts des
187	4	321		Celui prévu au 2° de l'art
187	5	142		la fraude et l'évasion fis
187	6	136		Celui prévu au deuxième al
187	7	546		Le taux de la retenue à la
187	9	24		II : Impôt sur le revenu
197	1	1		–
197	1	62	l'article 4 B,	il est fait application de
197	1	15	cul de l'impôt	sur le revenu :
197	2	7		L'impôt
197	2	58	 en appliquant	à la fraction de chaque pa
197	2	1	0 € le taux de	:
197	3	79		11 % pour la fraction supé
197	4	79		30 % pour la fraction supé
197	5	80		41 % pour la fraction supé
197	6	45		45 % pour la fraction supé
197	7	369		La réduction d'impôt résul
197	8	214		Toutefois, pour les contri
197	9	365		à la part accordée au titr
197	10	243		Par dérogation aux disposi
197	11	219		Les contribuables qui béné
197	12	337		la réduction de leur cotis
197	13	319		Les contribuables veufs ay
197	14	137		alinéa du présent 2. Cette
197	15	380		Le montant de l'impôt résu
197	16	346		a. Le montant de l'impôt r
197	17	11		b. (Abrogé)
197	18	283		Les réductions d'impôt men
197	19	10		– (Abrogé)
199	1	488		Sous réserve des traités d
199 ter	7	15		I bis (Abrogé).
199 ter	13	13		III (Abrogé).
199	1	204		Les porteurs de parts d'un
199	2	168		Pour chaque année, le géra
199	3	438		Le droit à imputation par 
199	4	150		Le montant à imputer est a
199	5	148		Un décret adapte les dispo
199 quater A	2	157		3° : Crédit d'impôt accord
200 septdecies	1	305		Les cotisations versées au
200 septdecies	1	14	crédit d'impôt	sur le revenu.
200 septdecies	2	234		Le crédit d'impôt est égal
200 septdecies	3	131		Le crédit d'impôt ne s'app
200 septdecies	4	52		L'excédent éventuel de cré
200 septdecies	5	40		Le versement des cotisatio
200 septdecies	5	250	it au bénéfice	du crédit d'impôt, sous ré
200 septdecies	6	125		6° : Réduction d'impôt acc
199 terdecies-0 A	1	34		I.-A.-Les contribuables do
199 terdecies-0 A	1	111	ment en France	peuvent bénéficier d'une r
199 terdecies-0 A	2	35		1° Des souscriptions en nu
199 terdecies-0 A	3	32		Au capital initial de soci
199 terdecies-0 A	4	87		Aux augmentations de capit
199 terdecies-0 A	5	371		Aux augmentations de capit
199 terdecies-0 A	6	182		-le contribuable a bénéfic
199 terdecies-0 A	7	123		-de possibles investisseme
199 terdecies-0 A	8	343		-la société bénéficiaire d
199 terdecies-0 A	9	215		2° Des souscriptions de ti
199 terdecies-0 A	10	149		coopératives de production
199 terdecies-0 A	11	348		Les souscriptions mentionn
199 terdecies-0 A	12	394		B.-L'avantage fiscal prévu
199 terdecies-0 A	13	5		C.-Le
199 terdecies-0 A	22	133	bénéfice	de l'avantage fiscal prévu
199 terdecies-0 A	23	139		1° Elle est une petite ou 
199 terdecies-0 A	24	105		2° Elle n'est pas qualifia
199 terdecies-0 A	25	294		3° Elle exerce une activit
199 terdecies-0 A	25	234	ni à l'article	L. 314-18 du code de l'éne
199 terdecies-0 A	26	149		Pour l'application du prem
199 terdecies-0 A	27	95		4° Elle remplit au moins l
199 terdecies-0 A	28	45		Elle n'exerce son activité
199 terdecies-0 A	29	326		Elle exerce son activité s
199 terdecies-0 A	30	221		Elle a besoin d'un investi
199 terdecies-0 A	31	291		5° Ses actifs ne sont pas 
199 terdecies-0 A	32	286		6° Elle a son siège de dir
199 terdecies-0 A	33	313		7° Ses titres ne sont pas 
199 terdecies-0 A	34	156		négociation sont émis par 
199 terdecies-0 A	35	171		8° Elle est soumise à l'im
199 terdecies-0 A	36	241		9° Elle compte au moins de
199 terdecies-0 A	37	354		10° Le montant total des v
199 terdecies-0 A	38	161		D.-L'avantage fiscal prévu
199 terdecies-0 A	39	117		1° La société remplit l'en
199 terdecies-0 A	40	140		2° La société a pour objet
199 terdecies-0 A	41	80		3° La société a exclusivem
199 terdecies-0 A	42	239		4° La société n'est pas as
199 terdecies-0 A	43	671		5° La société communique à
199 terdecies-0 A	44	198		Le montant des versements 
199 terdecies-0 A	45	368		Au numérateur, le montant 
199 terdecies-0 A	46	207		Et au dénominateur, le mon
199 terdecies-0 A	47	235		La réduction d'impôt sur l
199 terdecies-0 A	48	584		Un décret fixe les conditi
199 terdecies-0 A	49	223		La société adresse à l'adm
199 terdecies-0 A	50	217		et du budget, un état réca
199 terdecies-0 A	51	291		II.-Les versements ouvrant
199 terdecies-0 A	52	204		La fraction d'une année ex
199 terdecies-0 A	53	614		La réduction de l'impôt dû
199 terdecies-0 A	54	174		III.-Le bénéfice de la réd
199 terdecies-0 A	55	30		IV.-Le 5 du I de l'article
199 terdecies-0 A	55	14	u présent code	est applicable
199 terdecies-0 A	56	272		A.-Le bénéfice de l'avanta
199 terdecies-0 A	57	223		La condition relative à la
199 terdecies-0 A	58	277		En cas de remboursement de
199 terdecies-0 A	59	749		B.-En cas de non-respect d
199 terdecies-0 A	60	326		En cas de non-respect de l
199 terdecies-0 A	61	325		code monétaire et financie
199 terdecies-0 A	62	320		dans un délai de douze moi
199 terdecies-0 A	63	315		En cas de non-respect de l
199 terdecies-0 A	64	423		l'échange sont des titres 
199 terdecies-0 A	65	259		et, le cas échéant, souscr
199 terdecies-0 A	66	823		En cas de non-respect de l
199 terdecies-0 A	67	431		Le A du présent IV ne s'ap
199 terdecies-0 A	68	218		en contrepartie de la sous
199 terdecies-0 A	69	134		le terme mentionné au dern
199 terdecies-0 A	70	308		Les conditions mentionnées
199 terdecies-0 A	71	316		C.-L'avantage fiscal prévu
199 terdecies-0 A	72	31		V.-Un décret fixe les moda
199 terdecies-0 A	72	43	s déclaratives	incombant aux contribuable
199 terdecies-0 A	73	209		VI.-A.-Les contribuables d
199 terdecies-0 A	74	426		fonds d'investissement de 
199 terdecies-0 A	75	399		responsabilité limitée et 
199 terdecies-0 A	76	99		L'avantage prévu au présen
199 terdecies-0 A	77	158		1° Les personnes physiques
199 terdecies-0 A	78	320		2° Le porteur de parts, so
199 terdecies-0 A	79	192		les bénéfices des sociétés
199 terdecies-0 A	80	405		3° Le fonds doit respecter
199 terdecies-0 A	81	470		B.-Les versements ouvrant 
199 terdecies-0 A	82	234		C.-Un décret fixe les cond
199 terdecies-0 A	83	185		D.-L'avantage fiscal obten
199 terdecies-0 A	84	424		Le premier alinéa du prése
199 terdecies-0 A	85	245		E.-Sont exclues du bénéfic
199 terdecies-0 A	86	11		- (Abrogé).
199 terdecies-0 A	87	16		VIII.- (Abrogé).
199 terdecies-0 A	88	659		IX.-Les réductions d'impôt
199 terdecies-0 A	89	176		ayant ouvert droit aux réd
199 terdecies-0 A	90	169		Les réductions d'impôts me
199 terdecies-0 A	91	255		Les souscriptions réalisée
199 terdecies-0 A	92	436		Les souscriptions réalisée
199 terdecies-0 A	93	176		et au contrôle de ses fili
199 terdecies-0 A	94	171		X.-Un décret fixe les moda
199 terdecies-0 A	95	784		Le montant des frais et co
199 terdecies-0 A	96	460		Par dérogation au deuxième
199 terdecies-0 A	97	212		Sans préjudice des sanctio
200-0 A	1	281		Le total des avantages fis
200-0 A	2	349		Le total des avantages men
200-0 A	3	135		Les avantages fiscaux rete
200-0 A	4	144		L'avantage en impôt procur
200-0 A	5	317		Les réductions, y compris,
200-0 A	6	401		octodecies, 199 tervicies,
200-0 A	7	408		La réduction d'impôt acqui
200-0 A	8	316		undecies B est retenue pou
200-0 A	9	62		Un décret fixe les modalit
200 A	3	67	on des revenus	expressément exonérés de l
200 A	4	311		B, 157 et 163 quinquies B 
200 A	5	302		détermination du bénéfice 
200 A	6	88	r montant brut	, sous réserve, le cas éch
200 A	8	196		Pour l'application des deu
200 A	9	202	 dispositions.	Toutefois, pour l'établiss
200 A	10	4	t 1 est fixé à	12,8
200 A	11	372		2° Par dérogation au 1° du
200 A	12	535		Pour le montant total desd
200 A	13	138		contrat, les primes versée
200 A	14	50		Lorsque le montant des pri
200 A	14	174	déterminé au a	du présent 2° excède le se
200 A	15	290		au numérateur, le montant 
200 A	16	241		au dénominateur, le montan
200 A	17	184		La fraction des produits m
200 A	18	252		3° Lorsque les conditions 
200 A	19	217		Par dérogation au 1, sur o
200 A	20	162		158. Cette option globale 
200 A	21	15		2 bis. (Abrogé)
200 A	22	8		2 ter. a
200 A	22	22	revenu au taux	déterminé comme suit :
200 A	23	244		1° Le taux applicable aux 
200 A	24	181		2° Le taux applicable aux 
200 A	25	531		le numérateur, constitué p
200 A	26	144		le dénominateur, constitué
200 A	27	266		Pour la détermination du t
200 A	28	427		3° Le taux applicable aux 
200 A	30	315	b.	Les plus-values mentionnée
200 A	31	223		1° Le numérateur, constitu
200 A	32	277		référence défini à ce même
200 A	33	132		2° Le dénominateur, consti
200 A	34	520		L'avantage salarial mentio
200 A	35	9		(Abrogé).
200 A	37	9		(Abrogé).
200 A	38	15		6 bis (Abrogé).
200 A	39	9		(Abrogé).
200 A	40	125		V : Imposition des plus-va
200 B	1	2	forfaitaire de	19
200 B	1	119	s qui relèvent	des articles 8 à 8 ter ou 
200 B	2	102		VI : Imposition des plus-v
200 C	1	4	forfaitaire de	12,8
200 C	2	388		Par dérogation au premier 
201	2	13	ns un délai de	quarante-cinq
201	3	13	Le délai de	quarante-cinq
201	7	9		(abrogé).
201	9	119		Pour la détermination du b
202	1	7	est calculé au	dernier
202	1	75	u dernier taux	retenu pour le calcul de l
202 ter	1	12	rsonnes défini	aux articles
202 ter	1	7	aux articles 8	à 8 ter
202 ter	3	39	 d'être soumis	à l'un des régimes définis
202 ter	3	8	aux articles 8	à 8 ter,
202 ter	4	107		ter, 239 quater A, 239 qua
202 ter	5	9		quinquies
202 ter	9	131		produire le bilan d'ouvert
202 quater	1	12	été mentionnée	aux articles
202 quater	1	8	aux articles 8	et 8 ter
202 quater	3	12	été mentionnée	aux articles
202 quater	3	8	aux articles 8	et 8 ter
202 quater	6	8		– Abrogé
203	2	62	 ou perçus par	les membres du foyer fisca
204	1	63	u contribuable	ou de l'un ou l'autre des 
204 C	8	100	ts et salaires	, et qui n'est pas un Etat
204 D	1	272	icle 204 A les	indemnités, avantages, dis
204 D	2	38		au A du IV de l'article 16
204 E	1	56	204 G, un taux	selon les modalités prévue
204 E	2	107		Le prélèvement peut être m
204 E	3	227		Le taux du prélèvement pou
204 F	1	190	tages accordés	, avant application de l'a
204 G	1	23	evenus imposés	au barème progressif de
204 G	2	37	fice ou revenu	et pour chaque membre du f
204 G	7	143	 le revenu net	, déterminé dans les condi
204 G	7	13	 au 3° du I de	l'article 156
204 G	9	222		6° Pour la détermination d
204 G	10	9	à l'article 39	duodecies
204 G	11	9	ême article 39	duodecies
204 G	13	174		Si l'un des bénéfices ment
204 L	1	40		Lorsque l'un des membres d
204 N	1	262		Le taux de prélèvement du 
204 N	2	238		Le taux individualisé du c
204 N	3	214		Toutefois, les revenus pri
204 N	4	294		ces mêmes revenus des règl
204 N	5	315		Le taux individualisé appl
204 N	6	391		aux articles 204 F et 204 
204 N	7	301		Les taux individualisés pr
204 N	8	120		Le taux de prélèvement du 
204 N	9	355		L'option mentionnée au 1 d
206	1	6	s des articles	8 ter,
206	2	91	personnes	dans les conditions prévue
206	3	322		1 bis. Toutefois, ne sont 
206	4	843		du code du travail, les fo
206	5	234		Les organismes mentionnés 
206	6	191		Les organismes mentionnés 
206	7	263		Sous réserve des dispositi
206	8	566		Toutefois, les sociétés ci
206	9	5	r les sociétés	s'ils
206	9	1	 l'article 239	:
206	10	55		Les sociétés civiles menti
206	11	35		Les sociétés en commandite
206	12	31		Les sociétés en participat
206	13	87		Les sociétés à responsabil
206	14	87		Les exploitations agricole
206	15	70		les groupements d'intérêt 
206	16	64		Les sociétés civiles profe
206	17	138		les groupements de coopéra
206	18	90		Les sociétés interprofessi
206	19	225		Cette option entraîne l'ap
206	20	431		Même à défaut d'option, l'
206	21	664		Sous réserve des exonérati
206	22	40		Sont qualifiés de revenus 
206	23	217		Les revenus de la location
206	24	71		Les revenus de l'exploitat
206	25	244		les revenus de capitaux mo
206	26	69		(Abrogé à compter des exer
206	27	68		(Abrogé à compter des exer
206	28	417		5 bis. Les associations in
206	29	312		5 ter. Les fondations reco
206	30	309		1° L'organe central du cré
206	31	270		2° Lorsqu'elles n'exercent
206	32	232		3° Un décret en Conseil d'
206	33	174		Les caisses de crédit mutu
206	34	107		Un décret en Conseil d'Eta
206	35	32		(disposition devenue sans 
206	36	256		Les caisses de crédit mutu
206	37	57		Un décret fixe les conditi
206	38	119		Les caisses d'épargne et d
206	39	90		(abrogé à compter de la da
206	40	39		: Exonérations et régimes 
209	3	61		Sous réserve de l'option p
209	3	148	ledit exercice	dans la limite d'un montan
209	3	123	ices suivants.	Il en est de même de la fr
209	4	323		Pour les sociétés auxquell
209	5	98		€ mentionnée au troisième 
209	6	36	ont transférés	, sous réserve d'un agréme
209	6	1	itions prévues	à
209	6	20	es à l'article	1649 nonies, à la ou
209	7	222		aux sociétés bénéficiaires
209	9	32		L'agrément est délivré lor
209	10	113		L'opération est justifiée 
209	11	390		L'activité à l'origine des
209	12	403		L'activité à l'origine des
209	13	435		Les déficits et intérêts s
209	14	169		Le transfert des déficits 
209	15	168		Le montant cumulé des défi
209	16	50		La condition prévue au d d
209	17	240		Durant la période au cours
209	18	127		Le présent 2 ne s'applique
209	20	798		II ter. – En cas de fusion
209	22	10		– (Abrogé)
209	23	593		III bis. – En cas d'option
209	27	649		– Pour la détermination du
209	28	220		cédante lorsque cette dern
210	1	17	ispositions du	premier alinéa ne
210	1	84	e s'appliquent	pas en cas de sortie du ré
210	1	71	ns prévues aux	b et d du IV dudit article
210	2	186		mentionnée au III de ce mê
210	3	244		– Le dix-neuvième alinéa d
210	4	419		– Les frais liés à l'acqui
210	5	188		La fraction du prix de rev
210	6	554		VII bis. – Lorsque des tit
210	7	158		la première phrase du prés
210	8	424		Pour l'application du prem
210	9	164		– Pour les sociétés coopér
210	10	11		– (Abrogé).
210	11	69		– Ne sont pas déductibles 
210	12	261		1° Les cotisations versées
210	13	209		2° Les contributions prévu
210	14	213		des établissements de créd
210	1	278		Les dispositions du présen
210	7	1	 condition que	:
210	8	86		La société bénéficiaire de
210	9	83		L'apport ait été préalable
210-0 A	1	17	B, 151 nonies,	208 C, 208 C bis,
210-0 A	3	92	été absorbante	et, éventuellement, d'une 
210-0 A	4	1	 de ces titres	;
210-0 A	12	18	 B, 151 nonies	, 208 C, 208 C bis
210 A	4	384		Lorsque la société absorba
210 A	9	143	9 % ou de 25 %	ainsi que la réserve où on
210 A	16	138		(Dispositions devenues san
210 A	20	233		Pour l'application du prés
210 A	21	236		Pour l'application du c du
210 E bis	1	44	alues soumises	aux régimes prévus aux art
211 bis	2	42		Ces dispositions ne sont p
211 bis	3	10		(Périmé) ;
211 bis	4	69		Aux sociétés immobilières 
211 bis	5	142		Aux sociétés à responsabil
212	1	1		–
212	1	1	nt déductibles	:
212	2	4		Dans
212	2	1	ions analogues	;
212	3	9		(Abrogé).
212	4	11		– (Abrogé).
212	5	11		– (Abrogé).
212	6	456		III bis. – Le solde de la 
212	7	185		– Les dispositions du deux
212 bis	23	157		d'opération de crédit-bail
213	1	159	r les sociétés	, la contribution sociale 
216	1	3		I.-
216	1	118	participations	, ouvrant droit à l'applic
216	1	128	ercice par une	société mère, peuvent être
216	2	223		La quote-part de frais et 
216	3	179		1° Par une société membre 
216	4	64		2° Par une société à raiso
216	4	29	iété soumise à	un impôt équivalent à l'im
216	4	195	r les sociétés	dans un Etat membre de l'U
216	5	260		lutter contre la fraude et
216	6	12		3° (Abrogé).
216	7	320		Dans le cas mentionné au s
216	8	124		II.-(Abrogé à compter de l
216 A	1	92	s par celle-ci	à une autre société dans l
216 A	2	210		Pour bénéficier de cette d
216 A	3	254		L'engagement doit être joi
216 A	4	190		En cas de manquement à l'e
219	2	6	Le taux	normal
219	3	67	es plus-values	à long terme fait l'objet 
219	4	70		Le résultat net bénéficiai
219	4	319	rticle 238 est	soustrait du résultat soum
219	5	4	Par	Pour
219	5	27	Par Pour les	exercices ouverts à compte
219	5	32	s à compter du	31 décembre 2007, le monta
219	5	35	ontant net des	plus-values à long terme a
219	5	6	afférentes aux	titres
219	7	65	ce immobilière	définies au a sexies-0 bis
219	8	96		Est imposé au taux de 25 %
219	9	16		1° Des titres de
219	9	4	ctif est, à la	date
219	9	103	eur réelle par	une autorisation d'usage d
219	10	260		par voie hertzienne terres
219	11	221		2° Des titres de sociétés 
219	12	431		Les quatrième à sixième al
219	13	215		lors de la cession ultérie
219	14	146		Les provisions pour dépréc
219	15	195		L'excédent éventuel des mo
219	16	418		a bis. Les moins-values à 
219	17	729		Les moins-values à long te
219	18	707		a ter. Le régime des plus-
219	19	662		Pour les exercices ouverts
219	20	306		Il ne s'applique pas non p
219	21	785		Pour l'application des pre
219	22	418		Les provisions pour dépréc
219	23	121		145 et 216 au cours de l'e
219	24	450		Lorsque l'entreprise trans
219	25	330		de l'exercice de cession d
219	26	209		Ces règles s'appliquent lo
219	27	372		spéciales mentionnées au t
219	28	194		Les dispositions des cinqu
219	29	566		Les titres inscrits au com
219	30	325		Lorsqu'elles reçoivent un 
219	31	253		au taux prévu au deuxième 
219	32	226		Les provisions pour dépréc
219	33	528		Les entreprises qui appliq
219	34	124		provisions constituées ava
219	35	341		Le défaut de production de
219	36	292		a quater. Pour les exercic
219	37	687		Les moins-values à long te
219	38	290		a quinquies. Pour les exer
219	39	155		Une quote-part de frais et
219	40	703		Les titres de participatio
219	41	311		La fraction des moins-valu
219	42	290		la ou les cessions de ces 
219	43	679		La fraction des moins-valu
219	44	467		a sexies-0) Pour les exerc
219	45	184		Les provisions pour dépréc
219	46	322		Les moins-values à long te
219	47	171		taux visé au a, s'imputer 
219	48	487		a sexies-0 bis) Le régime 
219	48	1	 des immeubles	,
219	48	92	de crédit-bail	conclu dans les conditions
219	48	307	e immobilière.	Pour l'application de ces 
219	49	71	Les	provisions pour dépréciati
219	49	8	égime des plus	et moins
219	49	87	t moins-values	à long terme en applicatio
219	50	410		Les moins-values à long te
219	50	86	/33, 33èmes de	leur montant sur les bénéf
219	50	22	 la cession de	titres de même nature.
219	51	698		a sexies-0 ter)-Pour les e
219	52	267		Les moins-values afférente
219	53	904		a sexies. 1. Pour les exer
219	54	349		Pour l'appréciation du seu
219	54	1	rir ces titres	.
219	55	302		Lorsque les actions ou par
219	56	628		2. Pour les exercices ouve
219	57	187		sociétés mentionnées au pr
219	58	217		a septies) Lorsqu'il exist
219	59	190		dix-septième alinéa du 5° 
219	60	216		1°) La date à laquelle l'e
219	61	303		2°) La date à laquelle les
219	62	135		3°) La date correspondant 
219	63	366		L'imposition est établie a
219	64	341		L'entreprise joint à sa dé
219	65	500		Par exception au deuxième 
219	66	624		Pour la société mère d'un 
219	67	208		placement à risques, des f
219	68	352		cadre juridique de la gest
219	69	10		(Abrogé) ;
219	70	41		à e. (dispositions devenue
219	71	91		f. Les sociétés mentionnée
219	71	1196	 droit commun,	autres que les sociétés à 
219	72	91		Les dispositions du premie
219	73	240		1° La société a réalisé un
219	74	936		2° Le capital de la sociét
219	75	434		Lorsque la société n'a pas
219	76	240		Si l'une des trois incorpo
219	76	184	au taux normal	sur la fraction de résulta
219	77	432		de même en cas de réductio
219	78	378		Toutefois, si la société e
219	79	243		Les dispositions du présen
219	80	216		Cette réserve doit être in
219	81	369		ou d'absence d'incorporati
219	82	121		Les conditions d'applicati
219	83	303		II.-Les plus-values visées
219	84	122		Les opérations génératrice
219	85	99		Les immeubles cédés aient 
219	86	375		III.-Les dispositions du I
219	87	43		Toutefois, en ce qui conce
219	88	60		Le taux réduit de l'impôt 
219	89	176		L'application de ce taux r
219	90	327		IV.-Le taux de l'impôt est
219	91	313		immeuble dont la jouissanc
219	92	471		Ce taux s'applique égaleme
219 quinquies	1	249		Par dérogation aux disposi
219 quinquies	2	33		1° Ce taux est fixé à 10 %
219 quinquies	3	85		Les produits des titres de
219 quinquies	4	151		Les revenus des titres émi
219 quinquies	5	47		2° Ce taux est fixé à 15 %
220	3	538		Lorsque ces revenus sont p
220	4	52		les moins-values de cessio
220	5	167		les sommes, autres que le 
220	6	238		Toutefois, les troisième à
220	8	327		En ce qui concerne les div
220	9	492		montant total des crédits 
220	10	331		Lorsque les sociétés d'inv
220	11	177		quatre exercices suivants.
220	12	22		(Disposition périmée).
220	13	8		(Abrogé)
220	15	17		bis (Sans objet).
220 B	1	191		Le crédit d'impôt pour dép
221 bis	2	783		La première condition n'es
221 bis	3	636		Toutefois, les plus-values
223 quinquies C	1	318		– 1. Une déclaration compo
223 quinquies C	2	121		mois suivant la clôture de
223 quinquies C	3	32		Etablir des comptes consol
223 quinquies C	4	142		Détenir ou contrôler, dire
223 quinquies C	5	103		Réaliser un chiffre d'affa
223 quinquies C	6	234		Ne pas être détenues par u
223 quinquies C	7	321		Une personne morale établi
223 quinquies C	8	94		Si elle a été désignée par
223 quinquies C	9	170		Si elle ne peut démontrer 
223 quinquies C	10	209		La déclaration mentionnée 
223 quinquies C	11	372		– La liste des Etats ou te
223 B	4	99	étés du groupe	, des titres détenus dans 
223 B	5	1191		values à long terme confor
223 B	6	82		moins-values ou pertes aff
223 B	6	450	en application	du premier alinéa de l'art
223 B	7	45		en application du quinzièm
223 B	7	30	en application	du quinzième alinéa du 5° 
223 C	4	43		2° : Plus-values ou moins-
223 D	1	321		La plus-value nette ou la 
223 D	2	127		Les dispositions de l'arti
223 D	3	141		La plus-value nette à long
223 D	4	168		Le montant net d'impôt de 
223 D	5	136		L'inscription à cette rése
223 D	6	1063		Le montant des dotations c
223 D	7	218		éligibles au régime des pl
223 D	8	976		d'ensemble ou retranchées 
223 D	9	218		alinéa du 5° du 1 de l'art
223 D	10	564		à long terme d'ensemble si
223 D	11	41		1re Sous-section : Disposi
223 E	1	147	i les a subis.	Il en est de même des moin
223 E	2	38	r son bénéfice	ou ses plus-values nettes 
223 E	3	60		ou de la moins-value nette
223 E	3	57	cit d'ensemble	ou la moins-value nette à 
223 E	3	11	 groupe encore	reportables
223 E	3	42	e aux déficits	ou moins-values nettes à l
223 E	3	50	ant du déficit	d'ensemble ou de la moins-
223 F	2	986		à long terme d'ensemble au
223 F	3	342		cessionnaire d'un bien amo
223 F	4	23	ns-value nette	à long terme d'ensemble
223 F	5	6	e afférent aux	titres
223 F	7	324		Lorsqu'une plus-value ou u
223 F	8	497		219 s'applique au montant 
223 F	10	41		1re Sous-section : Disposi
223 F	11	35		5° : Report en arrière des
223 G	1	94		Lorsque la société mère op
223 G	2	299		Le déficit d'ensemble décl
223 G	3	13		(Sans objet).
223 G	4	109		Une société filiale du gro
223 G	5	582		Par exception aux disposit
223 I	4	258		Les moins-values nettes à 
223 I	5	42	 1, le déficit	ou la moins-value nette à 
223 I	5	63	és au résultat	ou à la plus-value ou moin
223 I	7	35	e, le bénéfice	ou la plus-value nette à l
223 L	10	50	cit d'ensemble	ou de la moins-value nette
223 R	2	119	tif immobilisé	ou de titres de portefeuil
223 S	5	63	es au résultat	ou à la plus-value ou moin
223 S	6	53	cit d'ensemble	ou la moins-value nette à 
223 S	7	35	r son bénéfice	ou sa plus-value nette à l
223 S	12	14		6°............
235 quater	2	58	autres mesures	et n'étant pas non coopéra
235 quater	2	71	, sous réserve	que cet Etat ne soit pas n
235 quinquies	3	58	asion fiscales	et n'étant pas non coopéra
235 quinquies	3	12	, sous réserve	que cet Etat
235 quinquies	4	58		ne soit pas non coopératif
236 bis	1	325		- Pour l'établissement de 
236 bis	2	134		Lorsqu'une entreprise a ch
236 bis	3	103		Ces dispositions sont appl
236 bis	4	515		I bis. - Les subventions a
236 bis	5	18		(Alinéa disjoint).
236 bis	6	11		- (abrogé).
238 bis HZ bis	1	124		Un décret fixe les modalit
238 bis-0 I ter	8	58		I bis : Réévaluation des i
238 bis JB	1	351		L'entreprise qui procède à
238 bis JB	2	99		L'application du premier a
238 bis JB	3	163		1° De calculer la plus-val
238 bis JB	4	460		2° De réintégrer l'écart d
238 bis JB	5	196		La cession d'une immobilis
238 bis JB	6	290		L'entreprise qui a procédé
238 bis JB	7	523		L'entreprise qui applique 
238 quater B	18	253		– Pour l'application du pr
238 quater J	3	12	rsonnes défini	aux articles
238 quater J	3	7	aux articles 8	à 8 ter
238 quater K	16	253		– Pour l'application du pr
238 septies E	20	133		ter : Détermination du rés
238 octies A	1	390		– Les plus-values réalisée
238 octies A	2	201		– L'application du I est s
238 octies A	3	202		Le non-respect par la pers
238 octies A	4	200		Par exception au deuxième 
238 octies A	5	212		exceptionnelles indépendan
238 octies A	6	112		du code de la sécurité soc
238 octies A	7	207		En cas de fusion de sociét
238 octies A	8	213		l'engagement d'achèvement 
238 octies A	9	22	ciété relevant	des articles 8 à 8 ter
238 octies B	1	12	été qui relève	des articles
238 octies B	1	7	des articles 8	à 8 ter
238 octies B	3	201		VII quater : Report d'impo
238 sexdecies	1	324		Sont exonérées les plus-va
238 sexdecies	2	387		bateaux. Pour bénéficier d
238 sexdecies	3	185		Le bateau cédé doit, à la 
238 sexdecies	4	131		1° Sa construction est ach
238 sexdecies	5	57		2° Il répond à des conditi
238 sexdecies	6	109		Le montant total de l'exon
238 sexdecies	7	524		Si les sommes réinvesties 
238 sexdecies	8	247		Lorsque l'entreprise menti
238 sexdecies	9	112		L'engagement mentionné au 
238 sexdecies	10	100		Le premier alinéa n'est pa
238 sexdecies	11	261		Le bénéfice des dispositio
238 sexdecies	12	688		Le remploi peut être réali
239	11	119		XI bis : Régime fiscal de 
239 bis AA	1	439		Les sociétés à responsabil
239 bis AA	2	166		qu'avec l'accord de tous l
239 bis AB	1	542		I.-Les sociétés anonymes, 
239 bis AB	2	131		de leur foyer fiscal au se
239 bis AB	3	519		Pour la détermination des 
239 bis AB	4	557		sociétés financières d'inn
239 bis AB	5	515		Pour l'application du 1° d
239 bis AB	6	78		II.-L'option prévue au I e
239 bis AB	7	190		1° La société exerce à tit
239 bis AB	8	171		2° La société emploie moin
239 bis AB	9	49		3° La société est créée de
239 bis AB	10	357		La condition relative à l'
239 bis AB	11	406		Les conditions mentionnées
239 bis AB	12	123		La condition mentionnée au
239 bis AB	13	320		III.-L'option ne peut être
239 bis AB	14	190		Elle est valable pour une 
239 bis AB	15	186		En cas de sortie anticipée
239 quater A	5	56		XIV ter : Régime fiscal de
239 quater B	1	521		Les groupements d'intérêt 
239 quater C	4	97		quinquies : Régime fiscal 
239 quater D	1	435		Les groupements de coopéra
239 quater D	2	134		le groupement soit de l'im
239 sexies	1	327		- Lorsque le prix d'acquis
239 sexies	2	225		locataire aurait pu pratiq
239 sexies	3	325		la fraction des loyers ver
239 sexies	4	255		Toutefois, lorsque la duré
239 sexies	5	169		Cette disposition ne s'app
239 sexies	6	224		- Les sociétés immobilière
239 sexies B	1	99	en crédit-bail	par des sociétés ou organi
239 sexies C	1	72		DISPOSITIONS APPLICABLES A
239 sexies C	2	164		Le prix de revient du bien
239 sexies C	2	1	hat du terrain	,
239 sexies C	5	76		DISPOSITIONS APPLICABLES A
239 sexies C	6	494	 239 sexies B.	La fraction du prix qui ex
239 sexies C	7	159		cession ultérieure, le dél
239 sexies C	8	320		Lorsque le locataire acqué
239 sexies C	9	118		Un décret fixe les modalit
239 sexies C	10	139		4° : Dispositions applicab
239 nonies	1	370		– Les fonds de placement i
239 nonies	2	373		– 1. Les revenus et profit
239 nonies	3	200		Aux articles 14 A à 33 qui
239 nonies	4	172		A l'article 137 ter, pour 
239 nonies	5	644		Aux articles 150 UC à 150 
239 nonies	6	190		à titre professionnel, au 
239 nonies	7	129		A l'article 150-0 F, pour 
239 nonies	8	323		A l'article 35 A, pour les
239 nonies	9	155		ces immeubles et nécessair
239 nonies	10	837		Aux articles 39 duodecies 
239 nonies	11	235		Les porteurs de parts de f
239 nonies	12	213		Les revenus imposés dans l
239 nonies	13	239		de l'abattement pratiqué p
239 nonies	14	319		Les dispositions prévues a
239 nonies	15	105		undecies A, à l'article 19
239 nonies	16	418		quindecies ne sont pas app
239 nonies	17	222		– Pour les autres porteurs
242 ter	14	75		1° : Revenus et plus-value
242 ter D	1	110		Les organismes de placemen
242 ter D	2	99		L. 214-24-24 à L. 214-32-1
242 ter D	3	419		financier, leur société de
242 ter E	1	37	nciers à terme	mentionnés au 8° du I de l
242 ter E	3	55		XX : Information relative 
243 ter	1	508		Les personnes soumises aux
244 bis	1	10	Les profits	mentionnés
244 bis	1	12	s mentionnés à	l'article 35
244 bis	1	46	vement au taux	prévu au deuxième alinéa d
244 bis	1	2	 contribuables	ou
244 bis	1	528	ent en France.	Par dérogation, le taux es
244 bis	4	13	4 B de l'impôt	sur le revenu
244 bis	5	425		Il s'impute sur le montant
244 bis	6	111		n'étant pas non coopératif
244 bis A	4	216		Les organisations internat
244 bis A	5	739		Le premier alinéa du prése
244 bis A	6	555		coopératif au sens de l'ar
244 bis A	7	211		Un contribuable ne peut bé
244 bis A	11	22	s qui relèvent	des articles 8 à 8 ter
244 bis A	12	202		Les fonds de placement imm
244 bis A	15	77		De parts de fonds de place
244 bis A	16	209		D'actions de sociétés d'in
244 bis A	17	249		D'actions de sociétés de p
244 bis A	18	139		De parts ou droits dans de
244 bis A	19	109	soit la forme,	présentant des caractérist
244 bis A	20	219		mentionnées aux c et d, do
244 bis A	21	432		De parts ou d'actions de s
244 bis A	22	205		dont les parts ou actions 
244 bis A	23	125		De parts, d'actions ou d'a
244 bis A	23	19	, à la clôture	des trois exercices
244 bis A	23	9	 exercices qui	précèdent
244 bis A	23	226	ntionnés au 3.	Si l'organisme dont les pa
244 bis A	24	10	 les modalités	définies :
244 bis A	25	114		1° Au I et aux 2° à 9° du 
244 bis A	26	201		Un contribuable ne peut to
244 bis A	27	312		2° Au III de l'article 150
244 bis A	28	430		Lorsque la plus-value est 
244 bis A	29	132		refus du dépôt ou de la fo
244 bis A	30	273		3° A l'article 150 UC, au 
244 bis A	31	104	 d'acquisition	, diminué pour les immeubl
244 bis A	32	47	Par dérogation	au III bis et au premier a
244 bis A	32	58	asion fiscales	et n'étant pas non coopéra
244 bis A	33	8	au prélèvement	selon le
244 bis A	33	29	 selon le taux	prévu au deuxième alinéa d
244 bis A	33	14	alinéa du I de	l'article 219.
244 bis A	34	10		Toutefois,
244 bis A	35	113	m des associés	et les porteurs de parts, 
244 bis A	35	2	ent au taux de	19
244 bis A	36	138		2. [Dispositions déclarées
244 bis A	37	99	ant la cession	, sous la responsabilité d
244 bis A	38	77		Seule peut être accréditée
244 bis A	39	221		1° Ni elle, ni aucun de se
244 bis A	40	174		et L. 653-8 du code de com
244 bis A	41	163		2° Elle respecte les oblig
244 bis A	42	117		3° Elle dispose de garanti
244 bis A	43	81		Le non-respect de l'une de
244 bis A	44	124		Un décret en Conseil d'Eta
244 bis A	48	804		L'obligation de désigner u
244 bis A	49	1		–
244 bis A	49	13	ire de l'impôt	sur le revenu
244 bis A	49	8	i ont supporté	celui-ci
244 bis A	50	555		Il s'impute, le cas échéan
244 bis B	1	110	 l'article 4 B	ou par des personnes moral
244 bis B	1	48	ement aux taux	mentionnés au deuxième ali
244 bis B	2	841		Le prélèvement mentionné a
244 bis B	3	649		localisation dans un Etat 
244 bis B	8	253		Les organisations internat
244 bis B	9	481		Le prélèvement mentionné a
244 bis B	10	181		1° Lever des capitaux aupr
244 bis B	11	319		2° Présenter des caractéri
244 bis B	12	272		3° Pour les organismes sit
244 bis B	13	475		Les stipulations de la con
244 bis B	14	268		Peuvent obtenir la restitu
244 bis B	15	325		Dont le siège social se si
244 bis B	16	458		Ou, sous réserve qu'ils ne
244 bis C	2	249		Il en est de même des plus
244 quater A	4	11		- (Périmé).
244 quater A	5	123		XXVII : Crédit d'impôt pou
247	1	325		Ne sont pas considérés com
248	2	57		1° : Plus-values mobilière
257	14	1	valeur ajoutée	:
257	15	6		1° Les
257	16	196		2° Les livraisons à soi-mê
260	2	36		1° (Disposition devenue sa
260	7	13		3° (Abrogé) ;
260	8	13		4° (Abrogé) ;
262 bis	2	37		(Cf. Instruction 1996-11-2
262 ter	5	339		L'exonération ne s'appliqu
270	3	343	de l'immeuble.	Toutefois, la taxe exigibl
278-0 bis	1	3	taux réduit de	5,5
278-0 bis	5	158	at ou du cacao	. Toutefois le chocolat, l
278-0 bis	11	55		1° bis Les produits de pro
278-0 bis	12	47		1° ter Les préservatifs ma
278-0 bis	13	57		2° Les appareillages, équi
278-0 bis	14	221		Les appareillages pour han
278-0 bis	15	295		Les appareillages pour han
278-0 bis	16	253		Les équipements spéciaux, 
278-0 bis	17	208		Les autopiqueurs, les appa
278-0 bis	18	282		Les appareillages de recue
278-0 bis	19	192		Les ascenseurs et matériel
278-0 bis	20	307		Les appareillages, matérie
278-0 bis	21	217		Pour les appareillages, éq
278-0 bis	22	185		3° Les livres, y compris l
278-0 bis	23	314		– Les abonnements relatifs
278-0 bis	24	69		B bis. – La livraison d'én
278-0 bis	25	532		– La fourniture de logemen
278-0 bis	26	732		L. 631-11 du code de la co
278-0 bis	27	212		– Les prestations de servi
278-0 bis	28	321		des associations, des entr
278-0 bis	29	1	u second degré	;
278-0 bis	30	323		– 1° Les spectacles suivan
278-0 bis	31	411		2° Le prix du billet d'ent
278-0 bis	32	135		3° Les droits d'entrée des
278-0 bis	33	212		– Les droits d'entrée dans
278-0 bis	34	260		– Les cessions de droits p
278-0 bis	35	231		I.- Les livraisons d'œuvre
278-0 bis	36	74		– Les droits d'entrée perç
278-0 bis	37	89		– Les autotests de détecti
278-0 bis	38	127		– Les droits d'entrée pour
278-0 bis	39	315		– Les prestations de colle
278-0 bis	40	106		particulières, ainsi que l
278-0 bis	41	154		- Les prestations de pose,
278-0 bis	42	121		1° Les infrastructures de 
278-0 bis	43	160		2° La configuration des in
278-0 bis	44	144		3° Les prestations sont ré
278-0 bis	45	270		- L'enseignement et la pra
278-0 bis	46	400		- La livraison et l'instal
278-0 bis	47	90		1° La consommation d'élect
278-0 bis	48	52		3° La durabilité ou la per
278-0 bis	49	493		Les prestations de pose, d
284	2	861		– Tout destinataire des op
284	3	254		la suite de la vente à leu
284	4	397		Pour les livraisons des lo
284	8	878		– Les organismes de foncie
285 bis	3	111		ajoutée, y compris en ce q
286	12	461		II.-1-0. Les assujettis bé
286	13	497		Les assujettis bénéficiant
286	14	362		Les assujettis bénéficiant
286	15	3		III
286 ter	11	386		7° Tout assujetti bénéfici
287	31	546		Les livraisons de biens et
289 B	15	258		Les assujettis bénéficiant
290 bis	5	33		IV : Etablissements de spe
297	1	68		- 1. En Corse, la taxe sur
297	2	107		1° 0,90 % pour les opérati
297	3	148		Les opérations visées au 1
297	4	153		Les prestations de service
297	5	13		4° (Abrogé) ;
297	6	28		5° 10 % en ce qui concerne
297	7	79		Les travaux immobiliers ai
297	8	131		Les ventes de matériels ag
297	9	10		(Abrogé) ;
297	10	85		Les ventes à consommer sur
297	11	54		Les ventes d'électricité e
297	12	81		Les opérations mentionnées
297	13	37		(Abrogé à compter du 13 av
297	14	64		Les ventes de produits pét
297	15	36		8° (Disposition devenue sa
297	16	207		2. Les mêmes dispositions 
297	17	11		- (Abrogé).
297	18	26		- (Dispositions périmées).
298 sexies A	3	44		: Régime de la presse et d
298 sexdecies E	1	301		Les assujettis qui achèten
298 sexdecies E	2	198		Lorsqu'ils sont astreints 
298 sexdecies E	3	174		Les assujettis comptabilis
302 decies	3	17		4° : Exonérations
302 H quater	1	509		Les personnes qui n'ont pa
302 H quater	2	181		Le directeur régional des 
302 H quater	3	151		L'expéditeur enregistré ti
302 H quater	4	231		En cas de violation par l'
302 V bis	5	22		B bis : Régime du rhum
568	1	217		Les débitants de tabacs me
568	2	107		Son taux est fixé par arrê
568	3	517		Le droit de licence est ex
568	4	111		Le droit de licence est co
635	3	13	'article 636 ;	2° (Abrogé) ;
635	4	1		3
635	5	1		4
635	6	1		5
635	7	13		6° (Abrogé) ;
635	8	1		7
635	10	1		8
635	11	1		9
635	13	13		2° (Abrogé) ;
635	14	13		3° (Abrogé) ;
635	15	13		4° (Abrogé) ;
635	16	1		5
635	17	13		6° (Abrogé) ;
635	18	1		7
635	19	6		7° bis
635	20	20		8° et 9° (Abrogés) ;
645	1	616		Doivent être entendues com
648	3	107		A : Champ d'application re
648	4	82		4 : Régime particulier aux
649	1	142		Les dispositions applicabl
678	1	4	lle au taux de	0,70
681	1	262		Les taux de la taxe de pub
681	2	58		Ce régime ne s'applique pa
683	1	25	rement au taux	prévu à l'article 1594 D.
683 bis	1	7	egistrement de	2,20 %.
684	1	1	egistrement de	5
684	2	1	ée à raison de	5
689	1	22	ncière au taux	prévu à l'article 742.
689	3	3	e ou exonérées	a :
714	1	1	 à un droit de	5
714	3	25		h : Dispositions diverses
717	1	414		Les résolutions volontaire
717	2	174		Cette disposition est appl
718 bis	1	13	lière définies	au 2° du I de
718 bis	2	55		III : Mutations de proprié
718 bis	3	76		A : Cessions de fonds de c
718 bis	4	15		: Régime normal
724	1	315		- Les traités ou conventio
724	2	316		- En cas de création de no
724	3	80		Le droit doit être acquitt
724	4	267		- En cas de suppression d'
724	5	69		Le droit est perçu sur le 
724	6	94		(1) Ce tarif s'applique au
724	7	38		*Cf. Instruction 1996-08-1
726	1	73	s sociaux sont	soumises à un droit d'enre
726	2	328		pour les actes portant ces
726	3	321		pour les cessions, autres 
726	4	161		au sens de l'article L. 42
726	5	432		Lorsque les cessions menti
726	6	327		d'immatriculation ou l'Eta
726	7	14		1° bis A 3 % :
726	8	327		pour les cessions, autres 
726	9	10		2° A 5 % :
726	10	4		pour
726	10	1	ce immobilière	.
726	11	17	t l'actif est,	ou a été au cours
726	11	17	té au cours de	l'année précédant
726	11	27	ant la cession	des participations en caus
726	11	396	e immobilière.	Toutefois, les organismes 
726	12	266		I bis. – Sont assimilées à
726	14	200		Les perceptions mentionnée
726	15	75		Les perceptions mentionnée
726	16	412		aux acquisitions de droits
726	17	115		aux acquisitions de droits
726	18	199		aux acquisitions de droits
726	19	190		entre sociétés du même gro
726	20	55		aux opérations taxées au t
726	21	8		III.-A.-
726	22	179		B.- Les actes et déclarati
726	23	74		1° Cette personne morale e
726	24	167		2° Les participations cédé
726	25	195		3° Le cessionnaire a acqui
726	26	86		III : Mutations de proprié
726	27	20		2 : Régimes spéciaux
746	1	291	enregistrement	ou à une taxe de publicité
746	2	12		A : Partages
746	3	42		: Assiette et liquidation 
750 bis C	1	221		Les actes de partage de su
750 bis C	2	204		% à hauteur de la valeur d
754 B	1	11	oute diligence	pourassurer
754 B	1	10	ticle précité,	lesgérants
754 B	1	15	actions qui ne	revêtiraientpas
754 B	1	17	ndues dans les	conditionsprévues
757	3	124		Ces dispositions ne s'appl
757 A	1	102	 titre gratuit	que pour la fraction qui e
757 B	1	3		I.-
757 B	1	167	tion par décès	suivant le degré de parent
757 B	2	221		Par exception, les sommes,
757 B	3	332		L. 224-1 du code monétaire
757 B	4	175		II.-L'ensemble des sommes,
757 B	5	17		II bis.-(Abrogé).
757 B	6	209		III.-Les conditions d'appl
757 B	7	62		A : Champ d'application de
757 B	8	86		: Dons pris en compte pour
757 C	1	148		Les droits de mutation à t
766 bis	4	21		2° : Dettes du défunt
775 sexies	1	446		Les frais de reconstitutio
775 sexies	2	188		de l'article 28 du décret 
777	1	3	uit sont fixés	aux
777	1	87	fixés aux taux	indiqués dans les tableaux
777	2	9		Tableau I
777	3	47		Tarif des droits applicabl
777	4	30		FRACTION DE PART NETTE TAX
777	5	20		TARIF applicable (%)
777	6	22		N'excédant pas 8 072 €
777	7	1		5
777	8	34		Comprise entre 8 072 € et 
777	9	2		10
777	10	35		Comprise entre 12 109 € et
777	11	2		15
777	12	36		Comprise entre 15 932 € et
777	13	2		20
777	14	37		Comprise entre 552 324 € e
777	15	2		30
777	16	39		Comprise entre 902 838 € e
777	17	2		40
777	18	22		Au-delà de 1 805 677 €
777	19	2		45
777	20	10		Tableau II
777	21	101		Tarif des droits applicabl
777	22	30		FRACTION DE PART NETTE TAX
777	23	20		TARIF applicable (%)
777	24	22		N'excédant pas 8 072 €
777	25	1		5
777	26	34		Comprise entre 8 072 € et 
777	27	2		10
777	28	35		Comprise entre 15 932 € et
777	29	2		15
777	30	36		Comprise entre 31 865 € et
777	31	2		20
777	32	37		Comprise entre 552 324 € e
777	33	2		30
777	34	39		Comprise entre 902 838 € e
777	35	2		40
777	36	22		Au-delà de 1 805 677 €
777	37	2		45
777	38	11		Tableau III
777	39	72		Tarif des droits applicabl
777	40	30		FRACTION DE PART NETTE TAX
777	41	20		TARIF applicable (%)
777	42	46		Entre frères et sœurs viva
777	43	23		N'excédant pas 24 430 €
777	44	2		35
777	45	21		Supérieure à 24 430 €
777	46	2		45
777	47	45		Entre parents jusqu'au 4e 
777	48	2		55
777	49	65		Entre parents au-delà du 4
777	50	2		60
777	51	235		Sous réserve des exception
792-0 bis	10	325	u constituant.	A défaut et dans le cas où
792-0 bis	11	526		Par exception, lorsque l'a
792 bis	1	64	 sont liquidés	selon le tarif applicable 
792 bis	1	11	s mentionné au	tableau III
792 bis	1	14	tableau III de	l'article 777.
799	1	440		En ce qui concerne les déc
800	1	1		–
800	2	19		En sont dispensés :
800	3	333		1° Les ayants cause en lig
800	4	105		2° Les personnes autres qu
800	5	11		– (Abrogé).
802 bis	7	141		1° : Immeubles et fonds de
803	1	637		Tout acquéreur d'un immeub
810	1	55		- Sous réserve des disposi
810	2	315		1° Les actes de formation 
810	3	289		2° Les apports immobiliers
810	4	326		3° Les apports faits à une
810	5	406		I bis. - En cas d'apport r
810	6	212		- Lorsqu'une personne mora
810	7	210		exigibles sur les apports 
810	8	11		- (Abrogé).
810	1	1		-
810	2	11		- (Abrogé).
810	3	406		- Le tarif normal du droit
810	4	443		Toutefois, sauf pour les i
810	5	328		En cas de non-respect de l
810	6	235		Toutefois, la reprise n'es
810	7	355		Les biens qui n'ont pas ét
810	8	33		III bis. - (Disposition pé
810	9	46		III ter. - (Dispositions d
810	10	192		- L'enregistrement gratuit
810	11	11		- (Abrogé).
810	12	92		- Les opérations visées au
812	2	11		- (Abrogé).
814 C	1	77		Sous réserve des dispositi
816	1	237	ions de fusion	auxquelles participent exc
816 A	1	11		- (Abrogé).
816 A	2	269		- Le régime prévu à l'arti
817	1	1		-
817	2	70		- (Abrogé pour les opérati
817 B	1	132		Les dispositions de l'arti
817 B	2	84		VII : Actes et conventions
817 B	3	66		C : Régimes spéciaux et ex
825	2	467		Le rachat par une société 
825	3	84		VII : Actes et conventions
825	4	36		C : Régimes spéciaux et ex
825	5	39		5 : Sociétés immobilières 
828 bis	1	200		Sont exonérés des droits d
828 bis	2	94		Des sociétés civiles de pl
828 bis	3	343		Des sociétés civiles à obj
828 bis	4	8		(Abrogé)
844	1	60		La taxe proportionnelle de
844	1	29	 l'article 663	est perçue au taux de 0,70
844	2	306		Elle est liquidée sur les 
844	3	95		Les inscriptions qui échap
844	4	47		X : Inscriptions de privil
844	5	16		B : Exonérations
845	1	48		Sont exonérés de la taxe d
845	2	40		1° Les inscriptions requis
845	3	358		Toutefois, la taxe qui n'a
845	4	21		2° Les inscriptions :
845	5	124		Des hypothèques convention
845	6	203		Des hypothèques prises par
845	7	180		Des hypothèques prises en 
845	8	125		3° Les actes des prêts spé
846 bis	1	106	usucapion sont	soumis à une taxe fixe de 
846 bis	2	61		Le tarif mentionné au prem
846 bis	2	1	de de commerce	.
847	1	4		Sont
847	1	1	s gratuitement	:
847	2	151		1° Les contrats de mariage
847	3	12		2° (Abrogé).
847 bis	1	36	Sont	exonérés des droits d'enre
848 bis	1	455		La fraction des parts des 
849	2	30	t ministériels	A : Obligations des redeva
849	3	29		2° : Affirmation de sincér
851	1	147		Dans tous les cas où les d
851	2	328		Une déclaration de cette n
851	3	35		A défaut, la formalité est
851	4	71		I : Obligations des redeva
877	1	506		L'octroi d'une exonération
879	2	216		– Seules en sont exonérées
1021	1	72	ces actes sont	exonérés des droits d'enre
1021	2	55		Ils doivent porter mention
1023	2	80	té rurale sont	exonérés des droits d'enre
1023	2	37	 dispositions.	Pour bénéficier de cette e
1023	3	141		les actes ou réquisitions 
1023	4	457		Au cas où les parties prod
1025	2	85	 maritime sont	exonérés sous réserve des 
1025	3	111		Ces dispositions seront ét
1027	4	25		II : Organismes agricoles
1027	5	60		2° : Sociétés d'aménagemen
1028 quater	1	187		Les conventions conclues e
1037	3	45		1° : Transports de voyageu
1131	1	459		– Sous réserve des disposi
1131	2	463		Le donateur peut stipuler 
1131	3	209		Lorsque la décision d'agré
1131	4	244		dans cet immeuble et d'aut
1131	5	101		– La donation est soumise 
1131	6	196		(1). Dans les cas prévus a
1131	7	133		La donation n'est considér
1131	8	236		En cas de refus d'agrément
1131	9	125		– Le donateur et ses ayant
1133 quater	1	32	iduciaire sont	soumis à un droit fixe de 
1133 quater	3	59		14° : Indivisions successo
1379	1	1		–
1379	3	1	l'article 1393	;
1379	4	235		2° bis La taxe sur la vaca
1379	5	13		5° (Abrogé) ;
1379	6	52		6° La redevance des mines,
1379	7	72		7° L'imposition forfaitair
1379	8	271		8° La taxe annuelle sur le
1379	9	541		9° Une fraction de la comp
1379	10	225		Pour l'imposition forfaita
1379	11	167		entreprises de réseaux rel
1379	12	215		10° La moitié de la compos
1379	13	493		11° La moitié de la compos
1379	14	146		12° La composante de l'imp
1379	15	179		13° Deux tiers de la compo
1379	16	317		13° bis La composante de l
1379	17	122		composante relative aux ca
1379	18	103		14° La taxe additionnelle 
1379	19	376		15° Une fraction égale à 6
1379	20	516		16° La taxe d'aménagement 
1379	21	120		membre, compte tenu de la 
1379	22	47		– Elles peuvent instituer 
1379	23	105		1° La taxe d'enlèvement de
1379	24	169		3° La taxe sur la cession 
1379	25	111		4° La taxe pour la gestion
1379	26	412		5° La taxe d'aménagement d
1379	27	223		l'établissement public de 
1379 bis	1	216		Les règles d'imposition et
1379 bis	2	154		du 1 de l'article 6, s'app
1380	1	95	ises en France	à l'exception de celles qu
1381	8	112		6° Les terrains sur lesque
1381	9	1		7
1381	10	97		Deuxième Partie : Impositi
1381	11	43		I : Taxe foncière sur les 
1381	12	109		A bis : Correction appliqu
1388-0	1	255		I.-Pour chaque commune, le
1388-0	2	194		1° D'une part, la somme de
1388-0	3	176		2° D'autre part, la somme 
1388-0	4	222		II.-Pour les locaux profes
1388-0	5	336		1° D'une part, la somme de
1388-0	6	370		2° D'autre part, le produi
1388-0	7	153		III.-Les I et II cessent d
1388-0	8	318		Toutefois, en cas d'applic
1388-0	9	109		1388 quinquies A, 1388 sex
1388	1	139	 1516 à 1518 B	et sous déduction de 50 % 
1391 E	1	215		Il est accordé un dégrèvem
1391 E	2	228		L. 411-2 du code de la con
1391 E	3	457		Ce dégrèvement est égal au
1391 E	4	88		1° Les éléments constituti
1391 E	5	54		3° Les systèmes de product
1391 E	6	70		4° Les systèmes de refroid
1391 E	7	121		5° Les équipements de prod
1391 E	8	40		7° Les systèmes d'éclairag
1391 E	9	63		8° Les systèmes de réparti
1391 E	10	354		Lorsque l'imputation des d
1391 E	11	123		Ce dégrèvement ne s'appliq
1393	1	97	ises en France	, à l'exception de celles 
1393	4	97		Deuxième Partie : Impositi
1393	5	48		II : Taxe foncière sur les
1393	6	28		B : Exonérations permanent
1395 H	1	491		– Lorsqu'elles sont située
1395 H	2	143		– Le I ne s'applique pas a
1395 H	3	169		Le I de l'article 1394 B b
1395 H	4	369		Le I du présent article ne
1395 H	5	263		– Le bénéfice de l'exonéra
1395 H	6	397		– En Guyane, les bois et f
1396	1	1		–
1396	1	30	rticles 1509 à	1518 A et sous déduction d
1396	2	17		% de son montant.
1396	3	16		– A. – (Abrogé).
1396	4	331		B. – La valeur locative ca
1396	5	559		dans l'ensemble de cette z
1396	6	183		La majoration ne peut excé
1396	7	316		B bis. – Sauf délibération
1396	8	480		C. – La liste des terrains
1396	9	44		D. – 1. La majoration n'es
1396	10	329		1° Aux terrains appartenan
1396	11	176		2° Aux parcelles supportan
1396	12	83		3° Aux terrains classés de
1396	13	329		4° Aux terrains appartenan
1396	14	375		Bénéficient, sur réclamati
1396	15	367		1° Les contribuables qui j
1396	16	130		2° Les contribuables qui j
1396	17	133		La majoration n'est pas pr
1398 A	1	498		Il est accordé un dégrèvem
1398 A	2	400		Ce dégrèvement, accordé po
1398 A	3	359		Le bénéfice du dégrèvement
1399	4	4	de l'industrie	(1).
1400	5	142		– L'Office national des fo
1402	3	3		(1)
1404	2	4	ce dégrèvement	(1).
1404	5	54		(1) Disposition applicable
1406	3	311		– Le bénéfice des exonérat
1406	4	97		Deuxième Partie : Impositi
1414 B	1	429		- Les personnes qui conser
1414 B	2	269		un hébergement, à des pers
1414 B	3	161		L'exonération est accordée
1414 B	4	370		- Sont également exonérés 
1414 B	5	323		La situation des consuls e
1415	1	1	priétés bâties	,
1415	1	54	tés non bâties	et la taxe d'habitation su
1478 bis	1	437		- Les création ou extensio
1478 bis	2	343		L'exonération est subordon
1478 bis	3	344		- Pour bénéficier de l'exo
1478 bis	4	88		L'exonération porte sur le
1494	1	105	priétés bâties	, de la taxe d'habitation 
1494	1	1	est déterminée	,
1494	1	4	tion distincte	(1).
1495	1	4	e l'évaluation	(1).
1495	2	89		Le premier alinéa n'est pa
1496	3	168	é à la surface	pondérée du local de référ
1496	4	92		II bis. – A Mayotte, la va
1496	5	300		– 1. Pour l'établissement 
1496	6	69		Soit la valeur locative dé
1496	7	436		Soit le loyer réel à la da
1496	8	162		Les coefficients fixés pou
1496	9	212		Toutefois, si ce loyer est
1496	10	212		2. Lorsqu'un local cesse d
1497	1	208		Par dérogation à l'article
1498	1	181	l'article 1496	, que les établissements i
1498	3	496		Les locaux considérés comm
1498	4	139	ée en fonction	de l'état du marché locati
1498	5	8	I à la surface	pondérée
1498	6	11	é, dans chaque	département
1498	6	85	évaluation qui	regroupent les communes ou
1498	7	33		Pour l'application du prés
1498	8	131		1° Le territoire de la mét
1498	9	81	2	° Le territoire de la Vill
1498	10	1		2
1498	10	55	tre carré sont	déterminés sur la base des
1498	10	20	és dans chaque	secteur d'évaluation
1498	10	24	évaluation par	catégorie de propriétés.
1498	11	148		A défaut, lorsque les loye
1498	11	80	ifs fixés pour	les autres catégories de l
1498	12	365		A défaut d'éléments suffis
1498	13	279		Les tarifs par mètre carré
1498	14	8	. – La surface	pondérée
1498	14	158	rentes parties	, réduite, le cas échéant,
1498	15	362		– A. – La valeur locative 
1498	16	345		A défaut, la valeur vénale
1498	17	235		La valeur locative mention
1498	18	313		B. – La valeur locative de
1498 bis	3	97		Deuxième Partie : Impositi
1498 bis	4	36		I : Évaluation des proprié
1498 bis	5	30		D : Etablissements industr
1500	1	211		I.-A.-Revêtent un caractèr
1500	2	310		Revêtent également un cara
1500	3	303		B.-1. Toutefois, dans les 
1500	4	176		Le franchissement à la hau
1500	5	182		Le franchissement à la bai
1500	6	246		Par exception, en cas de c
1500	7	479		2. Pour l'appréciation du 
1500	8	166		C.-Le B s'applique aux bât
1500	9	192		D.-En cas de franchissemen
1500	10	56		II.-Les bâtiments et terra
1500	11	197		1° selon les règles fixées
1500	12	171		2° Selon les règles prévue
1500	13	200		3° Selon les règles fixées
1501	2	247		Ces modalités d'évaluation
1501	11	308		Pour chaque port, ce tarif
1501	12	89		Les modalités d'applicatio
1501 bis	11	26		F : Procédure d'évaluation
1507	1	274		– Pour chaque révision des
1507	2	135		Le premier alinéa n'est pa
1507	3	300		– Les propriétaires qui ex
1507	1	1		–
1507	2	282		– Lorsque la valeur locati
1508	2	177		Les cotisations afférentes
1508	3	97		Soit par le nombre d'année
1508	4	281		Soit par le nombre d'année
1508	5	145		Pour les locaux évalués se
1509	1	1		–
1509	1	118	rifs fixés par	nature de culture et de pr
1509	2	206		– Pour le calcul de la val
1509	3	322		– La valeur locative prise
1509	4	95		que ce droit n'ait été app
1509	5	90		ou que la propriété n'ait 
1509	6	756		– Les terres incultes ou m
1509	7	243		En outre, il est procédé a
1509	8	165		Ces dispositions ne sont p
1509	9	436		– Les terrains autres que 
1509	10	221		cession le taux d'intérêt 
1509	11	199		La taxe foncière sur les p
1510	1	179	uation arrêtés	soit par le service des im
1510	2	42		l'administration des impôt
1510	2	196	ire doit, dans	un délai de cinq jours à c
1511	1	153		I.-Lorsque les tarifs d'év
1511	1	86	seil municipal	, est admis à les conteste
1511	2	502		Les contribuables sont éga
1511	3	376		Lorsque la demande concern
1511	4	223		Lorsque les contestations 
1511	5	228		Si ces contestations vienn
1511	6	164		II.-Les tarifs fixés en ap
1511	7	97		Deuxième Partie : Impositi
1511	8	68		II : Évaluation des propri
1511	9	61		2 : Règles particulières à
1515	1	233		– Pour la deuxième révisio
1515	2	397		– 1. Les coefficients sont
1515	3	215		2. Les décisions prises pa
1515	4	168		– Les modalités d'applicat
1515	5	97		– La date d'incorporation 
1515	6	458		– 1. Dans les communes cla
1515	7	129		Les dispositions du 1 ne d
1515	8	231		Les dispositions des 1 et 
1515	9	148		La commission consultative
1515	10	37		Annexe II, art. 310 ter à 
1516	1	1		–
1516	1	34	t mises à jour	suivant une procédure comp
1516	2	70		1° La constatation annuell
1516	3	130		2° L'actualisation, tous l
1516	3	21	révisions dans	les conditions fixées
1516	3	7	ons fixées par	la loi.
1516	4	125		– Les valeurs locatives de
1516	5	70		1° La constatation annuell
1516	6	169		2° La modification des coe
1516	7	95		4° La modification annuell
1517	1	1	'environnement	.
1517	2	576		Les communes et les établi
1517	3	243		L'augmentation de la valeu
1517	4	298		La délibération doit être 
1517	5	185		2. Lorsqu'une propriété no
1519 I	1	285		– Il est institué, au prof
1519 I	2	74		1° carrières, ardoisières,
1519 I	3	115		3° terrains d'agrément, pa
1519 I	4	76		5° sols des propriétés bât
1519 I	5	120		– Cette taxe est acquittée
1519 I	6	124		– L'assiette de cette taxe
1519 I	7	332		– Le produit de cette taxe
1519 I	8	311		Pour l'application du prem
1519 I	9	273		propriétés non bâties appl
1519 I	10	584		Pour l'application du prem
1519 I	11	408		Pour l'application du prem
1519 I	12	228		Les deuxième à avant-derni
1519 I	13	210		IV bis. – Pour la métropol
1519 I	14	150		– Le contrôle, le recouvre
1519 I	15	44		– Cette taxe n'est pas app
1520	1	1		–
1520	1	313	 territoriales	ainsi qu'aux dépenses dire
1520	2	121		Les dépenses du service de
1520	3	43		1° Les dépenses réelles de
1520	4	268		2° Les dépenses d'ordre de
1520	5	270		3° Les dépenses réelles d'
1520	6	206		Lorsqu'une commune assure 
1520	7	142		concordantes avec ce derni
1520	8	181		– Par dérogation au I, les
1520	9	205		– En cas d'institution par
1520	10	135		terrains de camping ou amé
1520	11	199		L'institution de la redeva
1520	12	31		Cette suppression prend ef
1520	13	112		à compter du 1er janvier d
1520	14	65		à compter du 1er janvier d
1520	15	816		IV.-(1) Le dégrèvement de 
1520	16	392		L'administration fiscale c
1521	1	1		–
1521	1	28	 taxe foncière	sur les propriétés bâties 
1521	1	136	 bâties ou qui	en sont temporairement exo
1521	2	135		Sont également assujetties
1521	3	17		– Sont exonérés :
1521	4	11		Les usines,
1521	5	193		Les locaux sans caractère 
1521	5	1	service public	,
1521	6	217		– 1. Les conseils municipa
1521	7	378		Les conseils municipaux on
1521	8	335		Les immeubles qui bénéfici
1521	9	338		2 bis. Les conseils munici
1521	10	200		Les exonérations visées au
1521	11	219		Sauf délibération contrair
1522	1	1		–
1522	1	56	tablie d'après	le revenu net servant de b
1522	1	15	re, défini par	l'article 1388.
1522	2	235		La base d'imposition des l
1522	3	203		– Les communes et leurs ét
1522	4	46		1639 A bis, de plafonner l
1522	4	96	ives de chaque	local à usage d'habitation
1522	4	97	i ne peut être	inférieur à deux fois le m
1522	5	54		La valeur locative moyenne
1522	5	323	haque année en	divisant le total des vale
1522	6	81		Ce plafond, réduit de 50 %
1522	7	206		- Par dérogation au II du 
1522	8	81		être calculée à l'échelle 
1522	8	285	ercommunale ou	du syndicat. Elle est déte
1522 bis	1	203		– A. - Les communes et leu
1522 bis	1	126	d'enlèvements.	La part incitative s'ajout
1522 bis	2	212		La part incitative est dét
1522 bis	3	627		Les tarifs de la part inci
1522 bis	4	329		Lorsque la quantité de déc
1522 bis	5	126		La part incitative s'ajout
1522 bis	6	337		B. - Lorsqu'un établisseme
1522 bis	7	223		La proportion de logements
1522 bis	8	277		Lorsque la condition relat
1522 bis	9	239		Lorsque cette proportion d
1522 bis	10	426		I bis. – Les communes et l
1522 bis	11	157		présent article, sauf si l
1522 bis	12	201		– Les communes et les étab
1522 bis	13	109		d'imposition, le montant e
1522 bis	14	204		En l'absence de transmissi
1522 bis	15	114		– Lorsqu'il est fait appli
1522 bis	16	149		L'article 1525 n'est pas a
1522 bis	17	389		– Le contentieux relatif à
1523	3	179		Il en est de même des occu
1526	1	1	e l'imposition	.
1526	2	97		Deuxième Partie : Impositi
1526	3	23		II : Taxes facultatives
1526	4	58		D : Taxe sur la cession de
1590	1	141		– Il est institué une taxe
1590	2	107		La taxe est acquittée par 
1590	3	110		Le barème de la taxe est f
1590	4	174		L. 142-1 ou à l'article L.
1590	5	155		2° 10 € par kilomètre carr
1590	6	318		– Le produit de la taxe es
1590	7	142		collectivités, la part rev
1590	8	36		– La taxe est déclarée et 
1590	9	252		1° Pour les redevables de 
1590	10	280		2° Pour les redevables de 
1590	11	308		3° Pour les personnes non 
1590	12	129		La déclaration comporte, l
1590	13	324		– La taxe est acquittée lo
1590	14	83		– La taxe est due pour l'a
1594 A	1	12	 au profit des	départements
1594 D	1	3	3 est fixé à 3	,80
1594 D	2	177		Il peut être modifié par l
1623	1	209		Les ordonnances, jugements
1628 bis	2	97		Deuxième Partie : Impositi
1635 sexies	1	269		– La Poste est assujettie 
1635 sexies	2	98		– Les impositions visées a
1635 sexies	3	11		2° (Abrogé)
1635 sexies	4	282		3° Les bases d'imposition 
1635 sexies	5	308		Chaque année le taux des a
1635 sexies	6	226		communications électroniqu
1635 sexies	7	389		4° Le taux applicable aux 
1635 sexies	8	344		5° Les règles relatives au
1635 sexies	9	199		6° Le produit des cotisati
1635 sexies	10	359		La fraction du produit des
1635 sexies	11	156		Un décret en Conseil d'Eta
1636 B sexies	1	83		– 1. Sous réserve des disp
1636 B sexies	2	164	Article	votent chaque année les ta
1636 B sexies	3	99		Soit faire varier dans une
1636 B sexies	4	78		Soit faire varier libremen
1636 B sexies	5	114		1° Le taux de cotisation f
1636 B sexies	6	326		-ne peuvent, par rapport à
1636 B sexies	7	309		-ou doivent être diminués,
1636 B sexies	8	160		2° Le taux de la taxe fonc
1636 B sexies	9	605		Toutefois, le taux de la t
1636 B sexies	10	57		Pour l'application des dis
1636 B sexies	11	303	mmunes membres	d'établissements publics d
1636 B sexies	12	440		Lorsque au titre d'une ann
1636 B sexies	13	267		Lorsque au titre d'une ann
1636 B sexies	14	588		Pour les communes, lorsque
1636 B sexies	15	429		Pour les communes, lorsque
1636 B sexies	16	22		L'instance délibérante
1636 B sexies	16	128	intercommunale	faisant application de l'a
1636 B sexies	17	321		moyenne des établissements
1636 B sexies	18	206		L'instance délibérante d'u
1636 B sexies	19	266		établissements publics de 
1636 B sexies	20	653		I bis. – 1. Dans les commu
1636 B sexies	21	244		Dans les communes où le ta
1636 B sexies	22	442		2. Dans les établissements
1636 B sexies	23	458		des communes membres de l'
1636 B sexies	24	359		Dans les établissements pu
1636 B sexies	25	615		I ter. – 1. Dans les commu
1636 B sexies	26	848		2. Dans les établissements
1636 B sexies	27	381		– En cas de création d'un 
1636 B sexies	28	198		Les dispositions du premie
1636 B sexies	29	10		– (Abrogé)
1636 B decies	1	184		– Les communes membres d'u
1636 B decies	2	328		– Les établissements publi
1636 B decies	3	398		Toutefois, l'obligation de
1636 B decies	4	82		Pour l'application du b du
1636 B decies	5	441		1° Le taux de la taxe fonc
1636 B decies	6	514		2° Le taux moyen pondéré d
1636 B decies	7	339		moyen pondéré des communes
1636 B decies	8	274		3° La variation des taux d
1636 B decies	9	345		Lorsque les taux définis a
1636 B decies	10	284		– Pour l'application du 3 
1636 B decies	11	626		– Pour les établissements 
1636 B decies	12	213		La majoration du taux de c
1636 B decies	13	113		application des dispositio
1636 B decies	14	300		Les décisions relatives au
1636 B decies	15	10		– (Périmé)
1636 B decies	16	11		– (Abrogé).
1636 B decies	17	58		– Pour l'application du II
1636 B decies	18	225		1° La référence au taux de
1636 B decies	19	738		2° La référence au taux mo
1636 B undecies	1	4	ater votent le	taux
1636 B undecies	4	636		Toutefois, à titre dérogat
1636 B undecies	10	606		Par exception au 2, les co
1636 B undecies	11	266		Les communes et les établi
1636 B undecies	12	254		La première année d'applic
1636 B undecies	13	97		Deuxième Partie : Impositi
