numero	categorie	objet_en_clair	code_ou_texte_porteur	siege_article	montant_M_EUR	millesime_montant	fin_fait_generateur	niveau_de_confiance	observation	etat_droit_20261001
100101	Impôt sur le revenu / Déductions et abattements pratiqués sur le revenu global / Déductions	Déduction des versements effectués en vue de la retraite mutualiste du combattant	CGI	156-II-5°	23	2026 (prévision)	Non borné	haute		156 : en vigueur
100102	Impôt sur le revenu / Déductions et abattements pratiqués sur le revenu global / Déductions	Déduction du revenu global des charges foncières supportées par les propriétaires d’immeubles classés ou inscrits au titre des monuments historiques ou labellisés Fondation du patrimoine et non productifs de revenus	CGI	156-II-1° ter et 156 bis	30	2026 (prévision)	Non borné	haute		156 : en vigueur · 156 bis : en vigueur
100105	Impôt sur le revenu / Déductions et abattements pratiqués sur le revenu global / Déductions	Déduction des avantages en nature consentis en l'absence d'obligation alimentaire à des personnes âgées de plus de 75 ans, de condition modeste, qui vivent sous le toit du contribuable	CGI	156-II-2° ter	3	2026 (prévision)	Non borné	haute		156 : en vigueur
100114	Impôt sur le revenu / Déductions et abattements pratiqués sur le revenu global / Déductions	Déduction des travaux de grosses réparations supportés par les nus-propriétaires dans le cas de démembrements de propriété consécutifs à une succession ou une donation	CGI	156-II-2° quater	1	2026 (prévision)	2017	haute		156 : en vigueur
100201	Impôt sur le revenu / Déductions et abattements pratiqués sur le revenu global / Abattements	Abattement en faveur des personnes âgées ou invalides de condition modeste	CGI	157 bis	11	2026 (prévision)	Non borné	haute		157 bis : en vigueur
100202	Impôt sur le revenu / Déductions et abattements pratiqués sur le revenu global / Abattements	Abattement en faveur des contribuables ayant des enfants mariés ou chargés de famille rattachés à leur foyer fiscal	CGI	196 B	8	2026 (prévision)	Non borné	haute		196 B : en vigueur
110102	Impôt sur le revenu / Calcul de l'impôt / Demi-parts supplémentaires	Demi-part supplémentaire pour les contribuables vivant seuls ayant eu à titre exclusif ou principal, en vivant seuls, la charge d'enfants pendant au moins cinq ans	CGI	195-1-a,b,e, 197-I-2	684	2026 (prévision)	Non borné	moyenne	référence multiple ou renvoi à contrôler	195 : en vigueur · 197 : en vigueur
110103	Impôt sur le revenu / Calcul de l'impôt / Demi-parts supplémentaires	Demi-part supplémentaire pour les contribuables (et leurs conjoints survivants) de plus de 74 ans titulaires de la carte du combattant et pour les conjoints survivants de plus de 74 ans de personnes titulaires de la carte du combattant au moment de leur décès	CGI	195-1-f, 195-6	475	2026 (prévision)	Non borné	haute		195 : en vigueur
110104	Impôt sur le revenu / Calcul de l'impôt / Demi-parts supplémentaires	Demi-part supplémentaire pour les contribuables invalides	CGI	195-1-c,d,d bis, 195-3 à 5	538	2026 (prévision)	Non borné	moyenne	référence multiple ou renvoi à contrôler	195 : en vigueur · 5 : en vigueur
110107	Impôt sur le revenu / Calcul de l'impôt / Demi-parts supplémentaires	Maintien du quotient conjugal pour les contribuables veufs ayant des enfants à charge	CGI	194	115	2026 (prévision)	Non borné	haute		194 : en vigueur
110109	Impôt sur le revenu / Calcul de l'impôt / Demi-parts supplémentaires	Demi-part supplémentaire ou quart de part supplémentaire en cas de résidence alternée, par enfant à charge titulaire de la carte d'invalidité ou part supplémentaire par personne rattachée au foyer fiscal titulaire de la carte d'invalidité	CGI	195-2, 196 A bis	177	2026 (prévision)	Non borné	haute		195 : en vigueur · 196 A bis : en vigueur
110110	Impôt sur le revenu / Calcul de l'impôt / Demi-parts supplémentaires	Demi-part supplémentaire, ou quart de part supplémentaire en cas de résidence alternée des enfants à charge, accordée aux parents isolés	CGI	194-II	865	2026 (prévision)	Non borné	haute		194 : en vigueur
110201	Impôt sur le revenu / Calcul de l'impôt / Réductions d'impôt et crédits d'impôt	Réduction d'impôt au titre des dons	CGI	200	2204	2026 (prévision)	Non borné	haute		200 : fin programmée 2027-01-01 (version suivante)
110202	Impôt sur le revenu / Calcul de l'impôt / Réductions d'impôt et crédits d'impôt	Crédit d'impôt au titre des cotisations versées aux organisations syndicales représentatives de salariés et aux associations professionnelles nationales de militaires	CGI	199 quater C	156	2026 (prévision)	Non borné	haute		199 quater C : en vigueur
110203	Impôt sur le revenu / Calcul de l'impôt / Réductions d'impôt et crédits d'impôt	Crédit d'impôt pour frais de garde des enfants âgés de moins de 6 ans	CGI	200 quater B	1799	2026 (prévision)	Non borné	haute		200 quater B : en vigueur
110205	Impôt sur le revenu / Calcul de l'impôt / Réductions d'impôt et crédits d'impôt	Réduction d'impôt au titre des primes des contrats de rente survie et des contrats d'épargne handicap	CGI	199 septies	6	2026 (prévision)	Non borné	haute		199 septies : en vigueur
110210	Impôt sur le revenu / Calcul de l'impôt / Réductions d'impôt et crédits d'impôt	Réduction d’impôt au titre des investissements locatifs et de la souscription au capital de certaines sociétés réalisés jusqu’au 31/12/2017 et au titre des travaux de réhabilitation de logements réalisés jusqu’au 31/12/2029, dans les départements d'outre-mer, à Saint-Pierre-et-Miquelon, en Nouvelle-Calédonie, en Polynésie française, dans les îles Wallis et Futuna et les Terres australes et antarctiques françaises	CGI	199 undecies A	21	2026 (prévision)	2029	haute		199 undecies A : en vigueur
110211	Impôt sur le revenu / Calcul de l'impôt / Réductions d'impôt et crédits d'impôt	Réduction d'impôt pour frais de comptabilité et d'adhésion à un centre de gestion ou une association agréés	CGI	199 quater B	143	2025 (prévision)	2024	haute		199 quater B : abrogé
110213	Impôt sur le revenu / Calcul de l'impôt / Réductions d'impôt et crédits d'impôt	Réduction d'impôt au titre des frais de dépendance et d'hébergement pour les personnes dépendantes accueillies en établissement spécialisé	CGI	199 quindecies	339	2026 (prévision)	Non borné	haute		199 quindecies : en vigueur
110215	Impôt sur le revenu / Calcul de l'impôt / Réductions d'impôt et crédits d'impôt	Réduction d'impôt pour frais de scolarité dans l'enseignement secondaire	CGI	199 quater F	229	2025 (prévision)	2024	haute		199 quater F : en vigueur
110216	Impôt sur le revenu / Calcul de l'impôt / Réductions d'impôt et crédits d'impôt	Réduction d'impôt au titre des souscriptions en numéraire au capital initial ou aux augmentations de capital de PME [européennes]	CGI	199 terdecies-0 A-I, 199 terdecies-0-AA	53	2026 (prévision)	Non borné	haute		199 terdecies-0 A : en vigueur · 199 : en vigueur
110218	Impôt sur le revenu / Calcul de l'impôt / Réductions d'impôt et crédits d'impôt	Réduction d'impôt au titre de la souscription de parts de fonds communs de placement dans l'innovation (FCPI)	CGI	199 terdecies-0 A, VI	50	2026 (prévision)	Non borné	haute		199 terdecies-0 A : en vigueur
110223	Impôt sur le revenu / Calcul de l'impôt / Réductions d'impôt et crédits d'impôt	Réduction d'impôt au titre de la prestation compensatoire versée en tout ou partie sous forme d'argent ou d'attributions de biens ou de droits ou sous forme de capital se substituant à des rentes	CGI	199 octodecies	56	2026 (prévision)	Non borné	haute		199 octodecies : en vigueur
110224	Impôt sur le revenu / Calcul de l'impôt / Réductions d'impôt et crédits d'impôt	Réduction d'impôt sur le revenu à raison des investissements productifs réalisés dans les départements et collectivités d'outre-mer	CGI	199 undecies B	831	2026 (prévision)	2029	haute		199 undecies B : en vigueur
110228	Impôt sur le revenu / Calcul de l'impôt / Réductions d'impôt et crédits d'impôt	Réduction d'impôt au titre de la souscription de parts de fonds d'investissement de proximité (FIP)	CGI	199 terdecies-0 A VI	9	2025 (prévision)	2025	haute		199 terdecies-0 A : en vigueur
110229	Impôt sur le revenu / Calcul de l'impôt / Réductions d'impôt et crédits d'impôt	Réduction d'impôt au titre des intérêts d'emprunts souscrits par une personne physique en vue de financer la reprise d'une entreprise exploitée sous forme de société soumise à l'impôt sur les sociétés	CGI	199 terdecies-0 B	ε	2026 (prévision)	2011	haute		199 terdecies-0 B : en vigueur
110236	Impôt sur le revenu / Calcul de l'impôt / Réductions d'impôt et crédits d'impôt	Crédit d'impôt pour dépenses d'équipements de l'habitation principale en faveur de l'aide aux personnes	CGI	200 quater A	16	2026 (prévision)	2026	haute		200 quater A : fin programmée 2027-01-01 (version suivante)
110240	Impôt sur le revenu / Calcul de l'impôt / Réductions d'impôt et crédits d'impôt	Crédit d'impôt au titre des dépenses engagées par les exploitants agricoles pour assurer leur remplacement	CGI	200 undecies	36	2026 (prévision)	2027	haute		200 undecies : en vigueur
110241	Impôt sur le revenu / Calcul de l'impôt / Réductions d'impôt et crédits d'impôt	Réduction d'impôt au titre des cotisations versées aux associations syndicales autorisées ayant pour objet la réalisation de travaux de prévention en vue de la défense des forêts contre les incendies sur des terrains inclus dans les bois classés	CGI	200 decies A	1	2026 (prévision)	Non borné	haute		200 decies A : en vigueur
110242	Impôt sur le revenu / Calcul de l'impôt / Réductions d'impôt et crédits d'impôt	Réduction d'impôt pour frais de scolarité dans l'enseignement supérieur	CGI	199 quater F	225	2025 (prévision)	2024	haute		199 quater F : en vigueur
110244	Impôt sur le revenu / Calcul de l'impôt / Réductions d'impôt et crédits d'impôt	Réduction d’impôt au titre des souscriptions en numéraire, réalisées entre le 1er janvier 2006 et le 31 décembre 2026, au capital de sociétés anonymes agréées ayant pour seule activité le financement d’œuvres cinématographiques ou audiovisuelles (SOFICA)	CGI	199 unvicies	35	2026 (prévision)	2026	haute		199 unvicies : en vigueur
110245	Impôt sur le revenu / Calcul de l'impôt / Réductions d'impôt et crédits d'impôt	Réduction d'impôt au titre de la souscription de parts de fonds d'investissement de proximité (FIP) investis dans les entreprises corses	CGI	199 terdecies-0 A-VII	10	2026 (prévision)	Non borné	haute		199 terdecies-0 A : en vigueur
110246	Impôt sur le revenu / Calcul de l'impôt / Réductions d'impôt et crédits d'impôt	Crédit d'impôt au titre de l'emploi d'un salarié à domicile	CGI	199 sexdecies-1 à 4	7208	2026 (prévision)	Non borné	haute		199 sexdecies : en vigueur
110248	Impôt sur le revenu / Calcul de l'impôt / Réductions d'impôt et crédits d'impôt	Réduction d'impôt sur le revenu au titre des travaux de conservation ou de restauration d'objets mobiliers classés monuments historiques	CGI	199 duovicies-I	1	2026 (prévision)	Non borné	haute		199 duovicies : en vigueur
110249	Impôt sur le revenu / Calcul de l'impôt / Réductions d'impôt et crédits d'impôt	Réduction d’impôt sur le revenu au titre des dépenses de restauration d’immeubles bâtis situés dans les sites patrimoniaux remarquables (SPR), les quartiers anciens dégradés, et les quartiers du Nouveau programme national de renouvellement urbain (NPNRU) : Nouveau dispositif Malraux	CGI	199 tervicies	45	2026 (prévision)	Non borné	haute		199 tervicies : en vigueur
110250	Impôt sur le revenu / Calcul de l'impôt / Réductions d'impôt et crédits d'impôt	Réduction d'impôt sur le revenu au titre des investissements locatifs réalisés dans le secteur de la location meublée non professionnelle (dispositif Censi-Bouvard)	CGI	199 sexvicies	37	2026 (prévision)	2025	haute		199 sexvicies : en vigueur
110251	Impôt sur le revenu / Calcul de l'impôt / Réductions d'impôt et crédits d'impôt	Réduction d'impôt sur le revenu en faveur de l'investissement locatif du 1er janvier 2009 au 31 décembre 2012 et, sous conditions, jusqu'au 31 mars 2013 dans les zones présentant un déséquilibre entre l'offre et la demande de logements (sous conditions de loyer) : Dispositif SCELLIER	CGI	199 septvicies	38	2026 (prévision)	2025	haute		199 septvicies : fin programmée 2027-01-01 (version suivante)
110252	Impôt sur le revenu / Calcul de l'impôt / Réductions d'impôt et crédits d'impôt	Réduction d'impôt sur le revenu majorée en faveur de l'investissement locatif du 1er janvier 2009 au 31 décembre 2012 et, sous conditions, jusqu'au 31 mars 2013 dans le secteur intermédiaire dans les zones présentant un déséquilibre entre l'offre et la demande de logements accompagnée d'une déduction spécifique sur les revenus tirés de ces logements (sous conditions de loyer plus strictes et conditions de ressources du locataire) : Dispositif SCELLIER intermédiaire	CGI	199 septvicies	176	2026 (prévision)	2025	haute		199 septvicies : fin programmée 2027-01-01 (version suivante)
110256	Impôt sur le revenu / Calcul de l'impôt / Réductions d'impôt et crédits d'impôt	Réduction d'impôt au titre des investissements effectués dans le secteur du logement social dans les collectivités d'outre-mer et en Nouvelle-Calédonie	CGI	199 undecies C	12	2026 (prévision)	2029	haute		199 undecies C : en vigueur
110258	Impôt sur le revenu / Calcul de l'impôt / Réductions d'impôt et crédits d'impôt	Réduction d'impôt sur le revenu en faveur des investissements locatifs réalisés outre-mer jusqu'au 31 décembre 2012 ou, sous conditions, jusqu'au 31 mars 2013 : dispositif SCELLIER outre-mer	CGI	199 septvicies XI	ε	2026 (prévision)	2025	haute		199 septvicies : fin programmée 2027-01-01 (version suivante)
110259	Impôt sur le revenu / Calcul de l'impôt / Réductions d'impôt et crédits d'impôt	Réduction d'impôt sur le revenu en faveur des investissements locatifs réalisés outre-mer dans le secteur intermédiaire jusqu'au 31 décembre 2012 ou, sous conditions, jusqu'au 31 mars 2013 : dispositif SCELLIER intermédiaire outre-mer	CGI	199 septvicies XI	37	2026 (prévision)	2025	haute		199 septvicies : fin programmée 2027-01-01 (version suivante)
110260	Impôt sur le revenu / Calcul de l'impôt / Réductions d'impôt et crédits d'impôt	Réduction d’impôt au titre de la souscription de parts de fonds d’investissement de proximité investis dans des sociétés qui exercent leurs activités dans les départements et collectivités d’outre-mer (FIPOM)	CGI	199 terdecies-0 A-VIII	5	2026 (prévision)	Non borné	haute		199 terdecies-0 A : en vigueur
110261	Impôt sur le revenu / Calcul de l'impôt / Réductions d'impôt et crédits d'impôt	Réductions d'impôt sur le revenu en faveur de l'investissement locatif intermédiaire (dispositifs Duflot et Pinel)	CGI	199 novovicies	1349	2026 (prévision)	2024	haute		199 novovicies : fin programmée 2027-01-01 (version suivante)
110262	Impôt sur le revenu / Calcul de l'impôt / Réductions d'impôt et crédits d'impôt	Crédit d'impôt au titre d’investissements et travaux forestiers et cotisations d'assurance de bois et forêts	CGI	200 quindecies	22	2026 (prévision)	2027	haute		200 quindecies : en vigueur
110263	Impôt sur le revenu / Calcul de l'impôt / Réductions d'impôt et crédits d'impôt	Réduction d'impôt accordée au titre des souscriptions en numéraire au capital d'entreprises de presse	CGI	199 terdecies 0-C	ε	2026 (prévision)	2027	haute		199 : en vigueur
110265	Impôt sur le revenu / Calcul de l'impôt / Réductions d'impôt et crédits d'impôt	Réduction d'impôt en faveur de l'investissement locatif intermédiaire rénové (Dispositif Denormandie)	CGI	199 novovicies-I-B-5°	7	2026 (prévision)	2027	haute		199 novovicies : fin programmée 2027-01-01 (version suivante)
110266	Impôt sur le revenu / Calcul de l'impôt / Réductions d'impôt et crédits d'impôt	Réduction d'impôt accordée au titre des souscriptions en numéraire au capital initial ou aux augmentations de capital d'une société foncière solidaire	CGI	199 terdecies-0 AB	10	2026 (prévision)	Non borné	haute		199 terdecies-0 AB : en vigueur
110268	Impôt sur le revenu / Calcul de l'impôt / Réductions d'impôt et crédits d'impôt	Crédit d’impôt destiné à l’acquisition et à la pose de systèmes de charge pour véhicule électrique	CGI	200 quater C	23	2026 (prévision)	2025	haute		200 quater C : en vigueur
110269	Impôt sur le revenu / Calcul de l'impôt / Réductions d'impôt et crédits d'impôt	Réduction d’impôt sur le revenu en faveur des logements donnés en location dans le cadre d’une convention ANAH (dispositif Loc’Avantages)	CGI	199 tricies	10	2026 (prévision)	2027	haute		199 tricies : en vigueur
110270	Impôt sur le revenu / Calcul de l'impôt / Réductions d'impôt et crédits d'impôt	Réduction d’impôt sur le revenu au titre des souscriptions au capital de jeunes entreprises innovantes	CGI	199 terdecies-0 A bis	10	2026 (prévision)	2028	haute		199 terdecies-0 A bis : en vigueur
110271	Impôt sur le revenu / Calcul de l'impôt / Réductions d'impôt et crédits d'impôt	Réduction d’impôt sur le revenu au titre des souscriptions au capital de jeunes entreprises innovantes qui réalisent un pourcentage de dépenses de recherche supérieur à 30 %	CGI	199 terdecies-0 A ter	20	2026 (prévision)	2028	haute		199 terdecies-0 A ter : fin programmée 2029-01-01 (version suivante)
110302	Impôt sur le revenu / Calcul de l'impôt / Dispositions diverses	Réduction, dans la limite d’un certain montant, pour les contribuables des départements d’outre-mer de la cotisation résultant du barème (30 % en Guadeloupe, Martinique et Réunion ; 40 % en Guyane et à Mayotte)	CGI	197-I-3	426	2026 (prévision)	Non borné	haute		197 : en vigueur
110307	Impôt sur le revenu / Calcul de l'impôt / Dispositions diverses	Imposition des salaires ou des bénéfices des écrivains, des artistes et des sportifs selon une moyenne triennale ou quinquennale	CGI	84 A, 100 bis	nc	2026 (prévision)	Non borné	haute		84 A : en vigueur · 100 bis : en vigueur
110308	Impôt sur le revenu / Calcul de l'impôt / Dispositions diverses	Décharge de paiement d'impôt sur le revenu en cas de décès du fait d'actes de terrorisme, de la participation à une opération extérieure ou de sécurité intérieure ou dans des circonstances ayant entraîné une citation à l'ordre de la Nation	CGI	1691 ter	nc	2026 (prévision)	Non borné	haute		1691 ter : en vigueur
120101	Impôt sur le revenu / Traitements, salaires, pensions et rentes viagères / Exonérations spécifiques	Exonération du salaire différé de l'héritier d'un exploitant agricole ayant cessé de participer directement et gratuitement à l'exploitation avant le 1er juillet 2014	CGI	81-3°	2	2026 (prévision)	Non borné	haute		81 : fin programmée 2029-01-01 (version suivante)
120104	Impôt sur le revenu / Traitements, salaires, pensions et rentes viagères / Exonérations spécifiques	Exonération du traitement attaché à la légion d'honneur et à la médaille militaire	CGI	81-7°	ε	2025 (prévision)	2024	haute		81 : fin programmée 2029-01-01 (version suivante)
120108	Impôt sur le revenu / Traitements, salaires, pensions et rentes viagères / Exonérations spécifiques	Exonération des sommes versées au titre de la participation, de l'intéressement, de l'abondement, d'un partage de plus-value, des primes de partage de la valeur, d’un plan de partage de la valorisation de l’entreprise, aux plans d'épargne salariale et aux plans d'épargne retraite d'entreprise collectifs ou obligatoires	CGI	80 sexdecies, 81-18°-a, 81-18°-a bis, 81-18°-a ter, 81-18° bis, 81 ter, 157-16° bis, 157-17°, 163 bis AA, 163 bis B	2890	2026 (prévision)	Non borné	moyenne	référence multiple ou renvoi à contrôler	80 sexdecies : en vigueur · 81 : fin programmée 2029-01-01 (version suivante) · 81 ter : en vigueur · 157 : en vigueur · 163 bis AA : en vigueur · 163 bis B : en vigueur
120109	Impôt sur le revenu / Traitements, salaires, pensions et rentes viagères / Exonérations spécifiques	Exonération du salaire des apprentis et des gratifications versées aux stagiaires versées à compter du 12 juillet 2014	CGI	81 bis	526	2026 (prévision)	Non borné	haute		81 bis : en vigueur
120111	Impôt sur le revenu / Traitements, salaires, pensions et rentes viagères / Exonérations spécifiques	Exonération de la participation des employeurs au financement des titres-restaurant	CGI	81-19°	555	2026 (prévision)	Non borné	haute		81 : fin programmée 2029-01-01 (version suivante)
120112	Impôt sur le revenu / Traitements, salaires, pensions et rentes viagères / Exonérations spécifiques	Exonération de la contribution patronale et de la participation financière du comité d'entreprise et des organismes à caractère social au financement des chèques vacances	CGI	81-19° bis	90	2026 (prévision)	Non borné	haute		81 : fin programmée 2029-01-01 (version suivante)
120113	Impôt sur le revenu / Traitements, salaires, pensions et rentes viagères / Exonérations spécifiques	Exonération partielle de la prise en charge par l'employeur, une collectivité territoriale ou l’opérateur France Travail, des frais de transport entre le domicile et le lieu de travail	CGI	81-19° ter	250	2026 (prévision)	Non borné	haute		81 : fin programmée 2029-01-01 (version suivante)
120116	Impôt sur le revenu / Traitements, salaires, pensions et rentes viagères / Exonérations spécifiques	Exonération des gratifications allouées à l'occasion de la remise de la médaille d'honneur du travail	CGI	157-6°	8	2025 (prévision)	2024	haute		157 : en vigueur
120117	Impôt sur le revenu / Traitements, salaires, pensions et rentes viagères / Exonérations spécifiques	Exonération totale pour les prestations et rentes viagères servies aux victimes d'accidents du travail et de maladies professionnelles et à hauteur de 50 % pour les indemnités temporaires	CGI	81-8°	533	2026 (prévision)	Non borné	haute		81 : fin programmée 2029-01-01 (version suivante)
120123	Impôt sur le revenu / Traitements, salaires, pensions et rentes viagères / Exonérations spécifiques	Exonération des vacations horaires et des avantages retraite servis aux sapeurs-pompiers volontaires	CGI	81-29°	79	2026 (prévision)	Non borné	haute		81 : fin programmée 2029-01-01 (version suivante)
120124	Impôt sur le revenu / Traitements, salaires, pensions et rentes viagères / Exonérations spécifiques	Exonération totale ou partielle des sommes versées aux salariés détachés à l'étranger	CGI	81 A	nc	2026 (prévision)	Non borné	haute		81 A : en vigueur
120126	Impôt sur le revenu / Traitements, salaires, pensions et rentes viagères / Exonérations spécifiques	Exonération des pensions servies en vertu des dispositions du code des pensions militaires d'invalidité et des victimes de guerre, de la retraite du combattant, des retraites mutuelles servies aux anciens combattants et aux victimes de guerre, de certaines allocations servies aux anciens harkis et assimilées ou à leurs ayant droits et de certaines prestations versées aux orphelins de guerre	CGI	81-4° (a, b, c, d et e), 81-12°	65	2026 (prévision)	Non borné	moyenne	référence multiple ou renvoi à contrôler	81 : fin programmée 2029-01-01 (version suivante)
120127	Impôt sur le revenu / Traitements, salaires, pensions et rentes viagères / Exonérations spécifiques	Exonération des indemnités versées aux réservistes en période d'instruction, aux personnes accomplissant un service civique ou une autre forme de volontariat	CGI	81-17°, DM	126	2026 (prévision)	Non borné	haute		81 : fin programmée 2029-01-01 (version suivante)
120128	Impôt sur le revenu / Traitements, salaires, pensions et rentes viagères / Exonérations spécifiques	Exonération de la rente viagère lorsqu'un PEA se dénoue après 5 ans ou un PEP après 8 ans	CGI	157-5° ter, 157-22°	44	2026 (prévision)	Non borné	haute		157 : en vigueur
120129	Impôt sur le revenu / Traitements, salaires, pensions et rentes viagères / Exonérations spécifiques	Exonération de l'aide financière versée par l'Etat aux créateurs ou repreneurs d'entreprises (art. L. 5141-2 du code du travail)	CGI	81-35°	ε	2025 (prévision)	2024	haute		81 : fin programmée 2029-01-01 (version suivante)
120131	Impôt sur le revenu / Traitements, salaires, pensions et rentes viagères / Exonérations spécifiques	Exonération temporaire des suppléments de rémunération versés aux salariés et mandataires sociaux au titre de l'exercice d'une activité professionnelle en France (primes d'impatriation), de la fraction de leur rémunération correspondant à l'activité exercée à l'étranger et de la rémunération des salariés et dirigeants de la Chambre de commerce internationale	CGI	81 D, 155 B-I	405	2026 (prévision)	Non borné	haute		81 D : en vigueur · 155 B : en vigueur
120132	Impôt sur le revenu / Traitements, salaires, pensions et rentes viagères / Exonérations spécifiques	Exonération d'impôt sur le revenu (sur option) des salaires perçus par les jeunes au titre d'une activité exercée pendant leurs études secondaires ou supérieures ou leurs congés scolaires ou universitaires	CGI	81-36°	320	2026 (prévision)	Non borné	haute		81 : fin programmée 2029-01-01 (version suivante)
120133	Impôt sur le revenu / Traitements, salaires, pensions et rentes viagères / Exonérations spécifiques	Exonération des indemnités versées aux victimes de l'amiante	CGI	81-33° bis	9	2026 (prévision)	Non borné	haute		81 : fin programmée 2029-01-01 (version suivante)
120134	Impôt sur le revenu / Traitements, salaires, pensions et rentes viagères / Exonérations spécifiques	Exonération de l'aide financière versée par l'employeur ou par le comité d'entreprise en faveur des salariés afin de financer des services à la personne	CGI	81-37°	50	2026 (prévision)	Non borné	haute		81 : fin programmée 2029-01-01 (version suivante)
120138	Impôt sur le revenu / Traitements, salaires, pensions et rentes viagères / Exonérations spécifiques	Exonération sous plafond des indemnités reçues par les salariés en cas de rupture conventionnelle du contrat de travail (ou dispositifs assimilés)	CGI	80 duodecies-1-6°	285	2026 (prévision)	Non borné	haute		80 duodecies : en vigueur
120139	Impôt sur le revenu / Traitements, salaires, pensions et rentes viagères / Exonérations spécifiques	Exonération des sommes correspondant à des jours de congés non-pris ou prélevées sur un compte épargne-temps (CET) pour alimenter un PERCO ou un plan d'épargne retraite d'entreprise collectif ou obligatoire, dans la limite de dix jours par an	CGI	81-18°-b, 81-18°-b bis	5	2026 (prévision)	Non borné	haute		81 : fin programmée 2029-01-01 (version suivante)
120140	Impôt sur le revenu / Traitements, salaires, pensions et rentes viagères / Exonérations spécifiques	Exonération du pécule modulable d'incitation au départ des militaires	CGI	81-30°	3	2026 (prévision)	2030	haute		81 : fin programmée 2029-01-01 (version suivante)
120141	Impôt sur le revenu / Traitements, salaires, pensions et rentes viagères / Exonérations spécifiques	Exonération de l'indemnité de départ volontaire versée dans le cadre d'une restructuration ou d'une réorganisation du ministère de la défense	CGI	81-30° bis	ε	2026 (prévision)	2025	haute		81 : fin programmée 2029-01-01 (version suivante)
120142	Impôt sur le revenu / Traitements, salaires, pensions et rentes viagères / Exonérations spécifiques	Exonération de la prise en charge directe à titre de pensions alimentaires des dépenses d'hospitalisation ou d'hébergement en établissement : - des ascendants privés de ressources suffisantes par leurs enfants ou petits-enfants ; - des enfants majeurs infirmes dénués de ressources par leurs parents	BOFIP (doctrine)	BOI-RSA-PENS-10-30	17	2026 (prévision)	Non borné	non identifiable	siège légal non identifiable à l annexe — doctrine administrative seule	sans siège légal
120143	Impôt sur le revenu / Traitements, salaires, pensions et rentes viagères / Exonérations spécifiques	Exonération des indemnités versées aux victimes des essais nucléaires français et à leurs ayants-droit	CGI	81-33° ter	1	2026 (prévision)	Non borné	haute		81 : fin programmée 2029-01-01 (version suivante)
120144	Impôt sur le revenu / Traitements, salaires, pensions et rentes viagères / Exonérations spécifiques	Exonération de l’impôt sur le revenu des indemnités versées aux militaires au titre de leur participation aux opérations visant à la défense de la souveraineté de la France et à la préservation de l'intégrité de son territoire, engagées ou renforcées à la suite des attentats commis sur le territoire national en 2015	CGI	81-23° bis	8	2026 (prévision)	Non borné	haute		81 : fin programmée 2029-01-01 (version suivante)
120145	Impôt sur le revenu / Traitements, salaires, pensions et rentes viagères / Exonérations spécifiques	Exonération de l’impôt sur le revenu de l’indemnité journalière d’absence temporaire versée aux personnels des compagnies républicaines de sécurité et aux gendarmes mobiles	CGI	81-23° ter	15	2026 (prévision)	Non borné	haute		81 : fin programmée 2029-01-01 (version suivante)
120146	Impôt sur le revenu / Traitements, salaires, pensions et rentes viagères / Exonérations spécifiques	Exonération de l’impôt sur le revenu, sous certaines conditions et limites, des rémunérations versées à raison des heures supplémentaires et complémentaires réalisées à compter du 1er janvier 2019	CGI	81 quater	2250	2026 (prévision)	Non borné	haute		81 quater : en vigueur
120147	Impôt sur le revenu / Traitements, salaires, pensions et rentes viagères / Exonérations spécifiques	Exonération partielle des indemnités journalières versées aux exploitants agricoles au titre d'un régime d'assurance obligatoire contre les accidents du travail et les maladies professionnelles	CGI	72 A bis	3	2026 (prévision)	Non borné	haute		72 A bis : en vigueur
120201	Impôt sur le revenu / Traitements, salaires, pensions et rentes viagères / Exonérations des prestations familiales et sociales	Exonération de l'aide personnalisée au logement, de l'allocation de logement familiale et de l'allocation de logement sociale	CGI	81-2° et 2° bis	61	2026 (prévision)	Non borné	haute		81 : fin programmée 2029-01-01 (version suivante)
120202	Impôt sur le revenu / Traitements, salaires, pensions et rentes viagères / Exonérations des prestations familiales et sociales	Exonération des prestations familiales et de l'allocation aux adultes handicapés	CGI	81-2°, 81-14° et 81-14° bis	1558	2026 (prévision)	Non borné	haute		81 : fin programmée 2029-01-01 (version suivante)
120203	Impôt sur le revenu / Traitements, salaires, pensions et rentes viagères / Exonérations des prestations familiales et sociales	Exonération des allocations, indemnités et prestations d'assistance et d'assurance et de la prime d'activité	CGI	81-9° et 9° quinquies	140	2026 (prévision)	Non borné	haute		81 : fin programmée 2029-01-01 (version suivante)
120204	Impôt sur le revenu / Traitements, salaires, pensions et rentes viagères / Exonérations des prestations familiales et sociales	Exonération des indemnités journalières de sécurité sociale servies au titre des maladies "longues et coûteuses"	CGI	80 quinquies	621	2025 (prévision)	2024	haute		80 quinquies : en vigueur
120205	Impôt sur le revenu / Traitements, salaires, pensions et rentes viagères / Exonérations des prestations familiales et sociales	Exonération de l'allocation personnalisée d'autonomie (APA)	CGI	81-2°	137	2026 (prévision)	Non borné	haute		81 : fin programmée 2029-01-01 (version suivante)
120206	Impôt sur le revenu / Traitements, salaires, pensions et rentes viagères / Exonérations des prestations familiales et sociales	Exonération de la prestation de compensation servie aux personnes handicapées en application de l'article L. 245-1 du code de l'action sociale et des familles	CGI	81-9° ter	100	2026 (prévision)	Non borné	haute		81 : fin programmée 2029-01-01 (version suivante)
120401	Impôt sur le revenu / Traitements, salaires, pensions et rentes viagères / Abattements	Abattement de 10 % sur le montant des pensions (y compris les pensions alimentaires) et des retraites	CGI	158-5-a	4665	2026 (prévision)	Non borné	haute		158 : en vigueur
120402	Impôt sur le revenu / Traitements, salaires, pensions et rentes viagères / Abattements	Abattements des articles 150-0 D ou 150-0 D ter du CGI au gain d'acquisition d'actions gratuites dont l'autorisation d'attribution par l'assemblée générale intervient du 8 août 2015 au 31 décembre 2017 et abattement de 50 % (ou le cas échéant de l’article 150-0 D ter) lorsque cette autorisation d’attribution intervient à compter du 1er janvier 2018.	CGI	80 quaterdecies, 200 A-3	245	2026 (prévision)	Non borné	haute		80 quaterdecies : en vigueur · 200 A : en vigueur
120501	Impôt sur le revenu / Traitements, salaires, pensions et rentes viagères / Régimes spéciaux d'imposition	Régime spécial d'imposition des assistants maternels et des assistants familiaux régis par les articles L. 421-1 et suivants et L. 423-1 et suivants du code de l'action sociale et des familles	CGI	80 sexies	427	2026 (prévision)	Non borné	haute		80 sexies : en vigueur
120503	Impôt sur le revenu / Traitements, salaires, pensions et rentes viagères / Régimes spéciaux d'imposition	Imposition, sous certaines conditions, aux taux forfaitaires de 41%, 30 % ou 18 % des gains de levée d'options de souscription ou d'achat d'actions attribuées avant le 28 septembre 2012	CGI	80 bis, 150-0 A-II-1, 150-0 D-8, 163 bis C, 200 A-6	nc	2026 (prévision)	2012	moyenne	référence multiple ou renvoi à contrôler	80 bis : en vigueur · 150-0 A : en vigueur · 150-0 D : en vigueur · 163 bis : en vigueur · 200 A : en vigueur
120504	Impôt sur le revenu / Traitements, salaires, pensions et rentes viagères / Régimes spéciaux d'imposition	Imposition aux taux forfaitaires de 19 % puis de 12,8 %, après application le cas échéant de l’abattement de l’article 150-0 D ter, des gains nets provenant de la cession des titres souscrits en exercice de bons de parts de créateur d’entreprise dont la souscription intervient avant le 1er janvier 2025 et imposition au taux forfaitaire de 12,8 % de l’avantage salarial (« gain d’acquisition ») provenant de l’exercice de ces mêmes titres dont la souscription intervient à compter du 1er janvier 2025	CGI	163 bis G	nc	2026 (prévision)	Non borné	haute		163 bis G : en vigueur
120506	Impôt sur le revenu / Traitements, salaires, pensions et rentes viagères / Régimes spéciaux d'imposition	Imposition au taux forfaitaire de 30 % de l'avantage (« gain d'acquisition ») résultant de l'attribution d'actions gratuites avant le 28 septembre 2012	CGI	80 quaterdecies, 200 A-6 bis	nc	2026 (prévision)	2012	haute		80 quaterdecies : en vigueur · 200 A : en vigueur
120508	Impôt sur le revenu / Traitements, salaires, pensions et rentes viagères / Régimes spéciaux d'imposition	Imposition au taux forfaitaire des prestations de retraite versées sous forme de capital : 12,8 % pour la part correspondant aux produits provenant d'un plan d'épargne retraite ; 7,5 % pour les autres prestations de retraite servies sous forme de capital	CGI	158-5-b quinquies-2° et 163 bis	379	2026 (prévision)	Non borné	haute		158 : en vigueur · 163 bis : en vigueur
120509	Impôt sur le revenu / Traitements, salaires, pensions et rentes viagères / Régimes spéciaux d'imposition	Etalement sur quatre ans de l'imposition du montant des primes versées par l'Etat aux sportifs médaillés aux Jeux olympiques et paralympiques et à leur guide	CGI	163-0 A ter	0	2026 (prévision)	Non borné	haute		163-0 A ter : en vigueur
120510	Impôt sur le revenu / Traitements, salaires, pensions et rentes viagères / Régimes spéciaux d'imposition	Imposition au taux forfaitaire de 12,8 % des gains nets de cession acquis en contrepartie de l’exercice de leurs fonctions par des salariés ou des dirigeants, après application le cas échéant des abattements prévus aux articles 150-0 D et 150-0 D ter du CGI, dans la limite d'un montant déterminé par application au prix payé pour la souscription ou l'acquisition des titres cédés d'un multiple de la performance financière de la société émettrice des titres, pour les cessions réalisées à compter du 15 février 2025	CGI	163 bis H	nc	2026 (prévision)	Non borné	haute		163 bis H : en vigueur
130101	Impôt sur le revenu / Revenus fonciers / Exonérations	Exonération d’impôt sur le revenu au titre des revenus fonciers pour les associés personnes physiques des SCI d’accession progressive à la propriété	CGI	16	nc	2026 (prévision)	Non borné	haute		16 : en vigueur
130201	Impôt sur le revenu / Revenus fonciers / Déductions	Déduction des dépenses de réparations et d'amélioration	CGI	31-I-1°-a, b et b bis et 31-I-2°-a pour les dépenses visées aux a, b et b bis du I-1°	nc	2026 (prévision)	Non borné	moyenne	référence multiple ou renvoi à contrôler	31 : fin programmée 2027-01-01 (version suivante)
130204	Impôt sur le revenu / Revenus fonciers / Déductions	Déduction dégressive sur les revenus des logements neufs loués à usage d'habitation principale : Dispositif PERISSOL	CGI	31-I-1°-f	12	2026 (prévision)	2025	haute		31 : fin programmée 2027-01-01 (version suivante)
130208	Impôt sur le revenu / Revenus fonciers / Déductions	Déduction dégressive sur les revenus des logements loués à usage d'habitation principale pour les investissements réalisés entre le 3 avril 2003 et le 31 décembre 2009 : Dispositifs ROBIEN classique et ROBIEN recentré	CGI	31-I-1°-h et 31 bis	10	2026 (prévision)	2025	haute		31 : fin programmée 2027-01-01 (version suivante) · 31 bis : en vigueur
130209	Impôt sur le revenu / Revenus fonciers / Déductions	Déduction dégressive sur les revenus des logements neufs loués à usage d'habitation principale (sous conditions de loyer et de ressources du locataire à compter du 1er janvier 1999) pour les investissements réalisés jusqu'au 3 avril 2003 : Dispositif BESSON neuf	CGI	31-I-1°-g	1	2026 (prévision)	2025	haute		31 : fin programmée 2027-01-01 (version suivante)
130211	Impôt sur le revenu / Revenus fonciers / Déductions	Déduction sur les revenus des logements loués à usage d'habitation principale dans les zones de revitalisation rurale : Dispositif ROBIEN ZRR jusqu'en 2009 et SCELLIER ZRR à compter de 2009	CGI	31-I-1°-k	5	2026 (prévision)	2025	haute		31 : fin programmée 2027-01-01 (version suivante)
130213	Impôt sur le revenu / Revenus fonciers / Déductions	Déduction des dépenses d'amélioration afférentes aux propriétés non bâties	CGI	31-I-2°-c quater	1	2026 (prévision)	Non borné	haute		31 : fin programmée 2027-01-01 (version suivante)
130214	Impôt sur le revenu / Revenus fonciers / Déductions	Déduction spécifique sur les revenus des logements neufs à usage d'habitation principale (sous conditions de loyer et de ressources du locataire) : Dispositif BORLOO populaire	CGI	31-I-1°-l	16	2026 (prévision)	2025	haute		31 : fin programmée 2027-01-01 (version suivante)
130215	Impôt sur le revenu / Revenus fonciers / Déductions	Déduction spécifique sur les revenus des logements donnés en location dans le cadre d'une convention ANAH : Dispositif BORLOO ancien	CGI	31-I-1°-m	41	2026 (prévision)	2016	haute		31 : fin programmée 2027-01-01 (version suivante)
130217	Impôt sur le revenu / Revenus fonciers / Déductions	Déduction des intérêts d'emprunt supportés par les nus-propriétaires de logements dont l'usufruit est détenu temporairement par un bailleur social (opérations "d'usufruit locatif social")	CGI	31-I-1°-d	3	2026 (prévision)	Non borné	haute		31 : fin programmée 2027-01-01 (version suivante)
130218	Impôt sur le revenu / Revenus fonciers / Déductions	Déduction spécifique sur les revenus fonciers des logements donnés en location dans le cadre d’une convention ANAH : dispositif COSSE	CGI	31-I-1°o	17	2026 (prévision)	2022	haute		31 : fin programmée 2027-01-01 (version suivante)
130302	Impôt sur le revenu / Revenus fonciers / Régimes spéciaux d'imposition	Imputation sur le revenu global sans limitation de montant des déficits fonciers supportés par les propriétaires d’immeubles classés ou inscrits au titre des monuments historiques ou labellisés Fondation du patrimoine (immeubles bâtis)	CGI	156-I-3° 1er alinéa,156 bis	55	2026 (prévision)	Non borné	haute		156 : en vigueur · 156 bis : en vigueur
130304	Impôt sur le revenu / Revenus fonciers / Régimes spéciaux d'imposition	Doublement du plafond du déficit foncier imputable sur le revenu global pour les propriétaires bailleurs réalisant des travaux de rénovation énergétique	CGI	156-I-3° 4e alinéa	10	2026 (prévision)	Non borné	haute		156 : en vigueur
140101	Impôt sur le revenu / Revenus de capitaux mobiliers / Exonérations	Exonération des intérêts et primes versés dans le cadre de l'épargne logement	CGI	157-9° bis	237	2026 (prévision)	Non borné	haute		157 : en vigueur
140102	Impôt sur le revenu / Revenus de capitaux mobiliers / Exonérations	Exonération des intérêts des livrets A	CGI	157-7°	793	2026 (prévision)	Non borné	haute		157 : en vigueur
140103	Impôt sur le revenu / Revenus de capitaux mobiliers / Exonérations	Exonération des intérêts des livrets bleus	CGI	157-7°	62	2026 (prévision)	Non borné	haute		157 : en vigueur
140104	Impôt sur le revenu / Revenus de capitaux mobiliers / Exonérations	Exonération des intérêts des livrets de développement durable	CGI	157-9° quater	326	2026 (prévision)	Non borné	haute		157 : en vigueur
140105	Impôt sur le revenu / Revenus de capitaux mobiliers / Exonérations	Exonération des intérêts des livrets d'épargne populaire	CGI	157-7° ter	108	2026 (prévision)	Non borné	haute		157 : en vigueur
140106	Impôt sur le revenu / Revenus de capitaux mobiliers / Exonérations	Exonération des intérêts des livrets jeune	CGI	157-7° quater	11	2026 (prévision)	Non borné	haute		157 : en vigueur
140109	Impôt sur le revenu / Revenus de capitaux mobiliers / Exonérations	Exonération des revenus provenant de l'épargne salariale (participation, plan d'épargne salariale et compartiment épargne salariale des plans d'épargne retraite)	CGI	81-18°, 163 bis AA, 163 bis B	652	2026 (prévision)	Non borné	haute		81 : fin programmée 2029-01-01 (version suivante) · 163 bis AA : en vigueur · 163 bis B : en vigueur
140117	Impôt sur le revenu / Revenus de capitaux mobiliers / Exonérations	Exonération des dividendes capitalisés sur un plan d'épargne en actions	CGI	157-5° bis, 150-0 A-II-2	nc	2026 (prévision)	Non borné	haute		157 : en vigueur · 150-0 A : en vigueur
140119	Impôt sur le revenu / Revenus de capitaux mobiliers / Exonérations	Exonération ou imposition réduite des produits attachés aux bons ou contrats de capitalisation et d'assurance-vie	CGI	125-0 A	569	2026 (prévision)	Non borné	haute		125-0 A : en vigueur
140120	Impôt sur le revenu / Revenus de capitaux mobiliers / Exonérations	Exonération des produits attachés à certains contrats d'assurance investis en actions ouverts avant le 1er janvier 2014	CGI	125-0 A-I quater et I quinquies	2	2026 (prévision)	Non borné	haute		125-0 A : en vigueur
140122	Impôt sur le revenu / Revenus de capitaux mobiliers / Exonérations	Exonération, sous certaines conditions, des revenus des parts de fonds communs de placement à risques (FCPR) et des produits distribués des sociétés de capital risque (SCR)	CGI	163 quinquies B, 163 quinquies C	13	2026 (prévision)	Non borné	haute		163 quinquies B : en vigueur · 163 quinquies C : en vigueur
140123	Impôt sur le revenu / Revenus de capitaux mobiliers / Exonérations	Exonération des produits des plans d'épargne populaire	CGI	157-22°	121	2026 (prévision)	Non borné	haute		157 : en vigueur
140126	Impôt sur le revenu / Revenus de capitaux mobiliers / Exonérations	Exonération temporaire à hauteur de 50 % des revenus de capitaux mobiliers perçus à l'étranger par des personnes physiques impatriées	CGI	155 B-II-a	6	2026 (prévision)	Non borné	haute		155 B : en vigueur
140127	Impôt sur le revenu / Revenus de capitaux mobiliers / Exonérations	Exonération d’impôt sur le revenu des dividendes capitalisés sur un plan d’épargne avenir climat (PEAC)	CGI	150-0 A-III-4 ter, 157 24°	nc	2026 (prévision)	Non borné	haute		150-0 A : en vigueur · 157 : en vigueur
140308	Impôt sur le revenu / Revenus de capitaux mobiliers / Dispositions diverses	Prélèvement libératoire à taux réduit sur les produits de placement à revenus fixes abandonnés dans le cadre d'un mécanisme d'épargne solidaire	CGI	125 A	1	2026 (prévision)	Non borné	haute		125 A : en vigueur
140309	Impôt sur le revenu / Revenus de capitaux mobiliers / Dispositions diverses	Mécanisme d’imputation de la perte en capital subie en cas de non-remboursement de prêts participatifs, ou de minibons souscrits jusqu’au 10 novembre 2023, exclusivement sur les intérêts d’autres prêts participatifs ou d’autres minibons lorsque ceux-ci ont été souscrits jusqu’au 10 novembre 2023	CGI	125-00 A	7	2026 (prévision)	Non borné	haute		125-00 A : fin programmée 2027-01-01 (version suivante)
150114	Impôt sur le revenu / Plus-values des particuliers / Plus-values réalisées lors de la cession d'immeubles : Exonérations	Exonération de la première cession d'un logement en France par des personnes physiques non résidentes de France, ressortissantes d'un Etat membre de l'Espace économique européen (EEE), dans la limite de 150 000 € de plus-value nette imposable	CGI	150 U-II-2°	15	2026 (prévision)	Non borné	haute		150 U : en vigueur
150117	Impôt sur le revenu / Plus-values des particuliers / Plus-values réalisées lors de la cession d'immeubles : Exonérations	Exonération des plus-values de cession réalisées par des titulaires de pensions de vieillesse ou de la carte « mobilité inclusion » portant la mention « invalidité », sous conditions de revenus et de patrimoine	CGI	150 U-III	15	2026 (prévision)	Non borné	haute		150 U : en vigueur
150118	Impôt sur le revenu / Plus-values des particuliers / Plus-values réalisées lors de la cession d'immeubles : Exonérations	Exonération des plus-values immobilières au titre des cessions d’immeubles effectuées jusqu’au 31 décembre 2025, sous conditions, au profit d’organismes en charge du logement social et de tout cessionnaire prenant l’engagement de réaliser des logements sociaux et/ou intermédiaires.	CGI	150 U-II-7°	10	2026 (prévision)	2025	haute		150 U : en vigueur
150119	Impôt sur le revenu / Plus-values des particuliers / Plus-values réalisées lors de la cession d'immeubles : Exonérations	Exonération des plus-values immobilières au titre des cessions d'immeubles au profit des collectivités territoriales ou de certains établissements publics et sociétés en vue de leur cession par ceux-ci à des organismes en charge du logement social, réalisées jusqu’au 31 décembre 2025	CGI	150 U-II-8°	ε	2026 (prévision)	2025	haute		150 U : en vigueur
150120	Impôt sur le revenu / Plus-values des particuliers / Plus-values réalisées lors de la cession d'immeubles : Exonérations	Exonération des plus-values immobilières au titre de la première cession d'un logement sous condition de remploi par le cédant d'une fraction du prix de cession à l'acquisition ou la construction d'un logement affecté à son habitation principale	CGI	150 U-II 1° bis	40	2026 (prévision)	Non borné	haute		150 U : en vigueur
150121	Impôt sur le revenu / Plus-values des particuliers / Plus-values réalisées lors de la cession d'immeubles : Exonérations	Exonération des plus-values immobilières réalisées par les personnes âgées ou handicapées à l'occasion de la cession de leur ancienne résidence principale avant leur entrée dans un établissement médicalisé	CGI	150 U II-1° ter	nc	2026 (prévision)	Non borné	haute		150 U : en vigueur
150210	Impôt sur le revenu / Plus-values des particuliers / Plus-values réalisées lors de la cession d'immeubles : Modalités de calcul	Abattement exceptionnel de 60 %, 75 % ou 85 % applicable, sous conditions, aux plus-values de cessions réalisées jusqu’au 31 décembre 2027, de terrains à bâtir ou d'immeubles bâtis destinés à la construction, la démolition-reconstruction ou la réhabilitation, en vue de la création de logements	CGI	150 VE	nc	2026 (prévision)	2027	haute		150 VE : en vigueur
150211	Impôt sur le revenu / Plus-values des particuliers / Plus-values réalisées lors de la cession d'immeubles : Modalités de calcul	Dispense de reprise des amortissements admis en déduction dans le calcul de la plus-value de cession de locaux d’habitation loués meublés à titre non professionnel en faveur des logements situés dans certaines résidences ou établissements à destination des étudiants, des personnes âgées ou en situation de handicap	CGI	150 VB-III	nc	2026 (prévision)	Non borné	haute		150 VB : en vigueur
150403	Impôt sur le revenu / Plus-values des particuliers / Plus-values réalisées lors de la cession de biens meubles : Exonérations	Exonération de la taxe forfaitaire sur les bijoux, objets d'art, de collection et d'antiquité en cas de vente aux musées bénéficiaires de l'appellation "musée de France" ou aux services d'archives et bibliothèques de l'Etat, d'une collectivité territoriale ou d'une autre personne publique	CGI	150 VJ-1°, 2° et 3°	4	2026 (prévision)	Non borné	haute		150 VJ : en vigueur
150405	Impôt sur le revenu / Plus-values des particuliers / Plus-values réalisées lors de la cession de biens meubles : Exonérations	Exonération de la taxe forfaitaire pour les cessions et exportations de métaux précieux, bijoux, objets d'art, de collection et d'antiquité réalisées par des non-résidents	CGI	150 VJ-5°	7	2026 (prévision)	Non borné	haute		150 VJ : en vigueur
150406	Impôt sur le revenu / Plus-values des particuliers / Plus-values réalisées lors de la cession de biens meubles : Exonérations	Exonération temporaire des plus-values de cession d'un droit de surélévation réalisées par les particuliers en vue de la réalisation par le cessionnaire de locaux destinés à l'habitation	CGI	150 U II 9°	nc	2026 (prévision)	2026	haute		150 U : en vigueur
150515	Impôt sur le revenu / Plus-values des particuliers / Plus-values réalisées lors de la cession de biens meubles, de droits sociaux ou gains de cession de valeurs mobilières : Modalités de calcul	Abattement fixe applicable aux cessions de titres ou droits par les dirigeants de PME partant à la retraite	CGI	150-0 D ter	75	2026 (prévision)	2031	haute		150-0 D ter : en vigueur
150518	Impôt sur le revenu / Plus-values des particuliers / Plus-values réalisées lors de la cession de biens meubles, de droits sociaux ou gains de cession de valeurs mobilières : Modalités de calcul	Abattement majoré appliqué aux plus-values sur cessions de titres acquis moins de dix ans après la création d'une PME	CGI	150-0 D 1 quater	152	2026 (prévision)	Non borné	haute		150-0 D : en vigueur
150701	Impôt sur le revenu / Plus-values des particuliers / Gains de cessions de valeurs mobilières : Exonérations	Exonération des gains réalisés lors des cessions à titre onéreux de titres acquis dans le cadre des dispositifs d'épargne salariale (participation, plan d'épargne salariale, y compris actionnariat salarié, et compartiment épargne salariale des plans d'épargne retraite)	CGI	81-18°, 150-0 A-III-4 et 4 bis	nc	2026 (prévision)	Non borné	haute		81 : fin programmée 2029-01-01 (version suivante) · 150-0 A : en vigueur · 4 bis : en vigueur
150704	Impôt sur le revenu / Plus-values des particuliers / Gains de cessions de valeurs mobilières : Exonérations	Exonération des gains retirés d'opérations de bourse effectuées par les clubs d'investissement durant leur existence. Création d'un régime simplifié d'imposition	BOFIP (doctrine)	BOI-RPPM-PVBMI-10-30-10	nc	2026 (prévision)	Non borné	non identifiable	siège légal non identifiable à l annexe — doctrine administrative seule	sans siège légal
150705	Impôt sur le revenu / Plus-values des particuliers / Gains de cessions de valeurs mobilières : Exonérations	Exonération conditionnelle des gains réalisés par les fonds communs de placement dans le cadre de leur gestion	CGI	150-0 A-III-2 et 3	nc	2026 (prévision)	Non borné	haute		150-0 A : en vigueur
150706	Impôt sur le revenu / Plus-values des particuliers / Gains de cessions de valeurs mobilières : Exonérations	Exonération des plus-values réalisées à l'occasion de la cession ou du rachat de parts de fonds communs de placement à risques sous certaines conditions	CGI	150-0 A-III-1	ε	2026 (prévision)	Non borné	haute		150-0 A : en vigueur
150707	Impôt sur le revenu / Plus-values des particuliers / Gains de cessions de valeurs mobilières : Exonérations	Exonération des gains de cessions de valeurs mobilières et des profits réalisés par les non-résidents sur les marchés à terme d’instruments financiers et d’options négociables, sur les bons d’option et sur les parts de fonds communs d’intervention sur les marchés à terme d’instruments financiers	CGI	150 ter et 244 bis C	nc	2026 (prévision)	Non borné	haute		150 ter : en vigueur · 244 bis C : en vigueur
150708	Impôt sur le revenu / Plus-values des particuliers / Gains de cessions de valeurs mobilières : Exonérations	Exonération des gains de cession de valeurs mobilières réalisés dans le cadre d'un plan d'épargne en actions	CGI	150-0 A-II-2, 157-5° bis et 200 A-5	nc	2026 (prévision)	Non borné	haute		150-0 A : en vigueur · 157 : en vigueur · 200 A : en vigueur
150710	Impôt sur le revenu / Plus-values des particuliers / Gains de cessions de valeurs mobilières : Exonérations	Exonération, sous certaines conditions, des gains nets réalisés lors des cessions à titre onéreux de titres de sociétés de capital-risque (SCR)	CGI	150-0 A-III-1 bis	ε	2026 (prévision)	Non borné	haute		150-0 A : en vigueur
150712	Impôt sur le revenu / Plus-values des particuliers / Gains de cessions de valeurs mobilières : Exonérations	Exonération temporaire à hauteur de 50 % des gains nets de cession de valeurs mobilières et de droits sociaux détenus à l'étranger par des personnes physiques impatriées	CGI	155 B-II-c	6	2026 (prévision)	Non borné	haute		155 B : en vigueur
150714	Impôt sur le revenu / Plus-values des particuliers / Gains de cessions de valeurs mobilières : Exonérations	Exonération d’impôt sur le revenu des gains de cession de valeurs mobilières réalisés dans le cadre d’un plan d’épargne avenir climat (PEAC)	CGI	150-0 A-III-4 ter, 157 24°	nc	2026 (prévision)	Non borné	haute		150-0 A : en vigueur · 157 : en vigueur
160103	Impôt sur le revenu / Bénéfices non commerciaux / Produits perçus par les inventeurs et par les auteurs de logiciels	Imputation sur le revenu global du déficit provenant des frais de prise de brevet et de maintenance	CGI	156-I bis	ε	2026 (prévision)	2020	haute		156 : en vigueur
160201	Impôt sur le revenu / Bénéfices non commerciaux / Exonérations	Exonération des sommes perçues dans le cadre de l'attribution du prix Nobel ou de récompenses internationales de niveau équivalent au prix Nobel dans les domaines littéraire, artistique ou scientifique	CGI	92 A et DA : DB5G2222	ε	2025 (prévision)	2024	haute		92 A : en vigueur
160204	Impôt sur le revenu / Bénéfices non commerciaux / Exonérations	Exonération d'impôt sur le revenu, à hauteur de 60 jours par an, de la rémunération perçue au titre de la permanence des soins par les médecins ou leurs remplaçants installés dans certaines zones rurales ou urbaines	CGI	151 ter	47	2026 (prévision)	Non borné	haute		151 ter : en vigueur
160205	Impôt sur le revenu / Bénéfices non commerciaux / Exonérations	Exonération, dans la limite de 14,5 % d'un plafond révisable chaque année, des sommes perçues par les arbitres et juges sportifs	CGI	93-10	7	2026 (prévision)	Non borné	haute		93 : fin programmée 2027-01-01 (version suivante)
160207	Impôt sur le revenu / Bénéfices non commerciaux / Exonérations	Exonération des sommes perçues à titre de dédommagement par les aidants familiaux dans le cadre de la prestation de compensation handicap	CGI	81-9° ter-b	72	2026 (prévision)	Non borné	haute		81 : fin programmée 2029-01-01 (version suivante)
160301	Impôt sur le revenu / Bénéfices non commerciaux / Déductions	Déduction forfaitaire au titre du groupe III déclarée par les médecins conventionnés	BOFIP (doctrine)	BOI-BNC-SECT-40	37	2026 (prévision)	Non borné	non identifiable	siège légal non identifiable à l annexe — doctrine administrative seule	sans siège légal
160302	Impôt sur le revenu / Bénéfices non commerciaux / Déductions	Déduction forfaitaire de 3 % déclarée par les médecins conventionnés	BOFIP (doctrine)	BOI-BNC-SECT-40	73	2026 (prévision)	Non borné	non identifiable	siège légal non identifiable à l annexe — doctrine administrative seule	sans siège légal
160303	Impôt sur le revenu / Bénéfices non commerciaux / Déductions	Déduction des dépenses exposées par les sportifs en vue de l'obtention d'un diplôme ou d'une qualification pour leur insertion ou conversion professionnelle	CGI	93-1-5°	nc	2025 (prévision)	2024	haute		93 : fin programmée 2027-01-01 (version suivante)
160406	Impôt sur le revenu / Bénéfices non commerciaux / Dispositions diverses	Abattement de 50 % sur le bénéfice imposable des jeunes artistes de la création plastique	CGI	93-9	1	2026 (prévision)	Non borné	haute		93 : fin programmée 2027-01-01 (version suivante)
170106	Impôt sur le revenu / Bénéfices agricoles / Déductions	Déduction de précaution	CGI	73	nc	2026 (prévision)	2025	haute		73 : en vigueur
170107	Impôt sur le revenu / Bénéfices agricoles / Déductions	Déduction fiscale pour valorisation du cheptel	loi de finances ou loi non codifiée	Loi n°2023-1322 du 29 décembre 2023 de finances pour 2024 - Article 70	ε	2025 (prévision)	2024	haute		loi 2023-1322 art. 70 : en vigueur
170108	Impôt sur le revenu / Bénéfices agricoles / Déductions	Provision pour augmentation de la valeur des stocks de vaches laitières et allaitantes	CGI	73 A	nc	2026 (prévision)	2027	haute		73 A : en vigueur
170201	Impôt sur le revenu / Bénéfices agricoles / Abattements	Abattement sur les bénéfices réalisés par les jeunes agriculteurs	CGI	73 B	57	2026 (prévision)	Non borné	haute		73 B : en vigueur
170306	Impôt sur le revenu / Bénéfices agricoles / Régimes spéciaux d'imposition	Rattachement du revenu exceptionnel d'un exploitant agricole soumis à un régime réel d'imposition par fractions égales, aux résultats de l'exercice de sa réalisation et des six exercices suivants	CGI	75-0 A	nc	2026 (prévision)	Non borné	haute		75-0 A : en vigueur
170307	Impôt sur le revenu / Bénéfices agricoles / Régimes spéciaux d'imposition	Report d'imposition de l'indemnité destinée à couvrir les dommages causés aux récoltes par des évènements climatiques à l'exercice de constatation de cette perte	CGI	72 B	ε	2026 (prévision)	Non borné	haute		72 B : en vigueur
180102	Impôt sur le revenu / Bénéfices industriels et commerciaux / Exonérations	Exonération accordée sous certaines conditions, aux personnes louant ou sous-louant en meublé, une partie de leur habitation principale jusqu'au 31 décembre 2026	CGI	35 bis-I et II	nc	2026 (prévision)	2026	haute		35 bis : en vigueur
180105	Impôt sur le revenu / Bénéfices industriels et commerciaux / Exonérations	Exonération des produits de la vente d'électricité issue de l'énergie radiative du soleil	CGI	35 ter	6	2026 (prévision)	Non borné	haute		35 ter : en vigueur
180309	Impôt sur le revenu / Bénéfices industriels et commerciaux / Dispositions diverses	Imputation sur le revenu global des déficits commerciaux supportés par les loueurs en meublé qui réalisent un montant de recettes annuelles excédant 23 000 € et le montant de leurs autres revenus d'activité	CGI	151 septies-VII, 155-IV-2, 156-I-1° bis 1er alinéa	5	2026 (prévision)	Non borné	haute		151 septies : en vigueur · 155 : en vigueur · 156 : en vigueur
180310	Impôt sur le revenu / Bénéfices industriels et commerciaux / Dispositions diverses	Régime micro-BIC - Abattement supplémentaire de 21% pour les activités de locations meublées touristiques classées, lorsque celles-ci sont situées dans des zones ne se caractérisant pas par un déséquilibre important entre l’offre et la demande de logements et lorsque le chiffre d’affaires tiré de l’activité de location meublée est inférieur à 15 000 €	CGI	50-0 alinéa 7	2	2024 (réalisation)	2023	haute		50-0 : en vigueur
190208	Impôt sur le revenu / Dispositions communes aux bénéfices industriels et commerciaux, bénéfices agricoles et bénéfices non commerciaux / Plus-values	Exonération des plus-values professionnelles en cas de cession à titre onéreux d'une entreprise individuelle ou d'une activité par une société de personnes ou en cas de cessation d'un office d'avoué dans le cadre du départ à la retraite du cédant ou de l'associé de la société cédante	CGI	151 septies A	85	2026 (prévision)	Non borné	haute		151 septies A : en vigueur
190212	Impôt sur le revenu / Dispositions communes aux bénéfices industriels et commerciaux, bénéfices agricoles et bénéfices non commerciaux / Plus-values	Exonérations des indemnités journalières de sécurité sociale servies au titre des maladies "longues et coûteuses"	CGI	154 bis A	41	2025 (prévision)	2024	haute		154 bis A : en vigueur
200302	Impôt sur le revenu et impôt sur les sociétés / Dispositions communes à l'impôt sur le revenu (bénéfices industriels et commerciaux et bénéfices agricoles) et à l'impôt sur les sociétés / Dispositions diverses	Crédit d'impôt en faveur de la recherche	CGI	244 quater B, 199 ter B, 220 B, 223 O-1-b	8041	2026 (prévision)	Non borné	moyenne	référence multiple ou renvoi à contrôler	244 quater B : en vigueur · 199 ter B : en vigueur · 220 B : en vigueur · 223 O : en vigueur
200307	Impôt sur le revenu et impôt sur les sociétés / Dispositions communes à l'impôt sur le revenu (bénéfices industriels et commerciaux et bénéfices agricoles) et à l'impôt sur les sociétés / Dispositions diverses	Application du taux réduit d'imposition aux répartitions d'actifs effectuées par des fonds communs de placement à risques (FCPR) dont le portefeuille est composé de manière prépondérante de titres de sociétés non cotées	CGI	38-5	nc	2026 (prévision)	Non borné	haute		38 : en vigueur
200310	Impôt sur le revenu et impôt sur les sociétés / Dispositions communes à l'impôt sur le revenu (bénéfices industriels et commerciaux et bénéfices agricoles) et à l'impôt sur les sociétés / Dispositions diverses	Crédit d'impôt en faveur de l'innovation	CGI	244 quater B-II-k, 199 ter B, 220 B, 223 O-1-b	230	2026 (prévision)	2027	moyenne	référence multiple ou renvoi à contrôler	244 quater B : en vigueur · 199 ter B : en vigueur · 220 B : en vigueur · 223 O : en vigueur
200311	Impôt sur le revenu et impôt sur les sociétés / Dispositions communes à l'impôt sur le revenu (bénéfices industriels et commerciaux et bénéfices agricoles) et à l'impôt sur les sociétés / Dispositions diverses	Crédit d’impôt en faveur de la recherche collaborative	CGI	244 quater B bis, 199 ter B bis, et 220 B bis et; 223 O 1 b bis	14	2026 (prévision)	2025	moyenne	référence multiple ou renvoi à contrôler	244 quater B bis : en vigueur · 199 ter B bis : en vigueur · 223 O : en vigueur
200401	Impôt sur le revenu et impôt sur les sociétés / Dispositions communes à l'impôt sur le revenu (bénéfices industriels et commerciaux et bénéfices agricoles) et à l'impôt sur les sociétés / Déductions	Déduction exceptionnelle de 40% du prix de revient de certains biens limitativement énumérés, pratiquée sur la durée normale d'utilisation du bien	CGI	39 decies	200	2026 (prévision)	2017	haute		39 decies : en vigueur
200402	Impôt sur le revenu et impôt sur les sociétés / Dispositions communes à l'impôt sur le revenu (bénéfices industriels et commerciaux et bénéfices agricoles) et à l'impôt sur les sociétés / Déductions	Déduction exceptionnelle en faveur des acquisitions de véhicules de 2,6 tonnes et plus fonctionnant exclusivement au gaz naturel, ou au biométhane, ou au carburant ED95, ou au B100, ou au dual fuel de type 1 A	CGI	39 decies A	17	2026 (prévision)	2030	haute		39 decies A : en vigueur
200403	Impôt sur le revenu et impôt sur les sociétés / Dispositions communes à l'impôt sur le revenu (bénéfices industriels et commerciaux et bénéfices agricoles) et à l'impôt sur les sociétés / Déductions	Déduction exceptionnelle de 40% en faveur des entreprises investissant dans des équipements de réfrigération et de traitement de l’air utilisant des fluides autres que les hydrofluorocarbures (HFC)	CGI	39 decies D	4	2026 (prévision)	2022	haute		39 decies D : en vigueur
210203	Impôt sur le revenu et impôt sur les sociétés / Dispositions communes à l'impôt sur le revenu (bénéfices industriels et commerciaux, bénéfices agricoles et bénéfices non commerciaux) et à l'impôt sur les sociétés / Déductions	Déduction sur cinq ans du prix d’acquisition des œuvres originales d’artistes vivants et d’instruments de musique	CGI	238 bis AB	4	2026 (prévision)	2025	haute		238 bis AB : en vigueur
210305	Impôt sur le revenu et impôt sur les sociétés / Dispositions communes à l'impôt sur le revenu (bénéfices industriels et commerciaux, bénéfices agricoles et bénéfices non commerciaux) et à l'impôt sur les sociétés / Dispositions diverses	Crédit d'impôt pour investissement en Corse	CGI	244 quater E, 199 ter D, 220 D, 223 O-1-d	83	2026 (prévision)	2027	moyenne	référence multiple ou renvoi à contrôler	244 quater E : en vigueur · 199 ter D : en vigueur · 220 D : en vigueur · 223 O : en vigueur
210307	Impôt sur le revenu et impôt sur les sociétés / Dispositions communes à l'impôt sur le revenu (bénéfices industriels et commerciaux, bénéfices agricoles et bénéfices non commerciaux) et à l'impôt sur les sociétés / Dispositions diverses	Exonération des dons reçus par une entreprise ayant subi un sinistre survenu à la suite d'une catastrophe naturelle ou d'un événement ayant des conséquences dommageables	CGI	237 quater	ε	2026 (prévision)	Non borné	haute		237 quater : en vigueur
210308	Impôt sur le revenu et impôt sur les sociétés / Dispositions communes à l'impôt sur le revenu (bénéfices industriels et commerciaux, bénéfices agricoles et bénéfices non commerciaux) et à l'impôt sur les sociétés / Dispositions diverses	Crédit d'impôt famille	CGI	244 quater F, 199 ter E, 220 G, 223 O-1-f	223	2026 (prévision)	Non borné	moyenne	référence multiple ou renvoi à contrôler	244 quater F : en vigueur · 199 ter E : en vigueur · 220 G : en vigueur · 223 O : en vigueur
210309	Impôt sur le revenu et impôt sur les sociétés / Dispositions communes à l'impôt sur le revenu (bénéfices industriels et commerciaux, bénéfices agricoles et bénéfices non commerciaux) et à l'impôt sur les sociétés / Dispositions diverses	Réduction d'impôt au titre des dons faits par les entreprises à des oeuvres ou organismes d'intérêt général	CGI	238 bis	1730	2026 (prévision)	Non borné	haute		238 bis : fin programmée 2027-01-01 (version suivante)
210313	Impôt sur le revenu et impôt sur les sociétés / Dispositions communes à l'impôt sur le revenu (bénéfices industriels et commerciaux, bénéfices agricoles et bénéfices non commerciaux) et à l'impôt sur les sociétés / Dispositions diverses	Crédits d'impôt "Prêt à taux zéro" et "Prêt à taux zéro renforcé PTZ+"	CGI	244 quater J, 199 ter I, 220 K, 223 O-1-k, 244 quater V, 199 ter T, 220 Z ter et 223 O-1 z bis	838	2026 (prévision)	2027	moyenne	référence multiple ou renvoi à contrôler	244 quater J : en vigueur · 199 ter I : en vigueur · 220 K : en vigueur · 223 O : en vigueur · 244 quater V : en vigueur · 199 ter T : en vigueur · 220 Z ter : en vigueur
210315	Impôt sur le revenu et impôt sur les sociétés / Dispositions communes à l'impôt sur le revenu (bénéfices industriels et commerciaux, bénéfices agricoles et bénéfices non commerciaux) et à l'impôt sur les sociétés / Dispositions diverses	Crédit d'impôt au titre des dépenses engagées pour la formation du chef d'entreprise	CGI	244 quater M, 199 ter L, 220 N, 223 O-1-m	109	2025 (prévision)	2024	moyenne	référence multiple ou renvoi à contrôler	244 quater M : abrogé · 199 ter L : abrogé · 220 N : abrogé · 223 O : en vigueur
210316	Impôt sur le revenu et impôt sur les sociétés / Dispositions communes à l'impôt sur le revenu (bénéfices industriels et commerciaux, bénéfices agricoles et bénéfices non commerciaux) et à l'impôt sur les sociétés / Dispositions diverses	Crédit d'impôt en faveur des entreprises agricoles utilisant le mode de production biologique	CGI	244 quater L, 199 ter K, 220 M, 223 O-1-n	168	2026 (prévision)	2025	moyenne	référence multiple ou renvoi à contrôler	244 quater L : en vigueur · 199 ter K : en vigueur · 220 M : en vigueur · 223 O : en vigueur
210318	Impôt sur le revenu et impôt sur les sociétés / Dispositions communes à l'impôt sur le revenu (bénéfices industriels et commerciaux, bénéfices agricoles et bénéfices non commerciaux) et à l'impôt sur les sociétés / Dispositions diverses	Crédit d'impôt en faveur des métiers d'art	CGI	244 quater O, 199 ter N, 220 P, 223 O-1-p	100	2026 (prévision)	2026	moyenne	référence multiple ou renvoi à contrôler	244 quater O : en vigueur · 199 ter N : en vigueur · 220 P : en vigueur · 223 O : en vigueur
210321	Impôt sur le revenu et impôt sur les sociétés / Dispositions communes à l'impôt sur le revenu (bénéfices industriels et commerciaux, bénéfices agricoles et bénéfices non commerciaux) et à l'impôt sur les sociétés / Dispositions diverses	Crédit d'impôt "Eco prêt à taux zéro"	CGI	244 quater U, 199 ter S, 220 Z, 223 O-1-y	255	2026 (prévision)	2027	moyenne	référence multiple ou renvoi à contrôler	244 quater U : en vigueur · 199 ter S : en vigueur · 220 Z : en vigueur · 223 O : en vigueur
210322	Impôt sur le revenu et impôt sur les sociétés / Dispositions communes à l'impôt sur le revenu (bénéfices industriels et commerciaux, bénéfices agricoles et bénéfices non commerciaux) et à l'impôt sur les sociétés / Dispositions diverses	Abattement applicable aux bénéfices des entreprises provenant d'exploitations situées dans les départements d'outre-mer	CGI	44 quaterdecies	130	2026 (prévision)	Non borné	haute		44 quaterdecies : fin programmée 2031-01-01 (version suivante)
210324	Impôt sur le revenu et impôt sur les sociétés / Dispositions communes à l'impôt sur le revenu (bénéfices industriels et commerciaux, bénéfices agricoles et bénéfices non commerciaux) et à l'impôt sur les sociétés / Dispositions diverses	Crédit d'impôt en faveur de la compétitivité et de l'emploi	CGI	244 quater C, 199 ter C, 220 C, 223 O-1-c	35	2026 (prévision)	Non borné	moyenne	référence multiple ou renvoi à contrôler	244 quater C : fin programmée 2027-01-01 (sans suite) · 199 ter C : en vigueur · 220 C : en vigueur · 223 O : en vigueur
210325	Impôt sur le revenu et impôt sur les sociétés / Dispositions communes à l'impôt sur le revenu (bénéfices industriels et commerciaux, bénéfices agricoles et bénéfices non commerciaux) et à l'impôt sur les sociétés / Dispositions diverses	Crédit d'impôt à raison des investissements productifs réalisés dans les départements d'outre-mer	CGI	244 quater W, 199 ter U, 220 Z quater, 223 O	nc	2026 (prévision)	2029	moyenne	référence multiple ou renvoi à contrôler	244 quater W : en vigueur · 199 ter U : en vigueur · 220 Z quater : en vigueur · 223 O : en vigueur
210326	Impôt sur le revenu et impôt sur les sociétés / Dispositions communes à l'impôt sur le revenu (bénéfices industriels et commerciaux, bénéfices agricoles et bénéfices non commerciaux) et à l'impôt sur les sociétés / Dispositions diverses	Taxation au taux de 10% des revenus issus de certains actifs de propriété industrielle	CGI	219-I-a, 238 et 223 H	nc	2026 (prévision)	Non borné	haute		219 : en vigueur · 238 : en vigueur · 223 H : en vigueur
210327	Impôt sur le revenu et impôt sur les sociétés / Dispositions communes à l'impôt sur le revenu (bénéfices industriels et commerciaux, bénéfices agricoles et bénéfices non commerciaux) et à l'impôt sur les sociétés / Dispositions diverses	Exonération des aides reçues par les lauréats du concours "French Tech Tremplin"	loi de finances ou loi non codifiée	Loi n° 2020-935 du 30 juillet 2020 de finances rectificative pour 2020-art.20	0	2024 (réalisation)	2023	haute		loi 2020-935 art. 20 : abrogé
210328	Impôt sur le revenu et impôt sur les sociétés / Dispositions communes à l'impôt sur le revenu (bénéfices industriels et commerciaux, bénéfices agricoles et bénéfices non commerciaux) et à l'impôt sur les sociétés / Dispositions diverses	Crédit d’impôt au titre des dépenses engagées par les PME pour la rénovation énergétique de leurs bâtiments à usage tertiaire	loi de finances ou loi non codifiée	Loi n° 2020-1721 du 29 décembre 2020 de finances pour 2021-art.27 et Loi n° 2022-1726 du 30 décembre 2022 de finances pour 2023-art.51	6	2025 (prévision)	2024	haute		loi 2020-1721 art. 27 : en vigueur · loi 2022-1726 art. 51 : sans version en vigueur
210329	Impôt sur le revenu et impôt sur les sociétés / Dispositions communes à l'impôt sur le revenu (bénéfices industriels et commerciaux, bénéfices agricoles et bénéfices non commerciaux) et à l'impôt sur les sociétés / Dispositions diverses	Crédit d’impôt en faveur des entreprises agricoles qui n’utilisent pas de produits phytopharmaceutiques contenant la substance active du glyphosate au cours des années 2021 à 2023	loi de finances ou loi non codifiée	Loi n° 2020-1721 du 29 décembre 2020 de finances pour 2021-art.140	75	2025 (prévision)	2023	haute		loi 2020-1721 art. 140 : en vigueur
210330	Impôt sur le revenu et impôt sur les sociétés / Dispositions communes à l'impôt sur le revenu (bénéfices industriels et commerciaux, bénéfices agricoles et bénéfices non commerciaux) et à l'impôt sur les sociétés / Dispositions diverses	Crédit d’impôt en faveur des entreprises agricoles disposant d’une certification d’exploitation à haute valeur environnementale en cours de validité au 31 décembre 2021 ou délivrée au cours de l’une des années 2022, 2023, 2024 ou 2025	loi de finances ou loi non codifiée	Loi n° 2020-1721 du 29 décembre 2020 de finances pour 2021-art.151	13	2026 (prévision)	2025	haute		loi 2020-1721 art. 151 : en vigueur
210331	Impôt sur le revenu et impôt sur les sociétés / Dispositions communes à l'impôt sur le revenu (bénéfices industriels et commerciaux, bénéfices agricoles et bénéfices non commerciaux) et à l'impôt sur les sociétés / Dispositions diverses	Réduction d’impôt « Prêt à taux zéro » pour l’acquisition de véhicules légers peu polluants	loi de finances ou loi non codifiée	Loi n° 2021-1104 du 22 août 2021 portant lutte contre le dérèglement climatique et renforcement de la résilience face à ses effets-art.107	32	2026 (prévision)	2025	haute		loi 2021-1104 art. 107 : hors extrait
210332	Impôt sur le revenu et impôt sur les sociétés / Dispositions communes à l'impôt sur le revenu (bénéfices industriels et commerciaux, bénéfices agricoles et bénéfices non commerciaux) et à l'impôt sur les sociétés / Dispositions diverses	Faculté temporaire de déduction fiscale de l’amortissement du fonds commercial	CGI	39-1-2°	15	2026 (prévision)	2025	haute		39 : fin programmée 2027-01-01 (version suivante)
210333	Impôt sur le revenu et impôt sur les sociétés / Dispositions communes à l'impôt sur le revenu (bénéfices industriels et commerciaux, bénéfices agricoles et bénéfices non commerciaux) et à l'impôt sur les sociétés / Dispositions diverses	Crédit d'impôt au titre des investissements dans l'industrie verte (C3IV)	CGI	244 quater I	140	2026 (prévision)	2025	haute		244 quater I : en vigueur
210334	Impôt sur le revenu et impôt sur les sociétés / Dispositions communes à l'impôt sur le revenu (bénéfices industriels et commerciaux, bénéfices agricoles et bénéfices non commerciaux) et à l'impôt sur les sociétés / Dispositions diverses	Crédit d'impôt au titre des prêts avance mutation ne portant pas intérêt	CGI	244 quater T, 199 ter V, 220 Z octies et 223 O I-1	0	2026 (prévision)	2027	moyenne	référence multiple ou renvoi à contrôler	244 quater T : en vigueur · 199 ter V : en vigueur · 220 Z octies : en vigueur · 223 O : en vigueur
220102	Impôt sur le revenu et impôt sur les sociétés / Dispositions communes à l'impôt sur le revenu (bénéfices industriels et commerciaux et bénéfices non commerciaux) et à l'impôt sur les sociétés / Exonérations	Exonération du bénéfice réalisé par les entreprises qui exercent une activité dans une zone urbaine de 3e génération ou qui créent une activité dans une zone franche urbaine-territoire entrepreneur (ZFU-TE) entre le 1er janvier 2006 et le 31 décembre 2025	CGI	44 octies A	89	2026 (prévision)	2025	haute		44 octies A : en vigueur
220104	Impôt sur le revenu et impôt sur les sociétés / Dispositions communes à l'impôt sur le revenu (bénéfices industriels et commerciaux et bénéfices non commerciaux) et à l'impôt sur les sociétés / Exonérations	Exonération d’impôt sur les bénéfices pour les entreprises créées ou reprises dans les ZRR	CGI	44 quindecies	376	2026 (prévision)	2024	haute		44 quindecies : en vigueur
220108	Impôt sur le revenu et impôt sur les sociétés / Dispositions communes à l'impôt sur le revenu (bénéfices industriels et commerciaux et bénéfices non commerciaux) et à l'impôt sur les sociétés / Exonérations	Exonération de l’aide aux entreprises particulièrement touchées par les conséquences économiques résultant de la situation hydrique de Mayotte	loi de finances ou loi non codifiée	Loi n° 2023-1322 du 29 décembre 2023 de finances pour 2024 - article 76	ε	2024 (réalisation)	2024	haute		loi 2023-1322 art. 76 : abrogé
220109	Impôt sur le revenu et impôt sur les sociétés / Dispositions communes à l'impôt sur le revenu (bénéfices industriels et commerciaux et bénéfices non commerciaux) et à l'impôt sur les sociétés / Exonérations	Exonération d’impôt sur les bénéfices pour les entreprises créées ou reprises dans les zones France Ruralités Revitalisation (FRR), ainsi que dans les communes anciennement classées en zone de revitalisation rurale (ZRR) et bénéficiant des effets du classement en FRR	CGI	44 quindecies A	60	2026 (prévision)	2029	haute		44 quindecies A : en vigueur
230101	Impôt sur le revenu et impôt sur les sociétés / Dispositions communes à l'impôt sur le revenu (bénéfices industriels et commerciaux) et à l'impôt sur les sociétés / Déductions	Déduction des versements à fonds perdus effectués en faveur de certains organismes de construction	CGI	39 quinquies	nc	2026 (prévision)	Non borné	haute		39 quinquies : en vigueur
230102	Impôt sur le revenu et impôt sur les sociétés / Dispositions communes à l'impôt sur le revenu (bénéfices industriels et commerciaux) et à l'impôt sur les sociétés / Déductions	Déduction exceptionnelle en faveur de l’investissement des PME dans la robotique et la digitalisation industrielles	CGI	39 decies B	4	2025 (prévision)	2020	haute		39 decies B : en vigueur
230103	Impôt sur le revenu et impôt sur les sociétés / Dispositions communes à l'impôt sur le revenu (bénéfices industriels et commerciaux) et à l'impôt sur les sociétés / Déductions	Déduction exceptionnelle en faveur des navires, bateaux ou équipements répondant à des enjeux écologiques	CGI	39 decies C	ε	2026 (prévision)	2027	haute		39 decies C : en vigueur
230104	Impôt sur le revenu et impôt sur les sociétés / Dispositions communes à l'impôt sur le revenu (bénéfices industriels et commerciaux) et à l'impôt sur les sociétés / Déductions	Déduction exceptionnelle en faveur des simulateurs d'apprentissage de la conduite	CGI	39 decies E	ε	2026 (prévision)	2021	haute		39 decies E : en vigueur
230105	Impôt sur le revenu et impôt sur les sociétés / Dispositions communes à l'impôt sur le revenu (bénéfices industriels et commerciaux) et à l'impôt sur les sociétés / Déductions	Déduction exceptionnelle en faveur de l’investissement des entreprises utilisatrices d’engins fonctionnant au GNR dans l’acquisition de matériels fonctionnant avec des carburants alternatifs	CGI	39 decies F	3	2026 (prévision)	2026	haute		39 decies F : en vigueur
230106	Impôt sur le revenu et impôt sur les sociétés / Dispositions communes à l'impôt sur le revenu (bénéfices industriels et commerciaux) et à l'impôt sur les sociétés / Déductions	Déduction exceptionnelle en faveur de l’investissement des PME de commerce de détail de gazole non routier dans des installations de stockage, matériels de manutention et de distribution de gazole	CGI	39 decies G	ε	2026 (prévision)	2022	haute		39 decies G : en vigueur
230303	Impôt sur le revenu et impôt sur les sociétés / Dispositions communes à l'impôt sur le revenu (bénéfices industriels et commerciaux) et à l'impôt sur les sociétés / Amortissements	Majoration de la base de calcul des amortissements des immobilisations acquises au moyen de primes de développement régional, de développement artisanal ou d'aménagement du territoire	CGI	39 quinquies FA	1	2026 (prévision)	2006	haute		39 quinquies FA : en vigueur
230403	Impôt sur le revenu et impôt sur les sociétés / Dispositions communes à l'impôt sur le revenu (bénéfices industriels et commerciaux) et à l'impôt sur les sociétés / Provisions	Déduction spéciale prévue en faveur des entreprises de presse	CGI	39 bis, 39 bis A, 39 bis B	1	2026 (prévision)	2026	haute		39 bis : en vigueur · 39 bis A : en vigueur · 39 bis B : en vigueur
230409	Impôt sur le revenu et impôt sur les sociétés / Dispositions communes à l'impôt sur le revenu (bénéfices industriels et commerciaux) et à l'impôt sur les sociétés / Provisions	Provision pour investissement des sommes excédant l'obligation légale de la participation et portées à la réserve spéciale de participation	CGI	237 bis A-II, III et IV	4	2026 (prévision)	Non borné	haute		237 bis A : en vigueur
230410	Impôt sur le revenu et impôt sur les sociétés / Dispositions communes à l'impôt sur le revenu (bénéfices industriels et commerciaux) et à l'impôt sur les sociétés / Provisions	Provision pour charges exceptionnelles ou pour risques afférents aux opérations d'assurance crédit des entreprises d'assurance et de réassurance (dont provisions pour égalisation et provisions des captives de réassurance)	CGI	39 quinquies G, 39 quinquies GA, 39 quinquies GB, 39 quinquies GC	nc	2026 (prévision)	Non borné	moyenne	référence multiple ou renvoi à contrôler	39 quinquies G : fin programmée 2222-02-22 (version suivante) · 39 quinquies GA : en vigueur · 39 quinquies GB : en vigueur · 39 quinquies GC : en vigueur
230411	Impôt sur le revenu et impôt sur les sociétés / Dispositions communes à l'impôt sur le revenu (bénéfices industriels et commerciaux) et à l'impôt sur les sociétés / Provisions	Provision pour risque d’intervention du fonds de garantie des dépôts et de résolution	CGI	39 quinquies GF	nc	2026 (prévision)	Non borné	haute		39 quinquies GF : en vigueur
230510	Impôt sur le revenu et impôt sur les sociétés / Dispositions communes à l'impôt sur le revenu (bénéfices industriels et commerciaux) et à l'impôt sur les sociétés / Plus-values	Exonération des plus-values de cession de bateaux affectés au transport fluvial de marchandises	CGI	238 sexdecies	ε	2026 (prévision)	Non borné	haute		238 sexdecies : en vigueur
230601	Impôt sur le revenu et impôt sur les sociétés / Dispositions communes à l'impôt sur le revenu (bénéfices industriels et commerciaux) et à l'impôt sur les sociétés / Régimes spéciaux d'imposition	Application du taux réduit d'imposition aux distributions d'actifs effectués, directement ou indirectement, par certaines sociétés de capital-risque	CGI	39 terdecies-5	nc	2026 (prévision)	Non borné	haute		39 terdecies : en vigueur
230602	Impôt sur le revenu et impôt sur les sociétés / Dispositions communes à l'impôt sur le revenu (bénéfices industriels et commerciaux) et à l'impôt sur les sociétés / Régimes spéciaux d'imposition	Exonération totale ou partielle des bénéfices réalisés par les entreprises nouvelles qui se créent dans les zones d’aide à finalité régionale (ZAFR) ou qui sont créées entre le 1er janvier 1995 et le 31 décembre 2010 dans les zones de revitalisation rurale (ZRR) et de redynamisation urbaine (ZRU)	CGI	44 sexies	42	2026 (prévision)	2027	haute		44 sexies : en vigueur
230604	Impôt sur le revenu et impôt sur les sociétés / Dispositions communes à l'impôt sur le revenu (bénéfices industriels et commerciaux) et à l'impôt sur les sociétés / Régimes spéciaux d'imposition	Exonération totale ou partielle des bénéfices réalisés par les jeunes entreprises innovantes et les jeunes entreprises universitaires (existantes au 1er janvier 2004 ou créées entre le 1er janvier 2004 et le 31 décembre 2023)	CGI	44 sexies A, 44 sexies-0 A	9	2026 (prévision)	2023	haute		44 sexies A : en vigueur · 44 sexies-0 A : fin programmée 2029-01-01 (version suivante)
230605	Impôt sur le revenu et impôt sur les sociétés / Dispositions communes à l'impôt sur le revenu (bénéfices industriels et commerciaux) et à l'impôt sur les sociétés / Régimes spéciaux d'imposition	Exonération du bénéfice réalisé par les entreprises créées en zones de restructuration de la défense (ZRD)	CGI	44 terdecies	1	2026 (prévision)	2027	haute		44 terdecies : en vigueur
230606	Impôt sur le revenu et impôt sur les sociétés / Dispositions communes à l'impôt sur le revenu (bénéfices industriels et commerciaux) et à l'impôt sur les sociétés / Régimes spéciaux d'imposition	Exonération d’impôt sur les bénéfices pour les entreprises qui exercent ou créent une activité dans les bassins d’emploi à redynamiser (BER)	CGI	44 duodecies	4	2026 (prévision)	2027	haute		44 duodecies : en vigueur
230607	Impôt sur le revenu et impôt sur les sociétés / Dispositions communes à l'impôt sur le revenu (bénéfices industriels et commerciaux) et à l'impôt sur les sociétés / Régimes spéciaux d'imposition	Exonération des bénéfices réalisés en France et des revenus de source française perçus par des organismes chargés de l'organisation en France d'une compétition sportive internationale et de leurs filiales, directement liés à l'organisation de la compétition sportive internationale.	CGI	1655 septies	0	2026 (prévision)	Non borné	haute		1655 septies : en vigueur
230608	Impôt sur le revenu et impôt sur les sociétés / Dispositions communes à l'impôt sur le revenu (bénéfices industriels et commerciaux) et à l'impôt sur les sociétés / Régimes spéciaux d'imposition	Exonération d’impôt sur les bénéfices pour les entreprises créées dans les bassins urbains à dynamiser (BUD)	CGI	44 sexdecies	2	2026 (prévision)	2026	haute		44 sexdecies : en vigueur
230609	Impôt sur le revenu et impôt sur les sociétés / Dispositions communes à l'impôt sur le revenu (bénéfices industriels et commerciaux) et à l'impôt sur les sociétés / Régimes spéciaux d'imposition	Exonération d’impôt sur les bénéfices pour les entreprises créées dans les zones de développement prioritaire (ZDP)	CGI	44 septdecies	ε	2026 (prévision)	2026	haute		44 septdecies : en vigueur
300101	Impôt sur les sociétés / Exonérations / Exonérations d'activités	Exonération sous certaines conditions : - des coopératives agricoles et de leurs unions ; - des coopératives artisanales et de leurs unions ; - des coopératives d'entreprises de transport ; - des coopératives artisanales de transport fluvial ; - des coopératives maritimes et de leurs unions	CGI	207-1-2°, 3° et 3° bis	218	2026 (prévision)	Non borné	haute		207 : fin programmée 2027-01-01 (version suivante)
300102	Impôt sur les sociétés / Exonérations / Exonérations d'activités	Exonération des organismes d'HLM et des offices publics d'aménagement et de construction (OPAC)	CGI	207-1-4°, 221 bis	340	2026 (prévision)	Non borné	haute		207 : fin programmée 2027-01-01 (version suivante) · 221 bis : en vigueur
300106	Impôt sur les sociétés / Exonérations / Exonérations d'activités	Exonération des sociétés immobilières pour le commerce et l'industrie et des sociétés agréées pour le financement des télécommunications	CGI	208-3° quater et 3° quinquies	ε	2026 (prévision)	Non borné	haute		208 : en vigueur
300109	Impôt sur les sociétés / Exonérations / Exonérations d'activités	Exonération des syndicats professionnels et de leurs unions pour leurs activités portant sur l'étude et la défense des droits et des intérêts collectifs matériels ou moraux de leurs membres ou des personnes qu'ils représentent	CGI	207-1-1° bis	ε	2026 (prévision)	Non borné	haute		207 : fin programmée 2027-01-01 (version suivante)
300110	Impôt sur les sociétés / Exonérations / Exonérations d'activités	Exonération des unions d'économie sociale	CGI	207-1-4° quater	4	2026 (prévision)	Non borné	haute		207 : fin programmée 2027-01-01 (version suivante)
300201	Impôt sur les sociétés / Exonérations / Exonérations de produits	Exonération des revenus patrimoniaux des établissements publics scientifiques, d'enseignement et d'assistance pour leurs revenus fonciers agricoles et mobiliers	CGI	206-5	nc	2024 (réalisation)	2023	haute		206 : en vigueur
300203	Impôt sur les sociétés / Exonérations / Exonérations de produits	Exonération des sociétés de capital-risque (SCR)	CGI	208-3° septies	nc	2026 (prévision)	Non borné	haute		208 : en vigueur
300204	Impôt sur les sociétés / Exonérations / Exonérations de produits	Exonération d'impôt sur les sociétés de la valeur nette de l'avantage en nature consenti par les personnes morales qui ont pour objet de transférer gratuitement à leurs membres la jouissance d'un bien meuble ou immeuble	CGI	239 octies	nc	2026 (prévision)	2026	haute		239 octies : en vigueur
300206	Impôt sur les sociétés / Exonérations / Exonérations de produits	Exonérations des produits retirés par les sociétés d'investissements immobiliers cotées, ainsi que par leurs filiales ou des filiales de sociétés de placement à prépondérance immobilière à capital variable ou des filiales conjointes de ces dernières sociétés, et provenant de la location d'immeubles, de la sous-location des immeubles pris en crédit bail ou dont la jouissance a été conférée à titre temporaire par l'Etat, une collectivité territoriale ou leurs établissements publics, de certains droits réels immobiliers et de certaines plus-values de cession	CGI	208 C	nc	2026 (prévision)	Non borné	haute		208 C : en vigueur
300208	Impôt sur les sociétés / Exonérations / Exonérations de produits	Exonération des établissements publics de recherche, des établissements publics d'enseignement supérieur, des personnes morales créées pour la gestion d'un pôle de recherche et d'enseignement supérieur et des fondations d'utilité publique du secteur de la recherche pour leurs revenus tirés d'activités relevant d'une mission de service public	CGI	207-1-9°, 10° et 11°	nc	2026 (prévision)	Non borné	haute		207 : fin programmée 2027-01-01 (version suivante)
300209	Impôt sur les sociétés / Exonérations / Exonérations de produits	Exonération des droits d'adhésion perçus par les sociétés d'assurance mutuelles	CGI	209-IV	3	2026 (prévision)	Non borné	haute		209 : en vigueur
300210	Impôt sur les sociétés / Exonérations / Exonérations de produits	Exonération des sociétés de placement à prépondérance immobilière à capital variable (SPPICAV)	CGI	208-3° nonies	556	2026 (prévision)	Non borné	haute		208 : en vigueur
300211	Impôt sur les sociétés / Exonérations / Exonérations de produits	Exonération en matière d'impôt sur les sociétés des revenus patrimoniaux perçus par les fondations reconnues d'utilité publique et les fonds de dotation au titre des activités non lucratives	CGI	206-1 bis et 5	151	2026 (prévision)	Non borné	haute		206 : en vigueur · 5 : en vigueur
300303	Impôt sur les sociétés / Exonérations / Exonérations géographiques	Exonération, sur agrément, des bénéfices réinvestis dans l'entreprise pour les sociétés de recherche et d'exploitation minière dans les départements d'outre-mer	CGI	1655 bis	ε	2026 (prévision)	2001	haute		1655 : en vigueur
310206	Impôt sur les sociétés / Provisions et amortissements / Amortissements	Amortissement exceptionnel sur cinq ans des investissements réalisés dans les petites et moyennes entreprises innovantes	CGI	217 octies	1	2026 (prévision)	2026	haute		217 octies : en vigueur
320105	Impôt sur les sociétés / Modalités particulières d'imposition	Taxation à taux réduit de certains revenus mobiliers perçus par des organismes sans but lucratif	CGI	219 bis 1° et 2°	81	2026 (prévision)	Non borné	haute		219 bis : en vigueur
320113	Impôt sur les sociétés / Modalités particulières d'imposition	Déduction des investissements productifs réalisés dans les départements et collectivités d'outre-mer et des souscriptions au capital de sociétés qui réalisent de tels investissements	CGI	217 undecies, 217 duodecies	12	2026 (prévision)	2029	haute		217 undecies : en vigueur · 217 duodecies : en vigueur
320115	Impôt sur les sociétés / Modalités particulières d'imposition	Non-assujettissement à l'impôt sur les sociétés des résultats des activités des associations conventionnées (art. L. 5132-7 du code du travail) et des associations de services aux personnes agréées (art. L. 7232-1 du code du travail) ou autorisées (art. L. 313-1 du code de l'action sociale et des familles) et taxation au taux réduit des revenus de leur patrimoine foncier, agricole et mobilier	CGI	206-5 bis	24	2026 (prévision)	Non borné	haute		206 : en vigueur
320116	Impôt sur les sociétés / Modalités particulières d'imposition	Franchise d'impôt sur les sociétés pour les activités lucratives accessoires de certains organismes sans but lucratif lorsque les recettes correspondantes n'excèdent pas une limite indexée, chaque année, sur la prévision de l'indice des prix à la consommation, hors tabac, retenue dans le projet de loi de finances	CGI	206-1 bis	nc	2026 (prévision)	Non borné	haute		206 : en vigueur
320118	Impôt sur les sociétés / Modalités particulières d'imposition	Réduction d'impôt sur les sociétés pour les entreprises ayant effectué des versements en faveur de l'achat de Trésors Nationaux et autres biens culturels spécifiques	CGI	238 bis-0 A	0	2026 (prévision)	Non borné	haute		238 bis-0 A : en vigueur
320119	Impôt sur les sociétés / Modalités particulières d'imposition	Détermination du résultat imposable des entreprises de transport maritime en fonction du tonnage de leurs navires	CGI	209-0 B	620	2026 (prévision)	Non borné	haute		209-0 B : en vigueur
320121	Impôt sur les sociétés / Modalités particulières d'imposition	Crédit d'impôt pour dépenses de production d'oeuvres cinématographiques	CGI	220 sexies, 220 F	156	2026 (prévision)	Non borné	haute		220 sexies : en vigueur · 220 F : en vigueur
320122	Impôt sur les sociétés / Modalités particulières d'imposition	Déduction pour les groupements d'employeurs des sommes inscrites à un compte d'affectation spéciale et destinées à couvrir leur responsabilité solidaire pour le paiement des dettes salariales	CGI	214-1-8°	ε	2026 (prévision)	Non borné	haute		214 : en vigueur
320128	Impôt sur les sociétés / Modalités particulières d'imposition	Crédit d'impôt pour la production phonographique	CGI	220 octies, 220 Q, 223 O-1-q	31	2026 (prévision)	2027	haute		220 octies : en vigueur · 220 Q : en vigueur · 223 O : en vigueur
320129	Impôt sur les sociétés / Modalités particulières d'imposition	Crédit d'impôt pour dépenses de production d'oeuvres audiovisuelles	CGI	220 sexies, 220 F, 223 O-1-g	263	2026 (prévision)	Non borné	haute		220 sexies : en vigueur · 220 F : en vigueur · 223 O : en vigueur
320131	Impôt sur les sociétés / Modalités particulières d'imposition	Réduction d’impôt pour souscription au capital des sociétés de presse	CGI	220 undecies, 46 quater-0 YZD de l'Annexe III	ε	2025 (prévision)	2024	moyenne	référence multiple ou renvoi à contrôler	220 undecies : en vigueur · annexe III, art. 46 quater-0 YZD : niveau réglementaire, hors extrait
320135	Impôt sur les sociétés / Modalités particulières d'imposition	Crédit d'impôt pour les entreprises de création de jeux vidéos	CGI	220 terdecies, 220 X, 223 O-1-w	78	2026 (prévision)	2031	haute		220 terdecies : en vigueur · 220 X : en vigueur · 223 O : en vigueur
320136	Impôt sur les sociétés / Modalités particulières d'imposition	Crédit d’impôt à raison des investissements effectués dans le secteur du logement social dans les départements d’outre-mer	CGI	244 quater X, 220 Z quinquies et 223 O	258	2026 (prévision)	2029	haute		244 quater X : en vigueur · 220 Z quinquies : en vigueur · 223 O : en vigueur
320138	Impôt sur les sociétés / Modalités particulières d'imposition	Déduction de la part des excédents mis en réserves impartageables par les sociétés coopératives d'intérêt collectif	CGI	209-VIII	ε	2026 (prévision)	Non borné	haute		209 : en vigueur
320140	Impôt sur les sociétés / Modalités particulières d'imposition	Crédit d'impôt pour dépenses de production exécutive d'œuvres cinématographiques et audiovisuelles étrangères	CGI	220 quaterdecies, 220 Z bis, 223 O-1-z	125	2026 (prévision)	2026	haute		220 quaterdecies : en vigueur · 220 Z bis : en vigueur · 223 O : en vigueur
320141	Impôt sur les sociétés / Modalités particulières d'imposition	Imposition au taux réduit de 19 % des plus-values de cession de locaux professionnels ou de terrains à bâtir, situés dans les zones les plus tendues, au profit d’une personne morale, sous réserve que le cessionnaire s’engage à transformer ces immeubles en locaux dont la surface d’habitation représente au moins 75% ou à y construire de tels locaux dans un délai de 4 ans, ou un délai de 6 ans s’agissant des programmes immobiliers les plus importants. Une prolongation de ce délai, n’excédant pas une année et renouvelable une fois, peut être accordée sur demande de l’acquéreur	CGI	210 F	3	2026 (prévision)	2026	haute		210 F : en vigueur
320142	Impôt sur les sociétés / Modalités particulières d'imposition	Crédit d'impôt pour dépenses de production de spectacles vivants	CGI	220 quindecies, 220 S, 223 O-1-s	47	2026 (prévision)	2027	haute		220 quindecies : en vigueur · 220 S : en vigueur · 223 O : en vigueur
320143	Impôt sur les sociétés / Modalités particulières d'imposition	Réduction d'impôt pour mise à disposition d'une flotte de vélos	CGI	220 undecies A	4	2026 (prévision)	2027	haute		220 undecies A : en vigueur
320145	Impôt sur les sociétés / Modalités particulières d'imposition	Crédit d'impôt en faveur des représentations théâtrales d'œuvres dramatiques ou de cirques	CGI	220 sexdecies, 220 T, 223 O-1-v	4	2026 (prévision)	2027	haute		220 sexdecies : en vigueur · 220 T : en vigueur · 223 O : en vigueur
320146	Impôt sur les sociétés / Modalités particulières d'imposition	Réduction d’impôt sur les sociétés à raison des investissements productifs neufs et des investissements dans le secteur du logement intermédiaire et social réalisés dans les collectivités d’outre-mer et en Nouvelle-Calédonie	CGI	244 quater Y, 220 Z sexies, 223 O	31	2026 (prévision)	2029	haute		244 quater Y : en vigueur · 220 Z sexies : en vigueur · 223 O : en vigueur
320147	Impôt sur les sociétés / Modalités particulières d'imposition	Créance à l’impôt sur les sociétés en faveur des investisseurs institutionnels qui détiennent des logements locatifs intermédiaires	CGI	220 Z septies	6	2026 (prévision)	Non borné	haute		220 Z septies : fin programmée 2027-01-01 (version suivante)
320148	Impôt sur les sociétés / Modalités particulières d'imposition	Crédit d’impôt pour dépenses d’édition d’œuvres musicales	CGI	220 septdecies et 220 Q bis d	2	2026 (prévision)	2027	haute		220 septdecies : en vigueur · 220 Q bis : en vigueur
320149	Impôt sur les sociétés / Modalités particulières d'imposition	Crédit d'impôt au titre des dépenses d’achat de carburants d’aviation durables	CGI	220 decies et 223 O	50	2026 (prévision)	2027	haute		220 decies : en vigueur · 223 O : en vigueur
40101	Impôts locaux / Cotisation sur la valeur ajoutée des entreprises / Exonérations compensées par l'Etat	Exonération en faveur des entreprises réalisant certaines opérations en ZRR pouvant ouvrir droit à une exonération de CFE en l’absence de délibération contraire d’une commune ou d’un EPCI	CGI	1465 A, 1586 nonies-III	1	2026 (prévision)	2023	haute		1465 A : en vigueur · 1586 nonies : fin programmée 2030-01-01 (sans suite)
40107	Impôts locaux / Cotisation sur la valeur ajoutée des entreprises / Exonérations compensées par l'Etat	Exonération en faveur des entreprises dont les établissements existants au 1er janvier 2006 dans les ZFU de troisième génération ou créés ou étendus entre le 1er janvier 2006 et le 31 décembre 2014 dans les trois générations de zones franches urbaines peuvent être exonérés de cotisation foncière des entreprises en l'absence de délibération contraire d'une commune ou d'un établissement public de coopération intercommunale	CGI	1466 A-I sexies, 1586 nonies-III	2	2026 (prévision)	2014	haute		1466 A : en vigueur · 1586 nonies : fin programmée 2030-01-01 (sans suite)
40108	Impôts locaux / Cotisation sur la valeur ajoutée des entreprises / Exonérations compensées par l'Etat	Abattement en faveur des entreprises dont les établissements situés dans les départements d’outre-mer peuvent bénéficier d’un abattement sur leurs bases nettes imposables à la CFE	CGI	1466 F, 1586 nonies-IV	3	2026 (prévision)	2023	haute		1466 F : en vigueur · 1586 nonies : fin programmée 2030-01-01 (sans suite)
40109	Impôts locaux / Cotisation sur la valeur ajoutée des entreprises / Exonérations compensées par l'Etat	Exonération en faveur des entreprises dont les établissements existants au 1er janvier 2015 dans un quartier prioritaire de la politique de la ville (QPV) ou créés ou étendues entre le 1er janvier 2015 et le 31 décembre 2023 dans un QPV peuvent être exonérés de CFE	CGI	1466 A-I septies, 1586 nonies-III	ε	2026 (prévision)	2023	haute		1466 A : en vigueur · 1586 nonies : fin programmée 2030-01-01 (sans suite)
40110	Impôts locaux / Cotisation sur la valeur ajoutée des entreprises / Exonérations compensées par l'Etat	Exonération de cotisation sur la valeur ajoutée en faveur des entreprises dont les établissements vendent au public des écrits périodiques en qualité de mandataires inscrits à la commission du réseau de la diffusion de la presse et revêtent la qualité de diffuseurs de presse spécialistes	CGI	1458 bis, 1586 ter	1	2026 (prévision)	2029	haute		1458 bis : en vigueur · 1586 ter : fin programmée 2027-01-01 (version suivante)
40111	Impôts locaux / Cotisation sur la valeur ajoutée des entreprises / Exonérations compensées par l'Etat	Exonération en faveur des établissements créés dans un bassin urbain à dynamiser (BUD) pouvant bénéficier de l’exonération de CFE	CGI	1463 A et 1586 ter	ε	2026 (prévision)	2029	haute		1463 A : en vigueur · 1586 ter : fin programmée 2027-01-01 (version suivante)
40112	Impôts locaux / Cotisation sur la valeur ajoutée des entreprises / Exonérations compensées par l'Etat	Exonération en faveur des établissements dans une zone de développement prioritaire (ZDP) pouvant bénéficier de l’exonération de CFE	CGI	1463 B et 1586 ter	0	2026 (prévision)	2029	haute		1463 B : en vigueur · 1586 ter : fin programmée 2027-01-01 (version suivante)
40113	Impôts locaux / Cotisation sur la valeur ajoutée des entreprises / Exonérations compensées par l'Etat	Exonération en faveur des établissements exerçant une activité commerciale dans une zone de revitalisation des commerces en milieu rural (ZoRCoMiR) pouvant bénéficier de l'exonération de cotisation foncière des entreprises	CGI	1464 G et 1586 ter	0	2025 (prévision)	2024	haute		1464 : en vigueur · 1586 ter : fin programmée 2027-01-01 (version suivante)
430101	Autres impôts directs / Retenues à la source	Exonération des retenues à la source prévues aux c et b du I de l'article 182 B du CGI et à l'article 119 bis du CGI à raison des bénéfices réalisés en France et des revenus de source française perçus par des organismes chargés de l'organisation en France d'une compétition sportive internationale et de leurs filiales, directement liés à l'organisation de la compétition sportive internationale	CGI	1655 septies	0	2026 (prévision)	Non borné	haute		1655 septies : en vigueur
440101	Autres impôts directs / Impôt sur la fortune immobilière / Exonérations	Exonération des immeubles affectés à l'activité professionnelle principale du redevable ou à l’activité opérationnelle de l’entreprise dans laquelle le redevable exerce son activité professionnelle principale	CGI	975	nc	2026 (prévision)	Non borné	haute		975 : en vigueur
440102	Autres impôts directs / Impôt sur la fortune immobilière / Exonérations	Exonération partielle des bois et forêts, des parts de groupement forestier, des biens ruraux loués par bail à long terme et des parts de GFA	CGI	976	52	2026 (prévision)	Non borné	haute		976 : en vigueur
440103	Autres impôts directs / Impôt sur la fortune immobilière / Exonérations	Limitation de l'imposition à l'IFI à raison des seuls biens situés en France des personnes qui n'ont pas été fiscalement domiciliées en France au cours des cinq années civiles précédant celle au cours de laquelle elles ont élu domicile en France	CGI	964	9	2026 (prévision)	Non borné	haute		964 : en vigueur
440104	Autres impôts directs / Impôt sur la fortune immobilière / Exonérations	Exonération en faveur des petits porteurs détenant moins de 5% du capital ou des droits de vote d'une société d'investissements immobiliers cotée (SIIC)	CGI	972 ter	nc	2026 (prévision)	Non borné	haute		972 ter : en vigueur
440201	Autres impôts directs / Impôt sur la fortune immobilière / Réductions de droits	Réduction d'impôt au titre de certains dons	CGI	978	160	2026 (prévision)	Non borné	haute		978 : en vigueur
500101	Droits d'enregistrement et de timbre / Dispositions communes aux droits d'enregistrement et de timbre	Exonération de droits d'enregistrement et de timbre des sociétés coopératives agricoles de céréales, d'insémination artificielle et d'utilisation de matériel agricole	CGI	1030, 1031	nc	2026 (prévision)	Non borné	haute		1030 : en vigueur · 1031 : en vigueur
500102	Droits d'enregistrement et de timbre / Dispositions communes aux droits d'enregistrement et de timbre	Réduction de 50 % des tarifs des droits d'enregistrement et de timbre en Guyane	CGI	1043 A	8	2026 (prévision)	Non borné	haute		1043 A : en vigueur
50101	Impôts locaux / Taxe foncière sur les propriétés bâties / Exonérations compensées par l'Etat	Exonération en faveur des personnes âgées ou de condition modeste	CGI	1390, 1391, 1391 B bis	31	2026 (prévision)	Non borné	haute		1390 : en vigueur · 1391 : en vigueur · 1391 B bis : en vigueur
50102	Impôts locaux / Taxe foncière sur les propriétés bâties / Exonérations compensées par l'Etat	Exonération en faveur des immeubles à caractère social	CGI	1384, 1384-0 A, 1384 A à D	66	2026 (prévision)	Non borné	haute		1384 : en vigueur · 1384-0 A : fin programmée 2027-01-01 (version suivante) · 1384 A : fin programmée 2027-01-01 (version suivante)
50106	Impôts locaux / Taxe foncière sur les propriétés bâties / Exonérations compensées par l'Etat	Abattement en faveur des immeubles en ZUS (jusqu'en 2015) puis situés dans les quartiers prioritaires de la ville (à compter de 2016)	CGI	1388 bis	141	2026 (prévision)	2030	haute		1388 bis : en vigueur
50107	Impôts locaux / Taxe foncière sur les propriétés bâties / Exonérations compensées par l'Etat	Abattement en faveur des immeubles anti-sismiques des départements d'outre-mer	CGI	1388 ter	ε	2026 (prévision)	2021	haute		1388 ter : en vigueur
50109	Impôts locaux / Taxe foncière sur les propriétés bâties / Exonérations compensées par l'Etat	Abattement sur la base d'imposition des établissements situés dans les départements d'outre-mer	CGI	1388 quinquies	13	2026 (prévision)	Non borné	haute		1388 quinquies : fin programmée 2031-01-01 (version suivante)
50110	Impôts locaux / Taxe foncière sur les propriétés bâties / Exonérations compensées par l'Etat	Exonération des immeubles situés dans un quartier prioritaire de la politique de la ville (QPV) et rattachés à un établissement implanté dans un QPV pouvant bénéficier de l'exonération de cotisation foncière des entreprises	CGI	1383 C ter	ε	2026 (prévision)	2025	haute		1383 C ter : en vigueur
50111	Impôts locaux / Taxe foncière sur les propriétés bâties / Exonérations compensées par l'Etat	Exonération des immeubles situés dans un bassin urbain à dynamiser (BUD) et rattachés à un établissement implanté dans un BUD pouvant bénéficier de l’exonération de CFE	CGI	1383 F	ε	2026 (prévision)	2026	haute		1383 F : en vigueur
50112	Impôts locaux / Taxe foncière sur les propriétés bâties / Exonérations compensées par l'Etat	Exonération des immeubles situés dans une zone de développement prioritaire (ZDP) et rattachés à un établissement implanté dans une ZDP pouvant bénéficier de l’exonération de CFE	CGI	1383 J	0	2026 (prévision)	2026	haute		1383 J : en vigueur
50113	Impôts locaux / Taxe foncière sur les propriétés bâties / Exonérations compensées par l'Etat	Exonération des immeubles situés dans une zone de revitalisation des commerces en milieu rural (ZoRCoMiR) et rattachés à un établissement implanté dans une ZoRCoMiR pouvant bénéficier de l'exonération de cotisation foncière des entreprises	CGI	1382 I	ε	2025 (prévision)	2024	haute		1382 : en vigueur
50201	Impôts locaux / Taxe foncière sur les propriétés bâties / Dégrèvements à la charge de l'Etat	Dégrèvement d'office en faveur des personnes de condition modeste 65-75 ans	CGI	1391 B, 1391 B bis	30	2026 (prévision)	Non borné	haute		1391 B : en vigueur · 1391 B bis : en vigueur
50202	Impôts locaux / Taxe foncière sur les propriétés bâties / Dégrèvements à la charge de l'Etat	Dépenses pour faciliter l'accessibilité pour personnes handicapées	CGI	1391 C	nc	2026 (prévision)	Non borné	haute		1391 C : en vigueur
50203	Impôts locaux / Taxe foncière sur les propriétés bâties / Dégrèvements à la charge de l'Etat	Dépenses engagées à raison de travaux dans le cadre de la prévention des risques technologiques	CGI	1391 D	ε	2026 (prévision)	Non borné	haute		1391 D : en vigueur
50204	Impôts locaux / Taxe foncière sur les propriétés bâties / Dégrèvements à la charge de l'Etat	Dégrèvement égal au quart des dépenses à raison des travaux d'économie d'énergie, sur la cotisation de taxe foncière sur les propriétés bâties pour les organismes HLM et les SEM	CGI	1391 E	148	2026 (prévision)	Non borné	haute		1391 E : fin programmée 2027-01-01 (version suivante)
510101	Droits d'enregistrement et de timbre / Dispositions communes aux mutations à titre gratuit et à titre onéreux	Exonération des mutations à titre gratuit ou onéreux portant sur des oeuvres d'art, livres, objets de collection ou documents de haute valeur artistique ou historique et agréés, dont le nouveau propriétaire fait don à l'Etat	CGI	1131	0	2026 (prévision)	Non borné	haute		1131 : en vigueur
520104	Droits d'enregistrement et de timbre / Mutations à titre gratuit / Exonérations	Exonération des mutations en faveur de certaines collectivités locales, de certains organismes, établissements publics ou d'utilité publique, ou de personnes morales ou d'organismes étrangers situés dans un Etat membre de l'Union européenne ou partie à l'Espace économique européen dont les objectifs et caractéristiques sont similaires	CGI	794, 795-2°, 4°, 5°, 11° et 14°, 795-0 A	nc	2026 (prévision)	Non borné	moyenne	référence multiple ou renvoi à contrôler	794 : en vigueur · 795 : en vigueur · 795-0 A : en vigueur
520105	Droits d'enregistrement et de timbre / Mutations à titre gratuit / Exonérations	Exonération des monuments historiques classés ou inscrits et des parts de SCI familiales détenant des biens de cette nature	CGI	795 A	1	2026 (prévision)	Non borné	haute		795 A : en vigueur
520107	Droits d'enregistrement et de timbre / Mutations à titre gratuit / Exonérations	Exonération sous certaines conditions et dans certaines limites des immeubles neufs acquis entre le 1er juin 1993 et le 31 décembre 1994 ou entre le 1er août et le 31 décembre 1995, et des immeubles anciens acquis entre le 1er août 1995 et le 31 décembre 1996	CGI	793-2-4° à 6°, 793 ter	nc	2026 (prévision)	1996	haute		793 : en vigueur · 793 ter : en vigueur
520108	Droits d'enregistrement et de timbre / Mutations à titre gratuit / Exonérations	Exonération de droits de mutation pour les successions des victimes d'opérations militaires ou d'actes de terrorisme	CGI	796-I-1° à 7°	nc	2026 (prévision)	Non borné	haute		796 : en vigueur
520109	Droits d'enregistrement et de timbre / Mutations à titre gratuit / Exonérations	Exonération partielle de droits de mutation des bois et forêts, des sommes déposées sur un compte d'investissement forestier et d'assurance (CIFA), des parts d'intérêts détenues dans un groupement forestier, des biens ruraux loués par bail à long terme, des parts de GFA et de la fraction des parts de groupements forestiers ruraux représentative de biens de nature forestière et celle représentative de biens de nature agricole	CGI	793-1-3° et 4°, 793-2-2° et 3°, 793-3, 793 bis et 848 bis	50	2026 (prévision)	Non borné	moyenne	référence multiple ou renvoi à contrôler	793 : en vigueur · 793 bis : en vigueur · 848 bis : en vigueur
520110	Droits d'enregistrement et de timbre / Mutations à titre gratuit / Exonérations	Exonération partielle, sous certaines conditions, de droits de mutation à titre gratuit lors de la transmission d'entreprises exploitées sous la forme individuelle ou détenues sous forme sociale	CGI	787 B, 787 C	4000	2026 (prévision)	Non borné	haute		787 B : en vigueur · 787 C : en vigueur
520111	Droits d'enregistrement et de timbre / Mutations à titre gratuit / Exonérations	Exonération des dons et legs consentis à des associations d'utilité publique de protection de l'environnement et de défense des animaux	CGI	795-4°	1	2026 (prévision)	Non borné	haute		795 : en vigueur
520112	Droits d'enregistrement et de timbre / Mutations à titre gratuit / Exonérations	Exonération temporaire des mutations par décès portant sur des immeubles et des droits immobiliers situés en Corse	CGI	1135 bis	20	2026 (prévision)	2037	haute		1135 bis : en vigueur
520114	Droits d'enregistrement et de timbre / Mutations à titre gratuit / Exonérations	Abattement sur la part nette de l'héritier à concurrence du montant des dons effectués au profit de fondations, de certaines associations, de certains organismes reconnus d'utilité publique, des organismes mentionnés à l'article 794 du C.G.I., de l'Etat et de ses établissements publics	CGI	788-III	1	2026 (prévision)	Non borné	haute		788 : en vigueur
520116	Droits d'enregistrement et de timbre / Mutations à titre gratuit / Exonérations	Exonération de droits de mutation des successions des sapeurs-pompiers décédés en opération de secours et des personnes décédées dans l’exercice de missions de sécurité civile	CGI	796-I-8° et 11°	ε	2026 (prévision)	Non borné	haute		796 : en vigueur
520118	Droits d'enregistrement et de timbre / Mutations à titre gratuit / Exonérations	Exonération, sous certaines conditions, de droits de mutation à titre gratuit, à concurrence des trois quarts de leur montant, en faveur des successions et donations intéressant les propriétés non bâties qui ne sont pas de nature de bois et forêts et situées dans les sites NATURA 2000, les zones centrales des parcs nationaux, les réserves naturelles, les sites classés et les espaces naturels remarquables du littoral	CGI	793-2-7°	12	2026 (prévision)	Non borné	haute		793 : en vigueur
520121	Droits d'enregistrement et de timbre / Mutations à titre gratuit / Exonérations	Exonération au bénéfice du donataire des dons ouvrant droit, pour le donateur, à la réduction d'impôt sur la fortune immobilière	CGI	757 C	110	2026 (prévision)	Non borné	haute		757 C : en vigueur
520122	Droits d'enregistrement et de timbre / Mutations à titre gratuit / Exonérations	Exonération de droits de mutation des successions des policiers, des gendarmes et des agents des douanes décédés dans l'accomplissement de leur mission	CGI	796-I-9° et 10°	ε	2026 (prévision)	Non borné	haute		796 : en vigueur
520123	Droits d'enregistrement et de timbre / Mutations à titre gratuit / Exonérations	Exonération de droits de succession sur les immeubles non bâtis ou les droits portant sur ces immeubles, de faible valeur et indivis au sein d'une parcelle cadastrale, pour lesquels le droit de propriété du défunt n'a pas été constaté avant son décès, sous condition de reconstitution des titres de propriété	CGI	797	nc	2026 (prévision)	Non borné	haute		797 : en vigueur
520126	Droits d'enregistrement et de timbre / Mutations à titre gratuit / Exonérations	Exonération partielle de droits de mutation à titre gratuit des immeubles et droits immobiliers, à concurrence de 50 % de leur valeur, à raison de la première transmission à titre gratuit postérieure à la reconstitution des titres de propriété y afférents et régulièrement constatés entre le 1er octobre 2014 et le 31 décembre 2037	CGI	793-2-8°	nc	2026 (prévision)	2037	haute		793 : en vigueur
520127	Droits d'enregistrement et de timbre / Mutations à titre gratuit / Exonérations	Exonération de droits de mutation des dons en numéraires reçus par les victimes d'actes terroristes ou, en cas de décès, par leurs proches et des dons numéraires reçus par les militaires, policiers, gendarmes, sapeurs-pompiers ou agents des douanes blessés en opération ou, en cas de décès, par leurs proches	CGI	796 bis	nc	2026 (prévision)	Non borné	haute		796 bis : en vigueur
520128	Droits d'enregistrement et de timbre / Mutations à titre gratuit / Exonérations	Exonération temporaire de certaines mutations portant sur les immeubles et les droits immobiliers situés à Mayotte réalisées entre le 1er janvier 2018 et le 31 décembre 2025	CGI	1135 ter	nc	2026 (prévision)	2025	haute		1135 ter : en vigueur
520129	Droits d'enregistrement et de timbre / Mutations à titre gratuit / Exonérations	Exonération temporaire de droits de mutation à titre gratuit (DMTG) dans la limite de 300 000 € des dons de sommes d’argent consentis dans le cadre familial entre le 15 février 2025 et le 31 décembre 2026 sous condition d’affectation des sommes reçues par le bénéficiaire à l’acquisition d’un logement neuf ou à des travaux et dépenses de rénovation énergétique	CGI	790 A bis	nc	2026 (prévision)	2026	haute		790 A bis : en vigueur
520130	Droits d'enregistrement et de timbre / Mutations à titre gratuit / Exonérations	Exonération de droits de mutation par décès de la transmission résultant des restitutions aux ayants-droit du défunt des biens qui lui ont été spoliés dans le contexte des persécutions antisémites perpétrées entre le 30 janvier 1933 et le 8 mai 1945	CGI	796-0 quinquies	nc	2026 (prévision)	Non borné	haute		796-0 quinquies : en vigueur
520201	Droits d'enregistrement et de timbre / Mutations à titre gratuit / Abattements	Abattement effectué sur l'actif taxable aux droits de mutation revenant à tout héritier, légataire ou donataire handicapé physique ou mental	CGI	779-II	100	2026 (prévision)	Non borné	haute		779 : en vigueur
520209	Droits d'enregistrement et de timbre / Mutations à titre gratuit / Abattements	Abattement de 500 000 € sur la valeur du fonds ou de la clientèle d’une entreprise individuelle ou de parts ou actions de société pour la liquidation des droits de mutation à titre gratuit en cas de donations aux salariés	CGI	790 A	nc	2026 (prévision)	Non borné	haute		790 A : en vigueur
520302	Droits d'enregistrement et de timbre / Mutations à titre gratuit / Réductions de droits	Réduction de droits en raison de la qualité du donataire ou de l'héritier (mutilé, etc.)	CGI	777 (2e al.), 778, 782	ε	2026 (prévision)	Non borné	haute		777 : en vigueur · 778 : en vigueur · 782 : en vigueur
520401	Droits d'enregistrement et de timbre / Mutations à titre gratuit / Déductions de l'actif	Déduction de l'actif successoral des rentes ou indemnités versées ou dues en réparation de dommages corporels liés à un accident ou une maladie	CGI	775 bis	nc	2026 (prévision)	Non borné	haute		775 bis : en vigueur
520402	Droits d'enregistrement et de timbre / Mutations à titre gratuit / Déductions de l'actif	Déduction de l'actif successoral des frais de reconstitution de titres de propriété d'immeubles ou de droits immobiliers pour lesquels le droit de propriété du défunt n'a pas été constaté avant son décès, sous condition de reconstitution des titres de propriété	CGI	775 sexies	nc	2026 (prévision)	Non borné	haute		775 sexies : en vigueur
520403	Droits d'enregistrement et de timbre / Mutations à titre gratuit / Déductions de l'actif	Déduction de la valeur déclarée d'immeubles ou de droits immobiliers transmis par donation, des frais de reconstitution des titres de propriété y afférents engagés dans les vingt-quatre mois précédant la donation et mis à la charge du donateur par le notaire, sous condition de reconstitution des titres de propriété.	CGI	776 quater	nc	2026 (prévision)	Non borné	haute		776 quater : en vigueur
530101	Droits d'enregistrement et de timbre / Mutations à titre onéreux - Taxe de publicité foncière / Mutations d'immeubles	Application d’un droit fixe de 125 € pour les transferts de biens de toute nature opérés entre organismes HLM, sociétés de crédit immobilier ou leurs unions, sociétés d’économie mixte exerçant une activité de construction ou de gestion dans le secteur du logement social au sens de l’article L. 411-1 du code de la construction et de l’habitation et organismes bénéficiant de l’agrément maîtrise d’ouvrage (article L. 365-2 du code de la construction et de l’habitation)	CGI	1051-1°	nc	2026 (prévision)	Non borné	haute		1051 : en vigueur
530102	Droits d'enregistrement et de timbre / Mutations à titre onéreux - Taxe de publicité foncière / Mutations d'immeubles	Application d'un droit fixe au lieu de la taxe de publicité foncière sur la transmission de biens appartenant à un organisme d'intérêt public au profit d'un établissement reconnu d'utilité publique effectuée dans un but d'intérêt général ou de bonne administration	CGI	1020 et 1039	nc	2026 (prévision)	Non borné	haute		1020 : en vigueur · 1039 : en vigueur
530202	Droits d'enregistrement et de timbre / Mutations à titre onéreux - Taxe de publicité foncière / Mutations de biens meubles	Exonération des acquisitions d'actions de sociétés d'économie mixte et de fonds de commerce par les collectivités locales ou certains établissements publics	CGI	1042	nc	2026 (prévision)	Non borné	haute		1042 : fin programmée 2027-01-01 (version suivante)
530203	Droits d'enregistrement et de timbre / Mutations à titre onéreux - Taxe de publicité foncière / Mutations de biens meubles	Exonération des cessions de parts de fonds communs de placement à risques, de certains fonds professionnels spécialisés, de fonds professionnels de capital investissement et de sociétés de libre partenariat	CGI	730 quater	47	2026 (prévision)	Non borné	haute		730 quater : en vigueur
530206	Droits d'enregistrement et de timbre / Mutations à titre onéreux - Taxe de publicité foncière / Mutations de biens meubles	Exonération du droit budgétaire de 2 % de mutation pour les acquisitions de fonds de commerce dans certaines zones prioritaires d'aménagement du territoire	CGI	722 bis	nc	2026 (prévision)	Non borné	haute		722 bis : en vigueur
530207	Droits d'enregistrement et de timbre / Mutations à titre onéreux - Taxe de publicité foncière / Mutations de biens meubles	Application du droit d’enregistrement de 0,1 % pour les actes constatant les cessions d’actions de sociétés d’économie mixte exerçant une activité de construction ou de gestion de logements sociaux, d’organismes d’HLM ou de certaines sociétés foncières solidaires	CGI	726-I-2°	6	2026 (prévision)	Non borné	haute		726 : en vigueur
530208	Droits d'enregistrement et de timbre / Mutations à titre onéreux - Taxe de publicité foncière / Mutations de biens meubles	Exonération des acquisitions et des cessions réalisées par les SAFER.	CGI	1028 bis et 1028 ter	2	2026 (prévision)	Non borné	haute		1028 bis : en vigueur · 1028 ter : en vigueur
530212	Droits d'enregistrement et de timbre / Mutations à titre onéreux - Taxe de publicité foncière / Mutations de biens meubles	Application d’un abattement de 500 000 € sur la valeur du fonds ou de la clientèle en cas de cession en pleine propriété de fonds artisanaux, de fonds de commerce, de fonds agricoles ou de clientèles d’une entreprise individuelle ou de parts ou actions de société	CGI	732 ter	nc	2026 (prévision)	Non borné	haute		732 ter : en vigueur
530213	Droits d'enregistrement et de timbre / Mutations à titre onéreux - Taxe de publicité foncière / Mutations de biens meubles	Exonération des cessions de droits sociaux résultant des opérations de pension portant sur des titres financiers	CGI	726-II	nc	2026 (prévision)	Non borné	haute		726 : en vigueur
530214	Droits d'enregistrement et de timbre / Mutations à titre onéreux - Taxe de publicité foncière / Mutations de biens meubles	Exonération des acquisitions de droits sociaux réalisées dans le cadre du rachat de ses propres titres par une société destinés à être cédés aux adhérents d’un plan d’épargne entreprise	CGI	726-II-a	nc	2026 (prévision)	Non borné	haute		726 : en vigueur
530215	Droits d'enregistrement et de timbre / Mutations à titre onéreux - Taxe de publicité foncière / Mutations de biens meubles	Exonération des acquisitions de droits sociaux de sociétés en difficulté ou entre sociétés d’un même groupe	CGI	Article 726-II-b et c	nc	2026 (prévision)	Non borné	haute		726 : en vigueur
530216	Droits d'enregistrement et de timbre / Mutations à titre onéreux - Taxe de publicité foncière / Mutations de biens meubles	Régimes spéciaux bénéficiant aux groupements et sociétés à objet agricole	CGI	730 bis, 730 ter	nc	2026 (prévision)	Non borné	haute		730 bis : en vigueur · 730 ter : en vigueur
530217	Droits d'enregistrement et de timbre / Mutations à titre onéreux - Taxe de publicité foncière / Mutations de biens meubles	Exonération des cessions de fonds agricoles	CGI	732	nc	2026 (prévision)	Non borné	haute		732 : en vigueur
530218	Droits d'enregistrement et de timbre / Mutations à titre onéreux - Taxe de publicité foncière / Mutations de biens meubles	Exonération des cessions de parts ou d’actions des organismes de placement collectif immobilier et des organismes professionnels de placement collectif immobilier	CGI	730 quinquies	nc	2026 (prévision)	Non borné	haute		730 quinquies : en vigueur
550102	Droits d'enregistrement et de timbre / Partages et opérations assimilées	Exonération du droit de 2,50% sur les actes de partage des copropriétés	CGI	749 A	ε	2026 (prévision)	Non borné	haute		749 A : en vigueur
550104	Droits d'enregistrement et de timbre / Partages et opérations assimilées	Exonération du droit de partage de 2,5 % pour les actes de partage de succession et les licitations de biens héréditaires survenus entre le 1er janvier 2017 et le 31 décembre 2037 à hauteur de la valeur des immeubles situés en Corse	CGI	750 bis B	nc	2026 (prévision)	2037	haute		750 bis B : en vigueur
550105	Droits d'enregistrement et de timbre / Partages et opérations assimilées	Exonération du droit de partage de 2,5% à hauteur de la valeur des immeubles situés dans les collectivités régies par l'article 73 de la Constitution, dans les collectivités de Saint-Barthélemy, de Saint-Martin et de Saint-Pierre-et-Miquelon pour les partages de succession et les licitations de biens héréditaires établis entre le 1er janvier 2018 et le 31 décembre 2038	CGI	750 bis C	nc	2026 (prévision)	2038	haute		750 bis C : en vigueur
550106	Droits d'enregistrement et de timbre / Partages et opérations assimilées	Exonération des rachats de parts de fonds communs de placement et de parts de fonds de placement immobilier	CGI	749	nc	2026 (prévision)	Non borné	haute		749 : en vigueur
570202	Droits d'enregistrement et de timbre / Droits dus par les sociétés / Dispositions diverses	Gratuité de l’enregistrement applicable à certaines opérations concernant les sociétés transparentes et les sociétés civiles immobilières régies par l'article L. 443-6-2 et suivants du Code de la construction et de l'habitation	CGI	828-I-2° et 4°	nc	2026 (prévision)	Non borné	haute		828 : fin programmée 2027-01-01 (version suivante)
580102	Droits d'enregistrement et de timbre / Prélèvement sur l'assurance vie	Suppression du prélèvement de 20 % sur les capitaux décès lorsque le bénéficiaire est exonéré de droit de mutation à titre gratuit	CGI	795, 990 I-I, 795-0 A, 796-0 bis, 796-0 ter	120	2026 (prévision)	Non borné	moyenne	référence multiple ou renvoi à contrôler	795 : en vigueur · 990 I : en vigueur · 795-0 A : en vigueur · 796-0 bis : en vigueur · 796-0 ter : en vigueur
580103	Droits d'enregistrement et de timbre / Prélèvement sur l'assurance vie	Application d'un abattement d'assiette proportionnel de 20% aux contrats d'assurance-vie en unités de compte dénommés "vie-génération" dont les actifs sont investis en partie dans le logement social ou intermédiaire, l'économie sociale et solidaire, le capital-risque ou dans des entreprises de taille intermédiaire	CGI	990 I - I bis	ε	2026 (prévision)	Non borné	haute		990 I : en vigueur
590101	Droits d'enregistrement et de timbre / Taxe d'archéologie préventive / Exonérations	Exonérations de taxe d’archéologie préventive	CGI	235 ter ZG	nc	2026 (prévision)	Non borné	haute		235 ter ZG : en vigueur
60102	Impôts locaux / Taxe foncière sur les propriétés non bâties / Exonérations compensées par l'Etat	Exonération de la part communale et intercommunale en faveur des terres agricoles à concurrence de 30 %	CGI	1394 B bis	150	2026 (prévision)	Non borné	haute		1394 B bis : en vigueur
60103	Impôts locaux / Taxe foncière sur les propriétés non bâties / Exonérations compensées par l'Etat	Exonération en faveur des terrains plantés en bois	CGI	1395	1	2026 (prévision)	Non borné	haute		1395 : en vigueur
60104	Impôts locaux / Taxe foncière sur les propriétés non bâties / Exonérations compensées par l'Etat	Exonération totale en faveur des terres agricoles situées en Corse	CGI	1394 B	2	2026 (prévision)	Non borné	haute		1394 B : en vigueur
60105	Impôts locaux / Taxe foncière sur les propriétés non bâties / Exonérations compensées par l'Etat	Exonération en faveur des zones humides	CGI	1395 B bis	0	2025 (prévision)	2025	haute		1395 B bis : en vigueur
60106	Impôts locaux / Taxe foncière sur les propriétés non bâties / Exonérations compensées par l'Etat	Exonération en faveur des parcelles NATURA 2000	CGI	1395 E	1	2026 (prévision)	Non borné	haute		1395 E : en vigueur
60108	Impôts locaux / Taxe foncière sur les propriétés non bâties / Exonérations compensées par l'Etat	Exonération partielle des terres agricoles situées dans les départements d'outre-mer	CGI	1395 H	11	2026 (prévision)	Non borné	haute		1395 H : en vigueur
60201	Impôts locaux / Taxe foncière sur les propriétés non bâties / Dégrèvements à la charge de l'Etat	Pertes de récoltes ou de bétail	CGI	1398	nc	2026 (prévision)	Non borné	haute		1398 : en vigueur
60202	Impôts locaux / Taxe foncière sur les propriétés non bâties / Dégrèvements à la charge de l'Etat	Association foncière pastorale	CGI	1398 A	ε	2026 (prévision)	2026	haute		1398 A : en vigueur
60203	Impôts locaux / Taxe foncière sur les propriétés non bâties / Dégrèvements à la charge de l'Etat	Dégrèvement d'office jeunes agriculteurs	CGI	1647-00 bis	8	2026 (prévision)	Non borné	haute		1647-00 bis : en vigueur
70201	Impôts locaux / Taxe d'habitation / Dégrèvements à la charge de l'Etat	Dégrèvement d'office en faveur des gestionnaires de foyers et des organismes sans but lucratif agréés pour les logements loués à des personnes défavorisées	CGI	1414-II	51	2025 (prévision)	2025	haute		1414 : abrogé
70205	Impôts locaux / Taxe d'habitation / Dégrèvements à la charge de l'Etat	Dégrèvement au bénéfice des non-résidents au titre de l’année de leur retour en France d’un pays pour lequel un appel à quitter la zone ou une opération de retour collectif a été décidé	CGI	1414 A	nc	2026 (prévision)	Non borné	haute		1414 A : en vigueur
710101	Taxe sur la valeur ajoutée / Régimes ultramarins	Exonération des transports maritimes de personnes et de marchandises en Guadeloupe, en Martinique et à La Réunion	CGI	295-1-1°	ε	2026 (prévision)	Non borné	haute		295 : fin programmée 2027-01-01 (sans suite)
710102	Taxe sur la valeur ajoutée / Régimes ultramarins	Exonération de certains produits et matières premières ainsi que des produits pétroliers en Guadeloupe, en Martinique et à La Réunion	CGI	295-1-5° et 6°	55	2026 (prévision)	Non borné	haute		295 : fin programmée 2027-01-01 (sans suite)
710103	Taxe sur la valeur ajoutée / Régimes ultramarins	Niveau des taux en Guadeloupe, en Martinique et à La Réunion (8,5 % pour le taux normal et 2,1 % pour le taux réduit)	CGI	296	1300	2026 (prévision)	Non borné	haute		296 : fin programmée 2027-01-01 (sans suite)
710105	Taxe sur la valeur ajoutée / Régimes ultramarins	Non applicabilité provisoire de la TVA en Guyane et à Mayotte	CGI	294	185	2026 (prévision)	Non borné	haute		294 : fin programmée 2027-01-01 (sans suite)
710107	Taxe sur la valeur ajoutée / Régimes ultramarins	Exonération de TVA des ventes et importations de riz à La Réunion	CGI	295-1 2°	ε	2026 (prévision)	Non borné	haute		295 : fin programmée 2027-01-01 (sans suite)
710108	Taxe sur la valeur ajoutée / Régimes ultramarins	Exonération des livraisons de biens dans certaines communes de Guadeloupe ou de Martinique réalisées auprès des touristes effectuant une croisière	loi de finances ou loi non codifiée	Loi n° 2004-639 du 2 juillet 2004 relative à l'octroi de mer-art.41 septies	ε	2025 (prévision)	2025	haute		loi 2004-639 art. 41 septies : hors extrait
710109	Taxe sur la valeur ajoutée / Régimes ultramarins	Exclusion de la base d'imposition des marges commerciales sur la distribution de tabac en Guadeloupe, en Martinique et à La Réunion	CGI	298 sexdecies	18	2026 (prévision)	Non borné	haute		298 sexdecies : fin programmée 2027-01-01 (sans suite)
710110	Taxe sur la valeur ajoutée / Régimes ultramarins	Taux de 2,10 % applicable à certaines opérations relatives au logement social outre-mer qui sont éligibles soit aux prêts locatifs sociaux, soit au crédit d’impôt sur les sociétés en faveur de l’investissement dans les logements neufs outre-mer	CGI	296 ter-c	23	2026 (prévision)	Non borné	haute		296 ter : fin programmée 2027-01-01 (sans suite)
720106	Taxe sur la valeur ajoutée / Exonérations / Exonérations à caractère social	Exonération des associations intermédiaires conventionnées, visées à l'article L. 5132-7 du code du travail dont la gestion est désintéressée	CGI	261-7-1° bis	42	2026 (prévision)	Non borné	haute		261 : fin programmée 2222-02-22 (sans suite)
720107	Taxe sur la valeur ajoutée / Exonérations / Exonérations à caractère social	Exonération des services rendus aux personnes physiques par les associations agréées en application de l'article L. 7232-1 du code du travail	CGI	261-7-1° ter	275	2026 (prévision)	Non borné	haute		261 : fin programmée 2222-02-22 (sans suite)
720108	Taxe sur la valeur ajoutée / Exonérations / Exonérations à caractère social	Exonération des prestations de services et des livraisons de biens qui leur sont étroitement liées, effectuées dans le cadre de la garde d'enfants par les établissements visés aux deux premiers alinéas de l'article L. 2324-1 du code de la santé publique et assurant l'accueil des enfants de moins de trois ans	CGI	261-4-8 bis	70	2026 (prévision)	Non borné	haute		261 : fin programmée 2222-02-22 (sans suite)
720201	Taxe sur la valeur ajoutée / Exonérations / Autres exonérations	Exonération de la partie du trajet effectué à l'intérieur de l'espace maritime national pour les transports aériens ou maritimes de personnes et de marchandises en provenance ou à destination de la Corse	CGI	262-II-11°	4	2026 (prévision)	Non borné	haute		262 : fin programmée 2027-01-01 (sans suite)
720206	Taxe sur la valeur ajoutée / Exonérations / Autres exonérations	Exonération avec droit à déduction de la vente des produits de leur pêche par les pêcheurs et armateurs à la pêche, à l'exception des pêcheurs en eau douce	CGI	261-2-4° et 271-V-e	2	2026 (prévision)	Non borné	haute		261 : fin programmée 2222-02-22 (sans suite) · 271 : fin programmée 2222-02-22 (sans suite)
720207	Taxe sur la valeur ajoutée / Exonérations / Autres exonérations	Exonération de TVA sur les objets d'art, de collection et d'antiquité, importés par les établissements agréés par le ministre chargé des affaires culturelles	CGI	291-II-8°	2	2026 (prévision)	Non borné	haute		291 : fin programmée 2027-01-01 (sans suite)
730205	Taxe sur la valeur ajoutée / Assiette et taux / Taux réduit	Taux de 10 % pour les prestations d’hébergement fournies dans le cadre du secteur hôtelier ou de secteurs ayant une fonction similaire et pour les locations de logements meublés à usage résidentiel assorties de prestations annexes	CGI	279-a	780	2026 (prévision)	Non borné	haute		279 : fin programmée 2027-01-01 (sans suite)
730206	Taxe sur la valeur ajoutée / Assiette et taux / Taux réduit	Taux de 10% applicable à la fourniture de logements dans les terrains de camping classés	CGI	279-a 3ème alinéa	172	2026 (prévision)	Non borné	haute		279 : fin programmée 2027-01-01 (sans suite)
730207	Taxe sur la valeur ajoutée / Assiette et taux / Taux réduit	Taux de 10% pour les recettes provenant de la fourniture des repas par les cantines d'entreprises ou d'administrations	CGI	279-a bis	195	2026 (prévision)	Non borné	haute		279 : fin programmée 2027-01-01 (sans suite)
730208	Taxe sur la valeur ajoutée / Assiette et taux / Taux réduit	Taux de 10% pour les prestations de soins dispensées par les établissements thermaux autorisés	CGI	279-a quinquies	12	2026 (prévision)	Non borné	haute		279 : fin programmée 2027-01-01 (sans suite)
730210	Taxe sur la valeur ajoutée / Assiette et taux / Taux réduit	Taux de 10 % dans le secteur du logement locatif social pour les opérations qui ne sont pas éligibles au taux réduit de 5,5 %	CGI	278 sexies – II A 3° et B 1°, 278 sexies-0 A et 278 sexies A – I 1° et 3° b et II	620	2026 (prévision)	Non borné	moyenne	référence multiple ou renvoi à contrôler	278 sexies : fin programmée 2027-01-01 (sans suite) · 278 sexies-0 A : fin programmée 2027-01-01 (sans suite) · 278 sexies A : fin programmée 2027-01-01 (sans suite)
730212	Taxe sur la valeur ajoutée / Assiette et taux / Taux réduit	Taux de 10% applicable aux engrais, aux amendements calcaires et produits phytopharmaceutiques utilisables en agriculture biologique et aux matières fertilisantes ou supports de culture d'origine organique agricole	CGI	278 bis - 5°	11	2026 (prévision)	Non borné	haute		278 bis : fin programmée 2027-01-01 (sans suite)
730213	Taxe sur la valeur ajoutée / Assiette et taux / Taux réduit	Taux de 10 % pour les travaux d’amélioration, de transformation, d’aménagement et d’entretien, autres que les travaux de rénovation énergétiques soumis au taux de 5,5 % en application de l’article 278-0 bis A, portant sur les logements achevés depuis plus de deux ans	CGI	279-0 bis	2465	2026 (prévision)	Non borné	haute		279-0 bis : fin programmée 2222-02-22 (sans suite)
730214	Taxe sur la valeur ajoutée / Assiette et taux / Taux réduit	Taux de 10% pour les services d'aide à la personne fournis par des associations, des entreprises ou des organismes déclarés en application de l'article L. 7232-1-1 du code du travail	CGI	279-i	94	2026 (prévision)	Non borné	haute		279 : fin programmée 2027-01-01 (sans suite)
730216	Taxe sur la valeur ajoutée / Assiette et taux / Taux réduit	Taux de 5,5 % dans le secteur de l’accession sociale à la propriété et dans le secteur du logement locatif social pour les logements financés par un prêt locatif aidé d’intégration (PLAI), pour les logements financés par un prêt locatif à usage social (PLUS) lorsqu’ils relèvent de la politique de renouvellement urbain, ainsi que pour certains travaux portant sur ces logements ou participant au renouvellement urbain	CGI	278 sexies – II. A 1°, A 2°, B 1° et B 2°, III, 278 sexies-0 A et 278 sexies A – I 1°, 2°, 3° a, 4°, 5°, 6° et II	565	2026 (prévision)	Non borné	moyenne	référence multiple ou renvoi à contrôler	278 sexies : fin programmée 2027-01-01 (sans suite) · 278 sexies-0 A : fin programmée 2027-01-01 (sans suite) · 278 sexies A : fin programmée 2027-01-01 (sans suite)
730218	Taxe sur la valeur ajoutée / Assiette et taux / Taux réduit	Taux de 5,5% pour la fourniture par réseaux d'énergie calorifique d'origine renouvelable	CGI	278-0 bis - B	62	2026 (prévision)	Non borné	haute		278-0 bis : fin programmée 2222-02-22 (sans suite)
730221	Taxe sur la valeur ajoutée / Assiette et taux / Taux réduit	Taux de 10% pour la restauration commerciale (consommation sur place et vente à emporter en vue d'une consommation immédiate)	CGI	279-m	2275	2026 (prévision)	Non borné	haute		279 : fin programmée 2027-01-01 (sans suite)
730222	Taxe sur la valeur ajoutée / Assiette et taux / Taux réduit	Taux de 10 % pour les ventes et livraisons à soi-même, à des investisseurs dotés de la personnalité morale, de logements locatifs intermédiaires situés dans des zones caractérisées par un déséquilibre important entre l’offre et la demande de logement ou en cours de revitalisation et de réindustrialisation, lorsqu’ils répondent à des critères de mixité avec des logements locatifs sociaux, ainsi que pour les livraisons de logements locatifs intermédiaires à l’association foncière logement, ou aux sociétés qu’elle contrôle, lorsqu’ils sont situés dans des quartiers ciblés de la politique de la ville ou à leur proximité	CGI	278 sexies II, C et 279-0 bis A	385	2026 (prévision)	Non borné	haute		278 sexies : fin programmée 2027-01-01 (sans suite) · 279-0 bis A : fin programmée 2222-02-22 (sans suite)
730223	Taxe sur la valeur ajoutée / Assiette et taux / Taux réduit	Taux de 5,5% pour les travaux d'amélioration de la qualité énergétique des locaux à usage d'habitation achevés depuis plus de deux ans ainsi que sur les travaux induits qui leur sont indissociablement liés	CGI	278-0 bis A	1050	2026 (prévision)	Non borné	haute		278-0 bis A : fin programmée 2222-02-22 (sans suite)
730224	Taxe sur la valeur ajoutée / Assiette et taux / Taux réduit	Taux de 5,5 % pour les droits d’entrée aux réunions sportives	CGI	278-0 bis - J	91	2026 (prévision)	Non borné	haute		278-0 bis : fin programmée 2222-02-22 (sans suite)
730226	Taxe sur la valeur ajoutée / Assiette et taux / Taux réduit	Taux de 5,5 % applicable aux prestations de collecte séparée, de collecte en déchetterie, de tri et de valorisation matière des déchets des ménages et assimilés	CGI	278-0 bis - M	88	2026 (prévision)	Non borné	haute		278-0 bis : fin programmée 2222-02-22 (sans suite)
730227	Taxe sur la valeur ajoutée / Assiette et taux / Taux réduit	Taux de 5,5 % dans le secteur social et médico-social	CGI	278 sexies IV-1, 278 sexies-0 A, 278 sexies A-I-(1°-b)	nc	2026 (prévision)	Non borné	haute		278 sexies : fin programmée 2027-01-01 (sans suite) · 278 sexies-0 A : fin programmée 2027-01-01 (sans suite) · 278 sexies A : fin programmée 2027-01-01 (sans suite)
730228	Taxe sur la valeur ajoutée / Assiette et taux / Taux réduit	Taux de 5,5 % applicable aux livraisons d'œuvres d'art ou d'objets de collection ou d'antiquité, sauf lorsqu’elles sont soumises au régime particulier de la marge bénéficiaire	CGI	278-0 bis - I	94	2026 (prévision)	Non borné	haute		278-0 bis : fin programmée 2222-02-22 (sans suite)
730230	Taxe sur la valeur ajoutée / Assiette et taux / Taux réduit	Taux de 10 % applicable aux droits d’admission aux expositions, sites et installations à caractère culturel, ludique, éducatif et professionnel ainsi qu’aux loteries foraines	CGI	279-b bis, b ter et b nonies	255	2026 (prévision)	Non borné	haute		279 : fin programmée 2027-01-01 (sans suite)
730231	Taxe sur la valeur ajoutée / Assiette et taux / Taux réduit	Taux de 5,5 % applicable aux droits d’entrée dans les théâtres, les cirques, les concerts, les spectacles de variété, les salles de cinéma, les parcs zoologiques et les compétitions de jeux vidéos	CGI	278-0 bis - F, G et L	355	2026 (prévision)	Non borné	haute		278-0 bis : fin programmée 2222-02-22 (sans suite)
730232	Taxe sur la valeur ajoutée / Assiette et taux / Taux réduit	Taux de 10 % applicable aux livraisons de bois de chauffage et produits de bois assimilés	CGI	278 bis-3° bis	122	2026 (prévision)	Non borné	haute		278 bis : fin programmée 2027-01-01 (sans suite)
730233	Taxe sur la valeur ajoutée / Assiette et taux / Taux réduit	Taux de 10 % applicable aux abonnements souscrits pour recevoir des services de télévision	CGI	279-b octies	175	2026 (prévision)	Non borné	haute		279 : fin programmée 2027-01-01 (sans suite)
730234	Taxe sur la valeur ajoutée / Assiette et taux / Taux réduit	Taux de 5,5 % pour les prestations de pose, d’installation et d’entretien d’infrastructures de recharge pour véhicules électriques	CGI	278-0 bis - N	5	2026 (prévision)	Non borné	haute		278-0 bis : fin programmée 2222-02-22 (sans suite)
730235	Taxe sur la valeur ajoutée / Assiette et taux / Taux réduit	Taux de 5,5 % pour l'enseignement et la pratique de l’équitation, les animations et les activités de démonstration aux fins de découverte de l'environnement équestre et de familiarisation avec celui-ci ainsi que l'accès aux installations sportives destinées à l'utilisation des équidés	CGI	278-0 bis - O	61	2026 (prévision)	Non borné	haute		278-0 bis : fin programmée 2222-02-22 (sans suite)
730236	Taxe sur la valeur ajoutée / Assiette et taux / Taux réduit	Taux de 5,5 % pour la livraison et l’installation, dans les logements, d’équipements de production d’électricité utilisant l’énergie radiative du soleil d’une puissance inférieure ou égale à 9 kilowatts-crête respectant des critères environnementaux fixés par arrêté	CGI	278-0 bis - P	nc	2026 (prévision)	Non borné	haute		278-0 bis : fin programmée 2222-02-22 (sans suite)
730301	Taxe sur la valeur ajoutée / Assiette et taux / Taux particuliers	Taux de 2,10 % applicable aux droits d'entrée des 140 premières représentations de certains spectacles	CGI	281 quater, 279 b bis a et 89 ter de l'annexe III	47	2026 (prévision)	Non borné	moyenne	référence multiple ou renvoi à contrôler	281 quater : fin programmée 2027-01-01 (sans suite) · 279 : fin programmée 2027-01-01 (sans suite) · 89 : en vigueur
730302	Taxe sur la valeur ajoutée / Assiette et taux / Taux particuliers	Taux de 2,10 % applicable aux ventes d'animaux de boucherie et de charcuterie à des personnes non assujetties à la TVA	CGI	281 sexies	4	2026 (prévision)	Non borné	haute		281 sexies : fin programmée 2027-01-01 (sans suite)
730305	Taxe sur la valeur ajoutée / Assiette et taux / Taux particuliers	Taux de 2,10 % applicable aux publications de presse	CGI	298 septies	62	2026 (prévision)	Non borné	haute		298 septies : fin programmée 2027-01-01 (sans suite)
730306	Taxe sur la valeur ajoutée / Assiette et taux / Taux particuliers	Taux particuliers applicables à divers produits et services consommés ou utilisés en Corse	CGI	297	221	2026 (prévision)	Non borné	haute		297 : abrogé
740102	Taxe sur la valeur ajoutée / Régimes particuliers	Franchise en base pour les avocats et les avocats au Conseil d'Etat et à la Cour de cassation dont le chiffre d'affaires n'excède pas la limite fixée au III de l'article 293 B du CGI	CGI	293 B-III-1°	10	2025 (prévision)	2025	haute		293 B : fin programmée 2027-01-01 (sans suite)
740103	Taxe sur la valeur ajoutée / Régimes particuliers	Franchise en base pour les auteurs et les interprètes des oeuvres de l'esprit dont le chiffre d'affaires n'excède pas la limite fixée au III de l'article 293 B du CGI	CGI	293 B-III-2°	4	2025 (prévision)	2025	haute		293 B : fin programmée 2027-01-01 (sans suite)
740105	Taxe sur la valeur ajoutée / Régimes particuliers	Franchise en base pour les activités lucratives accessoires des associations sans but lucratif lorsque les recettes correspondantes n'excèdent pas un seuil de chiffre d'affaires, indexé, chaque année, sur la prévision de l'indice des prix à la consommation, hors tabac, retenue dans le projet de loi de finances de l'année	CGI	261-7-1°	87	2026 (prévision)	Non borné	haute		261 : fin programmée 2222-02-22 (sans suite)
740107	Taxe sur la valeur ajoutée / Régimes particuliers	Remboursement forfaitaire pour les exploitants agricoles dispensés du paiement de la TVA	CGI	298 bis-I-1er alinéa	15	2026 (prévision)	Non borné	haute		298 bis : fin programmée 2222-02-22 (sans suite)
800117	Accise sur les énergies / Produits énergétiques autres que les gaz naturels et les charbons / Exonérations	Tarif réduit (nul) pour les produits énergétiques (hors gaz naturels et charbons) utilisés pour la navigation intérieure à des fins commerciales ou pour les besoins des autorités publiques	CIBS	L. 312-48 et L. 312-54	53	2026 (prévision)	Non borné	haute		L312-48 : en vigueur · L312-54 : en vigueur
800118	Accise sur les énergies / Produits énergétiques autres que les gaz naturels et les charbons / Exonérations	Tarif particulier (nul) pour divers gaz à usage combustible (gaz de houille, gaz à l'eau, gaz pauvres et gaz similaires)	CIBS	L. 312-79 et L. 312-85	nc	2026 (prévision)	Non borné	haute		L312-79 : en vigueur · L312-85 : en vigueur
800119	Accise sur les énergies / Produits énergétiques autres que les gaz naturels et les charbons / Exonérations	Tarif réduit (nul) pour les produits énergétiques (hors gaz naturels et charbons) destinés aux moteurs d'aéronefs et de navires lorsqu'ils sont utilisés dans le cadre de la construction, du développement, de la mise au point, des essais ou de l'entretien des aéronefs et navires et de leurs moteurs	CIBS	L. 312-64 et L. 312-69	28	2026 (prévision)	2026	haute		L312-64 : fin programmée 2027-01-01 (version suivante) · L312-69 : fin programmée 2027-01-01 (sans suite)
800120	Accise sur les énergies / Produits énergétiques autres que les gaz naturels et les charbons / Exonérations	Tarif réduit (nul) pour les gazoles et essences consommés pour les besoins de la propulsion des véhicules d’incendie et de secours	CIBS	L. 312-78-1 et L. 312-78-2	20	2026 (prévision)	Non borné	haute		L312-78-1 : en vigueur · L312-78-2 : en vigueur
800201	Accise sur les énergies / Produits énergétiques autres que les gaz naturels et les charbons / Tarifs réduits	Tarif réduit des gazoles non routiers autres que celui utilisé pour les usages agricoles	CIBS	L. 312-35, al.3	466	2026 (prévision)	2029	haute		L312-35 : fin programmée 2027-01-01 (version suivante)
800209	Accise sur les énergies / Produits énergétiques autres que les gaz naturels et les charbons / Tarifs réduits	Tarif réduit (remboursement) pour les gazoles utilisés pour les engins à l’arrêt équipant les véhicules de transport de marchandises et les véhicules à usages spéciaux (dépanneuses, camions-grues…)	CIBS	L. 312-35, al.3	0	2026 (prévision)	2029	haute		L312-35 : fin programmée 2027-01-01 (version suivante)
800212	Accise sur les énergies / Produits énergétiques autres que les gaz naturels et les charbons / Tarifs réduits	Tarif particulier pour l'E10, carburant essence pouvant contenir jusqu’à 10 % d’éthanol	CIBS	L. 312-79 et L. 312-83	213	2026 (prévision)	Non borné	haute		L312-79 : en vigueur · L312-83 : en vigueur
800214	Accise sur les énergies / Produits énergétiques autres que les gaz naturels et les charbons / Tarifs réduits	Tarif particulier pour le carburant ED95, carburant diesel comportant entre 90 % et 95 % d’éthanol	CIBS	L. 312-79 et L. 312-80	2	2026 (prévision)	Non borné	haute		L312-79 : en vigueur · L312-80 : en vigueur
800215	Accise sur les énergies / Produits énergétiques autres que les gaz naturels et les charbons / Tarifs réduits	Tarif particulier pour le B100, carburant diesel synthétisé à partir d'acides gras	CIBS	L. 312-79 et L. 312-81	148	2025 (prévision)	2025	haute		L312-79 : en vigueur · L312-81 : en vigueur
800216	Accise sur les énergies / Produits énergétiques autres que les gaz naturels et les charbons / Tarifs réduits	Tarif particulier pour le superéthanol E85, carburant essence comprenant au moins 65 % d'éthanol	CIBS	L. 312-79 et L. 312-84	360	2026 (prévision)	2029	haute		L312-79 : en vigueur · L312-84 : en vigueur
800220	Accise sur les énergies / Produits énergétiques autres que les gaz naturels et les charbons / Tarifs réduits	Tarif réduit (remboursement) pour les carburants utilisés par les taxis	CIBS	L. 312-48 et L. 312-52	59	2026 (prévision)	Non borné	haute		L312-48 : en vigueur · L312-52 : en vigueur
800221	Accise sur les énergies / Produits énergétiques autres que les gaz naturels et les charbons / Tarifs réduits	Tarif réduit (remboursement) pour les gazoles utilisés comme carburant par les véhicules routiers de transport de marchandises d'au moins 7,5 tonnes	CIBS	L. 312-48 et L. 312-53	1178	2026 (prévision)	Non borné	haute		L312-48 : en vigueur · L312-53 : fin programmée 2027-01-01 (version suivante)
800222	Accise sur les énergies / Produits énergétiques autres que les gaz naturels et les charbons / Tarifs réduits	Tarif réduit (remboursement) pour les gazoles utilisés comme carburant des véhicules de transport public collectif de voyageurs	CIBS	L. 312-48 et L. 312-51	183	2026 (prévision)	Non borné	haute		L312-48 : en vigueur · L312-51 : fin programmée 2027-01-01 (version suivante)
800224	Accise sur les énergies / Produits énergétiques autres que les gaz naturels et les charbons / Tarifs réduits	Tarif réduit (remboursement) pour les gazoles utilisés dans les massifs montagneux pour le damage des pistes et le déneigement des voies ouvertes à la circulation publique	CIBS	L. 312-60 et L. 312-63	10	2026 (prévision)	Non borné	haute		L312-60 : en vigueur · L312-63 : en vigueur
800225	Accise sur les énergies / Produits énergétiques autres que les gaz naturels et les charbons / Tarifs réduits	Tarif réduit pour les gazoles utilisés pour le transport ferroviaire de personnes ou de marchandises sur le réseau ferré national ou sur toute autre ligne ferroviaire ouverte à la circulation publique	CIBS	L. 312-48 et L. 312-49	60	2026 (prévision)	Non borné	haute		L312-48 : en vigueur · L312-49 : en vigueur
800226	Accise sur les énergies / Produits énergétiques autres que les gaz naturels et les charbons / Tarifs réduits	Tarif réduit pour les gazoles utilisés pour réaliser des travaux statiques ou de terrassement pour les besoins de certaines activités extractives soumises à une forte concurrence internationale (niveau d'intensité énergétique de l'entreprise au moins égal à 3 % en valeur de production ou 0,5 % en valeur ajoutée)	CIBS	L. 312-64 et L. 312-70-1	18	2026 (prévision)	Non borné	haute		L312-64 : fin programmée 2027-01-01 (version suivante) · L312-70-1 : fin programmée 2027-01-01 (version suivante)
800227	Accise sur les énergies / Produits énergétiques autres que les gaz naturels et les charbons / Tarifs réduits	Tarif réduit pour les gazoles utilisés pour réaliser des travaux statiques ou de terrassement pour les besoins de l'activité de manutention portuaire dans les ports maritimes et certains ports fluviaux exposés à la concurrence internationale (niveau d'intensité énergétique de l'entreprise au moins égal à 3 % en valeur de production ou 0,5 % en valeur ajoutée)	CIBS	L. 312-48 et L. 312-57-1	11	2026 (prévision)	Non borné	haute		L312-48 : en vigueur · L312-57-1 : fin programmée 2027-01-01 (version suivante)
800228	Accise sur les énergies / Produits énergétiques autres que les gaz naturels et les charbons / Tarifs réduits	Minoration de tarif d’accise normal pour les essences et les gazoles commercialisés en Corse	CIBS	L. 312-41	4	2026 (prévision)	2029	haute		L312-41 : fin programmée 2027-01-01 (version suivante)
800229	Accise sur les énergies / Produits énergétiques autres que les gaz naturels et les charbons / Tarifs réduits	Tarif réduit (remboursement ou application dès la facturation) pour les gazoles, les fiouls lourds et les gaz de pétrole liquéfiés utilisés pour les travaux agricoles et forestiers	CIBS	L. 312-60 et L. 312-61	1693	2026 (prévision)	Non borné	haute		L312-60 : en vigueur · L312-61 : en vigueur
800401	Accise sur les énergies / Produits énergétiques autres que les gaz naturels et les charbons / Dispositions diverses	Réduction du champ de l'accise sur les produits énergétiques à usage carburants, dans les collectivités régies par l'article 73 de la Constitution, aux seuls essences et gazoles et faculté pour ces collectivités de minorer les tarifs	CIBS	L. 312-10 et L. 312-38	1466	2026 (prévision)	Non borné	haute		L312-10 : en vigueur · L312-38 : en vigueur
820201	Accise sur les énergies / Électricité / Tarifs réduits	Tarifs réduits pour l'électricité consommée par les entreprises particulièrement exposée au prix de l’électricité dont les produits présentent la plus forte exposition à la concurrence internationale ou constituent des intrants dans la production de tels produits	CIBS	L. 312-65 et L. 312-72	201	2026 (prévision)	Non borné	haute		L312-65 : en vigueur · L312-72 : en vigueur
820202	Accise sur les énergies / Électricité / Tarifs réduits	Tarif réduit pour l’électricité consommée par les installations hyperélectro-intensives (niveau d'électro-intensité au moins égal à 13,5 %)	CIBS	L. 312-65 et L. 312-73	13	2026 (prévision)	2025	haute		L312-65 : en vigueur · L312-73 : abrogé
820203	Accise sur les énergies / Électricité / Tarifs réduits	Tarif réduit pour l’électricité consommée par les entreprises électro-intensives pour les besoins des activités industrielles	CIBS	L. 312-65 et L. 312-71	613	2026 (prévision)	Non borné	haute		L312-65 : en vigueur · L312-71 : en vigueur
820204	Accise sur les énergies / Électricité / Tarifs réduits	Tarif réduit pour l’électricité consommée par les transports collectifs ferroviaires et routiers (train, métro, tramway, câble, autobus hybride rechargeable et électrique, trolleybus)	CIBS	L. 312-48, L. 312-50 et L. 312-51	209	2026 (prévision)	Non borné	haute		L312-48 : en vigueur · L312-50 : en vigueur · L312-51 : fin programmée 2027-01-01 (version suivante)
820205	Accise sur les énergies / Électricité / Tarifs réduits	Tarif réduit pour l’électricité consommée par les exploitants d'aérodromes électro-intensifs ouverts à la circulation aérienne publique (niveau d'électro-intensivité au moins égal à 0,5%)	CIBS	L. 312-48 et L. 312-59	2	2026 (prévision)	Non borné	haute		L312-48 : en vigueur · L312-59 : en vigueur
820206	Accise sur les énergies / Électricité / Tarifs réduits	Tarif réduit pour l’électricité consommée par les centres de stockage de données numériques performants sur le plan énergétique	CIBS	L. 312-64 et L. 312-70	28	2026 (prévision)	Non borné	haute		L312-64 : fin programmée 2027-01-01 (version suivante) · L312-70 : fin programmée 2027-01-01 (version suivante)
820207	Accise sur les énergies / Électricité / Tarifs réduits	Tarif réduit pour l’électricité directement fournie, lors de leur stationnement à quai dans les ports, aux navires utilisés à des fins commerciales ou pour les besoins des autorités publiques	CIBS	L. 312-48 et L. 312-56	ε	2026 (prévision)	2026	haute		L312-48 : en vigueur · L312-56 : fin programmée 2027-01-01 (version suivante)
820208	Accise sur les énergies / Électricité / Tarifs réduits	Tarif réduit pour l'électricité consommée pour les besoins de l'activité de manutention portuaire dans les ports maritimes et certains ports fluviaux exposés à la concurrence internationale (niveau d'intensité énergétique au moins égal à 3 % en valeur de production ou 0,5 % en valeur ajoutée)	CIBS	L. 312-48 et L. 312-57-2	3	2026 (prévision)	Non borné	haute		L312-48 : en vigueur · L312-57-2 : fin programmée 2027-01-01 (version suivante)
820209	Accise sur les énergies / Électricité / Tarifs réduits	Tarif réduit pour l'électricité fournie aux aéronefs lors de leur stationnement dans les aérodromes ouverts à la circulation aérienne publique	CIBS	L. 312-48 et L. 312-58-1	nc	2026 (prévision)	Non borné	haute		L312-48 : en vigueur · L312-58-1 : en vigueur
820210	Accise sur les énergies / Électricité / Tarifs réduits	Tarif particulier d’accise sur l’électricité d’origine renouvelable produite par de petites installations pour la part consommée par le producteur ou par les consommateurs participant à une opération d'autoconsommation collective	CIBS	L. 312-79 et L. 312-87	nc	2026 (prévision)	Non borné	haute		L312-79 : en vigueur · L312-87 : fin programmée 2027-01-01 (version suivante)
830101	Accise sur les énergies / Gaz naturels / Exonérations	Tarif particulier (nul) de l'usage combustible du biogaz non injecté dans le réseau de gaz naturel	CIBS	L. 312-79 et L. 312-86	7	2026 (prévision)	Non borné	haute		L312-79 : en vigueur · L312-86 : en vigueur
830201	Accise sur les énergies / Gaz naturels / Tarifs réduits	Tarif réduit pour les gaz naturels consommés comme combustible dans les installations grandes consommatrices d’énergie et soumises au régime des quotas d’émission de gaz à effet de serre du dispositif ETS pour les installations fixes (niveau d'intensité énergétique au moins égal à 3 % en valeur de production ou 0,5 % en valeur ajoutée)	CIBS	L. 312-75 et L. 312-76	507	2026 (prévision)	Non borné	haute		L312-75 : fin programmée 2027-01-01 (version suivante) · L312-76 : fin programmée 2027-01-01 (version suivante)
830202	Accise sur les énergies / Gaz naturels / Tarifs réduits	Tarif réduit pour les gaz naturels consommés comme combustible dans les installations grandes consommatrices d'énergie exerçant une activité considérée comme fortement exposée à la concurrence internationale (niveau d'intensité énergétique au moins égal à 3 % en valeur de production ou 0,5 % en valeur ajoutée)	CIBS	L. 312-75 et L. 312-77	117	2026 (prévision)	Non borné	haute		L312-75 : fin programmée 2027-01-01 (version suivante) · L312-77 : fin programmée 2027-01-01 (version suivante)
830203	Accise sur les énergies / Gaz naturels / Tarifs réduits	Tarif réduit sur les gaz naturels consommés comme combustibles pour les besoins de la déshydratation de légumes et plantes aromatiques	CIBS	L. 312-60 et L. 312-62	2	2026 (prévision)	Non borné	haute		L312-60 : en vigueur · L312-62 : en vigueur
830204	Accise sur les énergies / Gaz naturels / Tarifs réduits	Tarif réduit (remboursement) pour les gaz naturels utilisés comme carburants ou combustibles pour les travaux agricoles et forestiers	CIBS	L. 312-60 et L. 312-61	8	2026 (prévision)	Non borné	haute		L312-60 : en vigueur · L312-61 : en vigueur
840101	Accise sur les énergies / Charbons / Exonérations	Tarif réduit (nul) pour les charbons consommés pour les besoins de la valorisation de la biomasse par les entreprises soumises au régime des quotas d'émision de gaz à effet de serre du dispositif ETS (ou à un dispositif poursuivant des objectifs équivalents) et dont les achats de combustibles et d'électricité utilisés pour cette valorisation représentent au moins 3 % de leur valeur de production	CIBS	L. 312-75 et L. 312-78	2	2026 (prévision)	2026	haute		L312-75 : fin programmée 2027-01-01 (version suivante) · L312-78 : abrogé
840201	Accise sur les énergies / Charbons / Tarifs réduits	Tarif réduit pour les charbons consommés dans les installations grandes consommatrices d’énergie et soumises au régime des quotas d’émission de gaz à effet de serre du dispositif ETS pour les installations fixes (niveau d'intensité énergétique au moins égal à 3 % en valeur de production ou 0,5 % en valeur ajoutée)	CIBS	L. 312-75 et L. 312-76	6	2026 (prévision)	Non borné	haute		L312-75 : fin programmée 2027-01-01 (version suivante) · L312-76 : fin programmée 2027-01-01 (version suivante)
900101	Autres droits / Divers / Crédits d'impôt	Crédit d’impôt (prélèvement sur le produit brut des jeux dans les casinos) au titre des manifestations artistiques de qualité organisées par les casinos durant la saison des jeux	CGCT	L. 2333-55-3	10	2026 (prévision)	Non borné	haute		L2333-55-3 : fin programmée 2027-01-01 (version suivante)
90101	Impôts locaux / Cotisation foncière des entreprises / Exonérations compensées par l'Etat	Exonération en faveur de certaines opérations réalisées dans les ZRR	CGI	1465 A	ε	2026 (prévision)	2024	haute		1465 A : en vigueur
90104	Impôts locaux / Cotisation foncière des entreprises / Exonérations compensées par l'Etat	Réduction de 25 % des bases imposées en Corse au profit des communes et des EPCI. Suppression des parts départementales et régionales.	CGI	1472 A ter	8	2026 (prévision)	Non borné	haute		1472 A ter : en vigueur
90107	Impôts locaux / Cotisation foncière des entreprises / Exonérations compensées par l'Etat	Exonération en faveur des établissements existants au 1er janvier 2006 dans les zones franches urbaines (ZFU) de troisième génération ou créés ou étendus entre le 1er janvier 2006 et le 31 décembre 2014 dans les trois générations de ZFU	CGI	1466 A-I sexies	ε	2026 (prévision)	2014	haute		1466 A : en vigueur
90108	Impôts locaux / Cotisation foncière des entreprises / Exonérations compensées par l'Etat	Abattement sur la base nette imposable des établissements situés dans les départements d'outre-mer	CGI	1466 F	22	2026 (prévision)	Non borné	haute		1466 F : en vigueur
90109	Impôts locaux / Cotisation foncière des entreprises / Exonérations compensées par l'Etat	Exonération en faveur des établissements existants au 1er janvier 2015 dans un quartier prioritaire de la politique de la ville (QPV) ou créés ou étendus entre le 1er janvier 2015 et le 31 décembre 2025 dans un QPV	CGI	1466 A I septies	1	2026 (prévision)	2025	haute		1466 A : en vigueur
90110	Impôts locaux / Cotisation foncière des entreprises / Exonérations compensées par l'Etat	Exonération en faveur des entreprises dont les établissements vendent au public des écrits périodiques en qualité de mandataires inscrits à la commission du réseau de la diffusion de la presse et revêtent la qualité de diffuseurs de presse spécialistes	CGI	1458 bis	5	2026 (prévision)	Non borné	haute		1458 bis : en vigueur
90111	Impôts locaux / Cotisation foncière des entreprises / Exonérations compensées par l'Etat	Exonération en faveur des établissements créés dans un bassin urbain à dynamiser (BUD)	CGI	1463 A	ε	2026 (prévision)	2026	haute		1463 A : en vigueur
90112	Impôts locaux / Cotisation foncière des entreprises / Exonérations compensées par l'Etat	Exonération de la cotisation minimum de CFE des redevables réalisant un très faible chiffre d'affaires	CGI	1647 D	339	2026 (prévision)	Non borné	haute		1647 D : en vigueur
90113	Impôts locaux / Cotisation foncière des entreprises / Exonérations compensées par l'Etat	Exonération en faveur des établissements créés dans une zone de développement prioritaire (ZDP)	CGI	1463 B	ε	2026 (prévision)	2026	haute		1463 B : en vigueur
90114	Impôts locaux / Cotisation foncière des entreprises / Exonérations compensées par l'Etat	Exonération en faveur des établissements exerçant une activité commerciale dans une zone de revitalisation des commerces en milieu rural (ZoRCoMiR)	CGI	1464 G	ε	2024 (réalisation)	2024	haute		1464 : en vigueur
930101	Autres droits / Taxe annuelle sur les véhicules lourds de transport de marchandises / Exonérations	Exonération pour les véhicules utilisés pour certains services publiques et missions d'intérêt général (la défense nationale, la protection civile, la lutte contre les incendies, les secours, le maintien de l’ordre et l’entretien des voies de circulation)	CIBS	L. 421-149 et L. 421-150	nc	2026 (prévision)	Non borné	haute		L421-149 : en vigueur · L421-150 : en vigueur
930102	Autres droits / Taxe annuelle sur les véhicules lourds de transport de marchandises / Exonérations	Exonération pour les véhicules de collection	CIBS	L. 421-147	nc	2025 (prévision)	2025	haute		L421-147 : abrogé
930103	Autres droits / Taxe annuelle sur les véhicules lourds de transport de marchandises / Exonérations	Exonération pour les véhicules utilisés pour les besoins des jeux et manèges forains, des cirques, des centres équestres et des activités agricoles ou forestières	CIBS	L. 421-152 à L. 421-155	nc	2026 (prévision)	Non borné	haute		L421-152 : en vigueur · L421-155 : fin programmée 2027-01-01 (version suivante)
940101	Autres droits / Taxe sur la masse en ordre de marche sur les véhicules de tourisme / Exonérations	Exonération pour les véhicules accessibles en fauteuil roulant et pour les véhicules acquis par les personnes titulaires d'une carte d'invalidité	CIBS	L. 421-76 et L. 421-80	ε	2026 (prévision)	Non borné	haute		L421-76 : en vigueur · L421-80 : en vigueur
940102	Autres droits / Taxe sur la masse en ordre de marche sur les véhicules de tourisme / Exonérations	Exonération pour les véhicules dont la source d’énergie est exclusivement l'électricité, l'hydrogène ou une combinaison des deux	CIBS	L. 421-78	nc	2026 (prévision)	Non borné	haute		L421-78 : en vigueur
940103	Autres droits / Taxe sur la masse en ordre de marche sur les véhicules de tourisme / Exonérations	Exonération pour les véhicules de tourisme pour les véhicules hybrides électriques présentant une autonomie en mode tout électrique supérieure à 50 km	CIBS	L. 421-79	nc	2026 (prévision)	Non borné	haute		L421-79 : en vigueur
940104	Autres droits / Taxe sur la masse en ordre de marche sur les véhicules de tourisme / Exonérations	Exonération pour les véhicules exclusivement affectés aux missions de protection des services d’incendie et de secours et des associations agréées de protection civile	CIBS	L. 421-81-1	nc	2026 (prévision)	Non borné	haute		L421-81-1 : en vigueur
940201	Autres droits / Taxe sur la masse en ordre de marche sur les véhicules de tourisme / Dispositions diverses	Réduction de la masse en ordre de marche, prise en compte dans le tarif de la taxe, à hauteur de 200 kg par enfant à charge ou accueilli au titre de l’aide sociale, lorsque le nombre d’enfants au sein du foyer est d’au moins trois	CIBS	L. 421-81	2	2026 (prévision)	Non borné	haute		L421-81 : en vigueur
940202	Autres droits / Taxe sur la masse en ordre de marche sur les véhicules de tourisme / Dispositions diverses	Réduction de la masse en ordre de marche, prise en compte dans le tarif de la taxe, à hauteur de 500 kg pour les véhicules comportant au moins huit places assises dont disposent les personnes morales	CIBS	L.421-77	nc	2026 (prévision)	Non borné	haute		L421-77 : en vigueur
940203	Autres droits / Taxe sur la masse en ordre de marche sur les véhicules de tourisme / Dispositions diverses	Minoration du montant de la taxe de manière à ce que, cumulé avec le malus CO2, il n’excède pas le montant maximal dudit malus	CIBS	L. 421-74	nc	2026 (prévision)	Non borné	haute		L421-74 : en vigueur
940204	Autres droits / Taxe sur la masse en ordre de marche sur les véhicules de tourisme / Dispositions diverses	Abattement de malus masse au profit des véhicules hybrides non rechargeables	CIBS	L. 421-79-1	nc	2026 (prévision)	Non borné	haute		L421-79-1 : en vigueur
940205	Autres droits / Taxe sur la masse en ordre de marche sur les véhicules de tourisme / Dispositions diverses	Abattement pour les véhicules dont la source d’énergie est exclusivement l'électricité qui ne sont pas à faible empreinte carbone	CIBS	L. 421-78-1	nc	2026 (prévision)	Non borné	haute		L421-78-1 : abrogé
970102	Autres droits / Malus CO2 sur les véhicules de tourisme	Exonération pour les véhicules accessibles en fauteuil roulant et pour les véhicules acquis par les personnes titulaires d'une carte d'invalidité	CIBS	L. 421-65 et L. 421-69	ε	2026 (prévision)	Non borné	haute		L421-65 : en vigueur · L421-69 : en vigueur
970103	Autres droits / Malus CO2 sur les véhicules de tourisme	Réduction des émissions de CO2, ou de la puissance administrative, prises en compte dans le barème du malus à hauteur de 40 %, ou de deux CV, pour certains véhicules de tourisme dont la source d'énergie comprend le superéthanol E85	CIBS	L. 421-68	9	2026 (prévision)	Non borné	haute		L421-68 : en vigueur
970104	Autres droits / Malus CO2 sur les véhicules de tourisme	Réduction des émissions, ou de la puissance administrative, prises en compte dans le barème du malus à hauteur de 20 grammes par kilomètre, ou d'un CV, par enfant à charge ou accueilli au titre de l’aide sociale, lorsque le nombre d’enfants au sein du foyer est d’au moins trois	CIBS	L. 421-70	22	2026 (prévision)	Non borné	haute		L421-70 : en vigueur
970105	Autres droits / Malus CO2 sur les véhicules de tourisme	Réduction des émissions, ou de la puissance administrative, prises en compte dans le barème du malus à hauteur de 80 grammes par kilomètre, ou de 4 CV, pour les véhicules comportant au moins 8 places assises dont disposent les personnes morales	CIBS	L. 421-66	nc	2026 (prévision)	Non borné	haute		L421-66 : en vigueur
970107	Autres droits / Malus CO2 sur les véhicules de tourisme	Exonération pour les véhicules exclusivement affectés aux missions de protection des services d’incendie et de secours et des associations agréées de protection civile	CIBS	L. 421-70-1	nc	2026 (prévision)	Non borné	haute		L421-70-1 : en vigueur
990101	Autres droits / Composantes de la taxe générale sur les activités polluantes / Déductions d'assiette	Déductibilité de la composante "émissions dans l'air" des contributions ou dons de toute nature versés aux associations agréées de surveillance de la qualité de l’air	code des douanes	266 decies-2	22	2026 (prévision)	Non borné	haute		266 decies : à venir seulement
990201	Autres droits / Composantes de la taxe générale sur les activités polluantes / Tarifs réduits	Tarif réduit de la composante "déchets" pour la réception de résidus à haut pouvoir calorifique issus des opérations de tri performantes dans une installation de valorisation énergétique dont le rendement excède 0,7	code des douanes	266 nonies-1-A-h	3	2026 (prévision)	Non borné	haute		266 nonies : abrogé
990202	Autres droits / Composantes de la taxe générale sur les activités polluantes / Tarifs réduits	Tarifs réduits de la composante « déchets » de la TGAP pour les collectivités d'outre-mer relevant de l'article 73 de la Constitution	code des douanes	266 nonies-1-A-i	22	2026 (prévision)	Non borné	haute		266 nonies : abrogé
990203	Autres droits / Composantes de la taxe générale sur les activités polluantes / Tarifs réduits	Tarif réduit de la composante « déchets » de la TGAP en Corse	code des douanes	266 nonies-1-A-j	2	2026 (prévision)	2029	haute		266 nonies : abrogé
990301	Autres droits / Composantes de la taxe générale sur les activités polluantes / Exonérations	Exonération des réceptions de déchets non dangereux par les installations de co-incinération	code des douanes	266 sexies-II-1 sexies	5	2026 (prévision)	Non borné	haute		266 sexies : à venir seulement
