libelle	assiette	sous_categorie	impot_principal	rang	prelevement_force	motif	rendement_total_2026_M	rendement_etat_2026_M	rendement_affecte_2026_M	affectataires	siege_code	siege_article	legiarti	version	statut_siege	siege_declare	origine	code_annexe	ligne_etat_A	categorie_ifrap	libelle_ifrap
Cotisation obligatoire des collectivités aux centres de gestion de la fonction publique territoriale	1. Les cotisations sociales	Cotisations de sécurité sociale — régime général	aucun	non rattachable	oui	main-d'oeuvre	691.8		691.8	Centres de gestion de la fonction publique territoriale ; Comité de gestion des œuvres sociales des personnels hospitaliers (CGOS)	code général de la fonction publique	L452-25	LEGIARTI000044425928	2022-03-01	confirmé	Art. L. 452-25 du code général de la fonction publique ; Art. L. 733-2 du code général de la fonction publique	annexe	129.0			
Cotisation obligatoire des collectivités au Centre national de la fonction publique territoriale	1. Les cotisations sociales	Cotisations de sécurité sociale — régime général	aucun	non rattachable	oui	main-d'oeuvre	413.0		413.0	Centre national de la fonction publique territoriale (CNFPT)	code général de la fonction publique	L451-17	LEGIARTI000044426008	2022-03-01	confirmé	Art. L. 451-17 du code de la fonction publique	annexe	131.0			
Contribution des employeurs de main-d'œuvre étrangère permanente	1. Les cotisations sociales	Cotisations de sécurité sociale — régime général	aucun	non rattachable	oui	main-d'oeuvre									non établi		ifrap			autres	Contribution des employeurs de main-d'œuvre étrangère permanente
Contribution des employeurs de main-d'œuvre étrangère saisonnière	1. Les cotisations sociales	Cotisations de sécurité sociale — régime général	aucun	non rattachable	oui	main-d'oeuvre									non établi		ifrap			autres	Contribution des employeurs de main-d'œuvre étrangère saisonnière
Contribution des employeurs de main-d'œuvre étrangère temporaire	1. Les cotisations sociales	Cotisations de sécurité sociale — régime général	aucun	non rattachable	oui	main-d'oeuvre									non établi		ifrap			autres	Contribution des employeurs de main-d'œuvre étrangère temporaire
Contribution sur les indemnités de rupture conventionnelle	1. Les cotisations sociales	Cotisations de sécurité sociale — régime général	aucun	non rattachable	oui	main-d'oeuvre					code de la sécurité sociale	L137-15	LEGIARTI000047452686	2023-09-01	socle du régime relevé par le fil, confirmé au dépôt		ifrap			Contributions sociales employeurs	Contribution sur les indemnités de rupture conventionnelle
Cotisation des employeurs	1. Les cotisations sociales	Cotisations de sécurité sociale — régime général	aucun	non rattachable	oui	main-d'oeuvre				FNAL - Fonds national d'aide au logement	code de la construction et de l'habitation	L813-4	LEGIARTI000051220084	2025-02-16	confirmé	Art. L. 813-4 et L. 813-5 du code de la construction et de l'habitation (création)	annexe+ifrap	68.0		Contributions sociales employeurs	Contribution FNAL
Cotisations avantages spécifiques IEG	1. Les cotisations sociales	Cotisations de sécurité sociale — régime général	aucun	non rattachable	oui	main-d'oeuvre					code de la sécurité sociale	L243-5	LEGIARTI000053281562	2026-07-01	socle du régime relevé par le fil, confirmé au dépôt		ifrap			Autres cotisations majorations et pénalités	Cotisations avantages spécifiques IEG
Cotisations salariales — Autres régimes	1. Les cotisations sociales	Cotisations de sécurité sociale — régime général	aucun	non rattachable	oui	main-d'oeuvre					code de la sécurité sociale	L241-3	LEGIARTI000051289018	2026-01-01	socle du régime relevé par le fil, confirmé au dépôt		ifrap			Cotisations salariales	Cotisations salariales — Autres régimes
Cotisations salariales — Régime général et FSV	1. Les cotisations sociales	Cotisations de sécurité sociale — régime général	aucun	non rattachable	oui	main-d'oeuvre					code de la sécurité sociale	L241-3	LEGIARTI000051289018	2026-01-01	socle du régime relevé par le fil, confirmé au dépôt		ifrap			Cotisations salariales	Cotisations salariales — Régime général et FSV
Cotisations sociales - brutes BdF — Autres régimes	1. Les cotisations sociales	Cotisations de sécurité sociale — régime général	aucun	non rattachable	oui	main-d'oeuvre					code de la sécurité sociale	L241-3	LEGIARTI000051289018	2026-01-01	socle du régime relevé par le fil, confirmé au dépôt		ifrap			Cotisations salariales	Cotisations sociales - brutes BdF — Autres régimes
Contribution sur les indemnités de mise à la retraite	1. Les cotisations sociales	Vieillesse et régimes spéciaux	aucun	non rattachable	oui	main-d'oeuvre	895.0		895.0	CNAV	code de la sécurité sociale	L137-12	LEGIARTI000053282399	2025-12-31	confirmé	Art. L. 137-12 du code de la sécurité sociale	annexe+ifrap	142.0		Contributions sociales employeurs	Contribution sur les indemnités de mise à la retraite
Contribution sur les régimes de retraite conditionnant la constitution de droits à prestations à l’achèvement de la carrière du bénéficiaire dans l’entreprise	1. Les cotisations sociales	Vieillesse et régimes spéciaux	aucun	non rattachable	oui	main-d'oeuvre	179.0		179.0	CNAV	code de la sécurité sociale	L137-11	LEGIARTI000038724895	2019-07-05	confirmé	Art. L. 137-11 du code de la sécurité sociale et L.241-3 du code de la sécurité sociale	annexe+ifrap	146.0		Contributions sociales employeurs	Contributions perçues au titre des régimes de retraite à prestations définies
Contribution sur les avantages de préretraite d’entreprise	1. Les cotisations sociales	Vieillesse et régimes spéciaux	aucun	non rattachable	oui	main-d'oeuvre	34.0		34.0	CNAV	code de la sécurité sociale	L137-10	LEGIARTI000037074877	2018-09-01	confirmé	Art. L. 137-10 du code de la sécurité sociale	annexe+ifrap	141.0		Contributions sociales employeurs	Contribution sur les avantages de préretraite d'entreprise
Autres cotisations sociales Vieillesse — Régime des salariés agricoles	1. Les cotisations sociales	Vieillesse et régimes spéciaux	aucun	non rattachable	oui	main-d'oeuvre					code de la sécurité sociale	L243-5	LEGIARTI000053281562	2026-07-01	socle du régime relevé par le fil, confirmé au dépôt		ifrap			Autres cotisations majorations et pénalités	Autres cotisations sociales Vieillesse — Régime des salariés agricoles
Autres cotisations sociales et majorations Vieillesse — Régime spécial des industries électriques et gazières (CNIEG)	1. Les cotisations sociales	Vieillesse et régimes spéciaux	aucun	non rattachable	oui	main-d'oeuvre					code de la sécurité sociale	L243-5	LEGIARTI000053281562	2026-07-01	socle du régime relevé par le fil, confirmé au dépôt		ifrap			Autres cotisations majorations et pénalités	Autres cotisations sociales et majorations Vieillesse — Régime spécial des industries électriques et gazières (CNIEG)
Autres cotisations sociales vieillesse — Régime général et FSV	1. Les cotisations sociales	Vieillesse et régimes spéciaux	aucun	non rattachable	oui	main-d'oeuvre					code de la sécurité sociale	L241-2	LEGIARTI000046805562	2023-01-01	socle du régime relevé par le fil, confirmé au dépôt		ifrap			Autres cotisations	Autres cotisations sociales vieillesse — Régime général et FSV
Autres cotisations, majorations et pénalités — Régime spécial des fonctionnaires territoriaux et hospitaliers	1. Les cotisations sociales	Vieillesse et régimes spéciaux	aucun	non rattachable	oui	main-d'oeuvre					code de la sécurité sociale	L243-5	LEGIARTI000053281562	2026-07-01	socle du régime relevé par le fil, confirmé au dépôt		ifrap			Autres cotisations majorations et pénalités	Autres cotisations, majorations et pénalités — Régime spécial des fonctionnaires territoriaux et hospitaliers
Contributions d'équilibre de l'employeur principal Régime SNCF	1. Les cotisations sociales	Vieillesse et régimes spéciaux	aucun	non rattachable	oui	main-d'oeuvre					code de la sécurité sociale	L137-15	LEGIARTI000047452686	2023-09-01	socle du régime relevé par le fil, confirmé au dépôt		ifrap			Contributions sociales employeurs	Contributions d'équilibre de l'employeur principal Régime SNCF
Cotisations Vieillesse salariés — Régime de retraite des fonctionnaires civils et militaires de l'État	1. Les cotisations sociales	Vieillesse et régimes spéciaux	aucun	non rattachable	oui	main-d'oeuvre					code de la sécurité sociale	L241-3	LEGIARTI000051289018	2026-01-01	socle du régime relevé par le fil, confirmé au dépôt		ifrap			Cotisations salariales	Cotisations Vieillesse salariés — Régime de retraite des fonctionnaires civils et militaires de l'État
Cotisations Vieillesse salariés — Régime des salariés agricoles	1. Les cotisations sociales	Vieillesse et régimes spéciaux	aucun	non rattachable	oui	main-d'oeuvre					code de la sécurité sociale	L241-2	LEGIARTI000046805562	2023-01-01	socle du régime relevé par le fil, confirmé au dépôt		ifrap			Cotisations employeurs	Cotisations Vieillesse salariés — Régime des salariés agricoles
Cotisations Vieillesse — Régime des salariés agricoles	1. Les cotisations sociales	Vieillesse et régimes spéciaux	aucun	non rattachable	oui	main-d'oeuvre					code de la sécurité sociale	L241-3	LEGIARTI000051289018	2026-01-01	socle du régime relevé par le fil, confirmé au dépôt		ifrap			Cotisations salariales	Cotisations Vieillesse — Régime des salariés agricoles
Cotisations d'équilibre de l'employeur principal — Régime spécial des fonctionnaires territoriaux et hospitaliers	1. Les cotisations sociales	Vieillesse et régimes spéciaux	aucun	non rattachable	oui	main-d'oeuvre					code de la sécurité sociale	L241-2	LEGIARTI000046805562	2023-01-01	socle du régime relevé par le fil, confirmé au dépôt		ifrap			Cotisations employeurs	Cotisations d'équilibre de l'employeur principal — Régime spécial des fonctionnaires territoriaux et hospitaliers
"Cotisations patronales ""vieillesse"" non plafonnées Vieillesse — Régime spécial des industries électriques et gazières (CNIEG)"	1. Les cotisations sociales	Vieillesse et régimes spéciaux	aucun	non rattachable	oui	main-d'oeuvre					code de la sécurité sociale	L241-2	LEGIARTI000046805562	2023-01-01	socle du régime relevé par le fil, confirmé au dépôt		ifrap			Cotisations employeurs	"Cotisations patronales ""vieillesse"" non plafonnées Vieillesse — Régime spécial des industries électriques et gazières (CNIEG)"
Cotisations patronales Vieillesse — Caisse autonome nationale de sécurité sociale dans les mines	1. Les cotisations sociales	Vieillesse et régimes spéciaux	aucun	non rattachable	oui	main-d'oeuvre					code de la sécurité sociale	L241-2	LEGIARTI000046805562	2023-01-01	socle du régime relevé par le fil, confirmé au dépôt		ifrap			Cotisations employeurs	Cotisations patronales Vieillesse — Caisse autonome nationale de sécurité sociale dans les mines
Cotisations patronales Vieillesse — Régime spécial des agents de la RATP	1. Les cotisations sociales	Vieillesse et régimes spéciaux	aucun	non rattachable	oui	main-d'oeuvre					code de la sécurité sociale	L241-2	LEGIARTI000046805562	2023-01-01	socle du régime relevé par le fil, confirmé au dépôt		ifrap			Cotisations employeurs	Cotisations patronales Vieillesse — Régime spécial des agents de la RATP
Cotisations patronales brutes Vieillesse — Régime spécial des agents de la SNCF	1. Les cotisations sociales	Vieillesse et régimes spéciaux	aucun	non rattachable	oui	main-d'oeuvre					code de la sécurité sociale	L241-2	LEGIARTI000046805562	2023-01-01	socle du régime relevé par le fil, confirmé au dépôt		ifrap			Cotisations employeurs	Cotisations patronales brutes Vieillesse — Régime spécial des agents de la SNCF
Cotisations patronales — Régime de retraite des fonctionnaires civils et militaires de l'État	1. Les cotisations sociales	Vieillesse et régimes spéciaux	aucun	non rattachable	oui	main-d'oeuvre					code de la sécurité sociale	L241-2	LEGIARTI000046805562	2023-01-01	socle du régime relevé par le fil, confirmé au dépôt		ifrap			Cotisations employeurs	Cotisations patronales — Régime de retraite des fonctionnaires civils et militaires de l'État
Cotisations régime complémentaire	1. Les cotisations sociales	Vieillesse et régimes spéciaux	aucun	non rattachable	oui	main-d'oeuvre					code de la sécurité sociale	L243-5	LEGIARTI000053281562	2026-07-01	socle du régime relevé par le fil, confirmé au dépôt		ifrap			Autres cotisations majorations et pénalités	Cotisations régime complémentaire
"Cotisations salariales ""vieillesse"" non plafonnées Vieillesse — Régime spécial des industries électriques et gazières (CNIEG)"	1. Les cotisations sociales	Vieillesse et régimes spéciaux	aucun	non rattachable	oui	main-d'oeuvre					code de la sécurité sociale	L241-3	LEGIARTI000051289018	2026-01-01	socle du régime relevé par le fil, confirmé au dépôt		ifrap			Cotisations salariales	"Cotisations salariales ""vieillesse"" non plafonnées Vieillesse — Régime spécial des industries électriques et gazières (CNIEG)"
"Cotisations salariales ""vieillesse"" non plafonnées ensemble des risques — Caisse autonome nationale de sécurité sociale dans les mines"	1. Les cotisations sociales	Vieillesse et régimes spéciaux	aucun	non rattachable	oui	main-d'oeuvre					code de la sécurité sociale	L241-3	LEGIARTI000051289018	2026-01-01	socle du régime relevé par le fil, confirmé au dépôt		ifrap			Cotisations salariales	"Cotisations salariales ""vieillesse"" non plafonnées ensemble des risques — Caisse autonome nationale de sécurité sociale dans les mines"
Cotisations salariales Vieillesse — Établissement national des invalides de la marine (ENIM)	1. Les cotisations sociales	Vieillesse et régimes spéciaux	aucun	non rattachable	oui	main-d'oeuvre					code de la sécurité sociale	L241-3	LEGIARTI000051289018	2026-01-01	socle du régime relevé par le fil, confirmé au dépôt		ifrap			Cotisations salariales	Cotisations salariales Vieillesse — Établissement national des invalides de la marine (ENIM)
Cotisations salariales brutes Vieillesse — Régime spécial des agents de la SNCF	1. Les cotisations sociales	Vieillesse et régimes spéciaux	aucun	non rattachable	oui	main-d'oeuvre					code de la sécurité sociale	L241-3	LEGIARTI000051289018	2026-01-01	socle du régime relevé par le fil, confirmé au dépôt		ifrap			Cotisations salariales	Cotisations salariales brutes Vieillesse — Régime spécial des agents de la SNCF
Cotisations salariales tous risques — Fonds spécial des pensions des ouvriers des établissements industriels de l'État (FSPOEIE)	1. Les cotisations sociales	Vieillesse et régimes spéciaux	aucun	non rattachable	oui	main-d'oeuvre					code de la sécurité sociale	L241-3	LEGIARTI000051289018	2026-01-01	socle du régime relevé par le fil, confirmé au dépôt		ifrap			Cotisations salariales	Cotisations salariales tous risques — Fonds spécial des pensions des ouvriers des établissements industriels de l'État (FSPOEIE)
Cotisations salariales — Régime spécial des fonctionnaires territoriaux et hospitaliers	1. Les cotisations sociales	Vieillesse et régimes spéciaux	aucun	non rattachable	oui	main-d'oeuvre					code de la sécurité sociale	L241-3	LEGIARTI000051289018	2026-01-01	socle du régime relevé par le fil, confirmé au dépôt		ifrap			Cotisations salariales	Cotisations salariales — Régime spécial des fonctionnaires territoriaux et hospitaliers
Cotisations salariales — Régime spécial des industries électriques et gazières (CNIEG)	1. Les cotisations sociales	Vieillesse et régimes spéciaux	aucun	non rattachable	oui	main-d'oeuvre					code de la sécurité sociale	L241-3	LEGIARTI000051289018	2026-01-01	socle du régime relevé par le fil, confirmé au dépôt		ifrap			Cotisations salariales	Cotisations salariales — Régime spécial des industries électriques et gazières (CNIEG)
Cotisations vieillesse + maladie — Fonds spécial des pensions des ouvriers des établissements industriels de l'État (FSPOEIE)	1. Les cotisations sociales	Vieillesse et régimes spéciaux	aucun	non rattachable	oui	main-d'oeuvre					code de la sécurité sociale	L241-2	LEGIARTI000046805562	2023-01-01	socle du régime relevé par le fil, confirmé au dépôt		ifrap			Cotisations employeurs	Cotisations vieillesse + maladie — Fonds spécial des pensions des ouvriers des établissements industriels de l'État (FSPOEIE)
Autres assiettes famille — Régime général et FSV	1. Les cotisations sociales	Maladie, famille, accidents et prévoyance	aucun	non rattachable	oui	main-d'oeuvre					code de la sécurité sociale	L241-2	LEGIARTI000046805562	2023-01-01	socle du régime relevé par le fil, confirmé au dépôt		ifrap			Autres cotisations	Autres assiettes famille — Régime général et FSV
Autres cotisations et contributions sociales diverses (maladie) — Régime général et FSV	1. Les cotisations sociales	Maladie, famille, accidents et prévoyance	aucun	non rattachable	oui	main-d'oeuvre					code de la sécurité sociale	L241-2	LEGIARTI000046805562	2023-01-01	socle du régime relevé par le fil, confirmé au dépôt		ifrap			Autres cotisations	Autres cotisations et contributions sociales diverses (maladie) — Régime général et FSV
Autres cotisations sociales AT-MP — Régime général et FSV	1. Les cotisations sociales	Maladie, famille, accidents et prévoyance	aucun	non rattachable	oui	main-d'oeuvre					code de la sécurité sociale	L241-2	LEGIARTI000046805562	2023-01-01	socle du régime relevé par le fil, confirmé au dépôt		ifrap			Autres cotisations	Autres cotisations sociales AT-MP — Régime général et FSV
Autres cotisations sociales maladie (dont assurés volontaires) — Régime général et FSV	1. Les cotisations sociales	Maladie, famille, accidents et prévoyance	aucun	non rattachable	oui	main-d'oeuvre					code de la sécurité sociale	L241-2	LEGIARTI000046805562	2023-01-01	socle du régime relevé par le fil, confirmé au dépôt		ifrap			Autres cotisations	Autres cotisations sociales maladie (dont assurés volontaires) — Régime général et FSV
Contribution de l'employeur principal AT-MP — Régime spécial des industries électriques et gazières (CNIEG)	1. Les cotisations sociales	Maladie, famille, accidents et prévoyance	aucun	non rattachable	oui	main-d'oeuvre					code de la sécurité sociale	L241-2	LEGIARTI000046805562	2023-01-01	socle du régime relevé par le fil, confirmé au dépôt		ifrap			Cotisations employeurs	Contribution de l'employeur principal AT-MP — Régime spécial des industries électriques et gazières (CNIEG)
Cotisation au profit des caisses d’assurances d’accidents agricoles d’Alsace-Moselle	1. Les cotisations sociales	Maladie, famille, accidents et prévoyance	aucun	non rattachable	oui	cotisation sociale — hors mandat				CAAA - Caisses d'assurances d'accidents agricoles d'Alsace-Moselle	code rural et de la pêche maritime	L761-5	LEGIARTI000051287159	2026-01-01	confirmé	Art. L. 761-5 du code rural et de la pêche maritime	annexe+ifrap	95.0		autres	Cotisation au profit des caisses d'assurances d'accidents agricoles d'Alsace-Moselle
Cotisations AT-MP salariés — Régime de retraite des fonctionnaires civils et militaires de l'État	1. Les cotisations sociales	Maladie, famille, accidents et prévoyance	aucun	non rattachable	oui	main-d'oeuvre					code de la sécurité sociale	L241-2	LEGIARTI000046805562	2023-01-01	socle du régime relevé par le fil, confirmé au dépôt		ifrap			Cotisations employeurs	Cotisations AT-MP salariés — Régime de retraite des fonctionnaires civils et militaires de l'État
Cotisations AT-MP salariés — Régime des salariés agricoles	1. Les cotisations sociales	Maladie, famille, accidents et prévoyance	aucun	non rattachable	oui	main-d'oeuvre					code de la sécurité sociale	L241-2	LEGIARTI000046805562	2023-01-01	socle du régime relevé par le fil, confirmé au dépôt		ifrap			Cotisations employeurs	Cotisations AT-MP salariés — Régime des salariés agricoles
Cotisations AT-MP salariés — Régime général +FSV	1. Les cotisations sociales	Maladie, famille, accidents et prévoyance	aucun	non rattachable	oui	main-d'oeuvre					code de la sécurité sociale	L241-2	LEGIARTI000046805562	2023-01-01	socle du régime relevé par le fil, confirmé au dépôt		ifrap			Cotisations employeurs	Cotisations AT-MP salariés — Régime général +FSV
Cotisations Famille salariés — Régime général +FSV	1. Les cotisations sociales	Maladie, famille, accidents et prévoyance	aucun	non rattachable	oui	main-d'oeuvre					code de la sécurité sociale	L241-2	LEGIARTI000046805562	2023-01-01	socle du régime relevé par le fil, confirmé au dépôt		ifrap			Cotisations employeurs	Cotisations Famille salariés — Régime général +FSV
Cotisations IJ exploitants	1. Les cotisations sociales	Maladie, famille, accidents et prévoyance	aucun	non rattachable	oui	main-d'oeuvre					code de la sécurité sociale	L243-5	LEGIARTI000053281562	2026-07-01	socle du régime relevé par le fil, confirmé au dépôt		ifrap			Autres cotisations majorations et pénalités	Cotisations IJ exploitants
Cotisations Maladie salariés — Régime général +FSV	1. Les cotisations sociales	Maladie, famille, accidents et prévoyance	aucun	non rattachable	oui	main-d'oeuvre					code de la sécurité sociale	L241-2	LEGIARTI000046805562	2023-01-01	socle du régime relevé par le fil, confirmé au dépôt		ifrap			Cotisations employeurs	Cotisations Maladie salariés — Régime général +FSV
Cotisations décès - CIPAV	1. Les cotisations sociales	Maladie, famille, accidents et prévoyance	aucun	non rattachable	oui	main-d'oeuvre					code de la sécurité sociale	L243-5	LEGIARTI000053281562	2026-07-01	socle du régime relevé par le fil, confirmé au dépôt		ifrap			Autres cotisations majorations et pénalités	Cotisations décès - CIPAV
Cotisations décès - CNIEG	1. Les cotisations sociales	Maladie, famille, accidents et prévoyance	aucun	non rattachable	oui	main-d'oeuvre					code de la sécurité sociale	L243-5	LEGIARTI000053281562	2026-07-01	socle du régime relevé par le fil, confirmé au dépôt		ifrap			Autres cotisations majorations et pénalités	Cotisations décès - CNIEG
Cotisations institutions de prévoyance	1. Les cotisations sociales	Maladie, famille, accidents et prévoyance	aucun	non rattachable	oui	main-d'oeuvre					code de la sécurité sociale	L243-5	LEGIARTI000053281562	2026-07-01	socle du régime relevé par le fil, confirmé au dépôt		ifrap			Autres cotisations majorations et pénalités	Cotisations institutions de prévoyance
Cotisations invalidité - CIPAV	1. Les cotisations sociales	Maladie, famille, accidents et prévoyance	aucun	non rattachable	oui	main-d'oeuvre					code de la sécurité sociale	L243-5	LEGIARTI000053281562	2026-07-01	socle du régime relevé par le fil, confirmé au dépôt		ifrap			Autres cotisations majorations et pénalités	Cotisations invalidité - CIPAV
Cotisations invalidité - CNIEG	1. Les cotisations sociales	Maladie, famille, accidents et prévoyance	aucun	non rattachable	oui	main-d'oeuvre					code de la sécurité sociale	L243-5	LEGIARTI000053281562	2026-07-01	socle du régime relevé par le fil, confirmé au dépôt		ifrap			Autres cotisations majorations et pénalités	Cotisations invalidité - CNIEG
"Cotisations patronales ""décès"" Vieillesse — Régime spécial des industries électriques et gazières (CNIEG)"	1. Les cotisations sociales	Maladie, famille, accidents et prévoyance	aucun	non rattachable	oui	main-d'oeuvre					code de la sécurité sociale	L241-2	LEGIARTI000046805562	2023-01-01	socle du régime relevé par le fil, confirmé au dépôt		ifrap			Cotisations employeurs	"Cotisations patronales ""décès"" Vieillesse — Régime spécial des industries électriques et gazières (CNIEG)"
"Cotisations patronales ""décès"", ""invalidité"" et ""AT-MP"" Ensemble des risques — Régime spécial des industries électriques et gazières (CNIEG)"	1. Les cotisations sociales	Maladie, famille, accidents et prévoyance	aucun	non rattachable	oui	main-d'oeuvre					code de la sécurité sociale	L241-2	LEGIARTI000046805562	2023-01-01	socle du régime relevé par le fil, confirmé au dépôt		ifrap			Cotisations employeurs	"Cotisations patronales ""décès"", ""invalidité"" et ""AT-MP"" Ensemble des risques — Régime spécial des industries électriques et gazières (CNIEG)"
Cotisations patronales non plafonnées AT-MP — Caisse autonome nationale de sécurité sociale dans les mines	1. Les cotisations sociales	Maladie, famille, accidents et prévoyance	aucun	non rattachable	oui	main-d'oeuvre					code de la sécurité sociale	L241-2	LEGIARTI000046805562	2023-01-01	socle du régime relevé par le fil, confirmé au dépôt		ifrap			Cotisations employeurs	Cotisations patronales non plafonnées AT-MP — Caisse autonome nationale de sécurité sociale dans les mines
Cotisations patronales non plafonnées Maladie-invalidité — Régime spécial des industries électriques et gazières (CNIEG)	1. Les cotisations sociales	Maladie, famille, accidents et prévoyance	aucun	non rattachable	oui	main-d'oeuvre					code de la sécurité sociale	L241-2	LEGIARTI000046805562	2023-01-01	socle du régime relevé par le fil, confirmé au dépôt		ifrap			Cotisations employeurs	Cotisations patronales non plafonnées Maladie-invalidité — Régime spécial des industries électriques et gazières (CNIEG)
Cotisations patronales vieillesse — Caisse de retraite et de prévoyance des clercs et employés de notaires	1. Les cotisations sociales	Maladie, famille, accidents et prévoyance	aucun	non rattachable	oui	main-d'oeuvre					code de la sécurité sociale	L241-2	LEGIARTI000046805562	2023-01-01	socle du régime relevé par le fil, confirmé au dépôt		ifrap			Cotisations employeurs	Cotisations patronales vieillesse — Caisse de retraite et de prévoyance des clercs et employés de notaires
Cotisations prévoyance des affiliés — Régime spécial des agents de la RATP	1. Les cotisations sociales	Maladie, famille, accidents et prévoyance	aucun	non rattachable	oui	main-d'oeuvre					code de la sécurité sociale	L241-3	LEGIARTI000051289018	2026-01-01	socle du régime relevé par le fil, confirmé au dépôt		ifrap			Cotisations salariales	Cotisations prévoyance des affiliés — Régime spécial des agents de la RATP
Cotisations prévoyance patronales — Régime spécial des agents de la RATP	1. Les cotisations sociales	Maladie, famille, accidents et prévoyance	aucun	non rattachable	oui	main-d'oeuvre					code de la sécurité sociale	L241-2	LEGIARTI000046805562	2023-01-01	socle du régime relevé par le fil, confirmé au dépôt		ifrap			Cotisations employeurs	Cotisations prévoyance patronales — Régime spécial des agents de la RATP
Cotisations sociales AT-MP — Établissement national des invalides de la marine (ENIM)	1. Les cotisations sociales	Maladie, famille, accidents et prévoyance	aucun	non rattachable	oui	main-d'oeuvre					code de la sécurité sociale	L241-2	LEGIARTI000046805562	2023-01-01	socle du régime relevé par le fil, confirmé au dépôt		ifrap			Cotisations employeurs	Cotisations sociales AT-MP — Établissement national des invalides de la marine (ENIM)
Cotisations sociales brutes Vieillesse — Caisse de retraite et de prévoyance des clercs et employés de notaires	1. Les cotisations sociales	Maladie, famille, accidents et prévoyance	aucun	non rattachable	oui	main-d'oeuvre					code de la sécurité sociale	L241-3	LEGIARTI000051289018	2026-01-01	socle du régime relevé par le fil, confirmé au dépôt		ifrap			Cotisations salariales	Cotisations sociales brutes Vieillesse — Caisse de retraite et de prévoyance des clercs et employés de notaires
Cotisations sur les émoluments de notaires Vieillesse — Caisse de retraite et de prévoyance des clercs et employés de notaires	1. Les cotisations sociales	Maladie, famille, accidents et prévoyance	aucun	non rattachable	oui	main-d'oeuvre					code de la sécurité sociale	L241-2	LEGIARTI000046805562	2023-01-01	socle du régime relevé par le fil, confirmé au dépôt		ifrap			Cotisations employeurs	Cotisations sur les émoluments de notaires Vieillesse — Caisse de retraite et de prévoyance des clercs et employés de notaires
Cotisations vieillesse + maladie — Régime spécial des fonctionnaires territoriaux et hospitaliers	1. Les cotisations sociales	Maladie, famille, accidents et prévoyance	aucun	non rattachable	oui	main-d'oeuvre					code de la sécurité sociale	L241-3	LEGIARTI000051289018	2026-01-01	socle du régime relevé par le fil, confirmé au dépôt		ifrap			Cotisations salariales	Cotisations vieillesse + maladie — Régime spécial des fonctionnaires territoriaux et hospitaliers
Autres cotisations sociales Vieillesse — Régime des exploitants agricoles	1. Les cotisations sociales	Non-salariés et inactifs	aucun	non rattachable	oui	main-d'oeuvre					code de la sécurité sociale	L243-5	LEGIARTI000053281562	2026-07-01	socle du régime relevé par le fil, confirmé au dépôt		ifrap			Autres cotisations majorations et pénalités	Autres cotisations sociales Vieillesse — Régime des exploitants agricoles
Autres cotisations sociales et majorations Ensemble des risques — Caisse nationale d'assurance vieillesse des professions libérales	1. Les cotisations sociales	Non-salariés et inactifs	aucun	non rattachable	oui	main-d'oeuvre					code de la sécurité sociale	L243-5	LEGIARTI000053281562	2026-07-01	socle du régime relevé par le fil, confirmé au dépôt		ifrap			Autres cotisations majorations et pénalités	Autres cotisations sociales et majorations Ensemble des risques — Caisse nationale d'assurance vieillesse des professions libérales
Autres cotisations sociales — Caisse nationale d'assurance vieillesse des professions libérales	1. Les cotisations sociales	Non-salariés et inactifs	aucun	non rattachable	oui	main-d'oeuvre					code de la sécurité sociale	L243-5	LEGIARTI000053281562	2026-07-01	socle du régime relevé par le fil, confirmé au dépôt		ifrap			Autres cotisations majorations et pénalités	Autres cotisations sociales — Caisse nationale d'assurance vieillesse des professions libérales
Cotisations Famille non-salariés — Régime général et FSV	1. Les cotisations sociales	Non-salariés et inactifs	aucun	non rattachable	oui	main-d'oeuvre					code de la sécurité sociale	L131-6	LEGIARTI000048683707	2023-12-28	socle du régime relevé par le fil, confirmé au dépôt		ifrap			Cotisations non-salariés et non actifs	Cotisations Famille non-salariés — Régime général et FSV
Cotisations Maladie inactifs — Régime général et FSV	1. Les cotisations sociales	Non-salariés et inactifs	Impôt sur le revenu	rattachable	oui	revenus des ménages					code de la sécurité sociale	L131-6	LEGIARTI000048683707	2023-12-28	socle du régime relevé par le fil, confirmé au dépôt		ifrap			Cotisations non-salariés et non actifs	Cotisations Maladie inactifs — Régime général et FSV
Cotisations Maladie non-salariés — Régime général et FSV	1. Les cotisations sociales	Non-salariés et inactifs	aucun	non rattachable	oui	main-d'oeuvre					code de la sécurité sociale	L131-6	LEGIARTI000048683707	2023-12-28	socle du régime relevé par le fil, confirmé au dépôt		ifrap			Cotisations non-salariés et non actifs	Cotisations Maladie non-salariés — Régime général et FSV
Cotisations conjoints collaborateurs Vieillesse — Caisse nationale d'assurance vieillesse des professions libérales	1. Les cotisations sociales	Non-salariés et inactifs	aucun	non rattachable	oui	main-d'oeuvre					code de la sécurité sociale	L131-6	LEGIARTI000048683707	2023-12-28	socle du régime relevé par le fil, confirmé au dépôt		ifrap			Cotisations non-salariés et non actifs	Cotisations conjoints collaborateurs Vieillesse — Caisse nationale d'assurance vieillesse des professions libérales
Cotisations conjoints collaborateurs — Caisse nationale d'assurance vieillesse des professions libérales	1. Les cotisations sociales	Non-salariés et inactifs	aucun	non rattachable	oui	main-d'oeuvre					code de la sécurité sociale	L131-6	LEGIARTI000048683707	2023-12-28	socle du régime relevé par le fil, confirmé au dépôt		ifrap			Cotisations non-salariés et non actifs	Cotisations conjoints collaborateurs — Caisse nationale d'assurance vieillesse des professions libérales
Cotisations sociales - brutes CAVIMAC — autres régimes	1. Les cotisations sociales	Non-salariés et inactifs	aucun	non rattachable	oui	main-d'oeuvre					code de la sécurité sociale	L131-6	LEGIARTI000048683707	2023-12-28	socle du régime relevé par le fil, confirmé au dépôt		ifrap			Cotisations non-salariés et non actifs	Cotisations sociales - brutes CAVIMAC — autres régimes
Cotisations sociales - brutes CNBF — autres régimes	1. Les cotisations sociales	Non-salariés et inactifs	aucun	non rattachable	oui	main-d'oeuvre					code de la sécurité sociale	L131-6	LEGIARTI000048683707	2023-12-28	socle du régime relevé par le fil, confirmé au dépôt		ifrap			Cotisations non-salariés et non actifs	Cotisations sociales - brutes CNBF — autres régimes
Cotisations sociales non-salariés Vieillesse — Régime des exploitants agricoles	1. Les cotisations sociales	Non-salariés et inactifs	aucun	non rattachable	oui	main-d'oeuvre					code de la sécurité sociale	L131-6	LEGIARTI000048683707	2023-12-28	socle du régime relevé par le fil, confirmé au dépôt		ifrap			Cotisations non-salariés et non actifs	Cotisations sociales non-salariés Vieillesse — Régime des exploitants agricoles
Cotisations sociales provisionnelles — Caisse nationale d'assurance vieillesse des professions libérales	1. Les cotisations sociales	Non-salariés et inactifs	aucun	non rattachable	oui	main-d'oeuvre					code de la sécurité sociale	L131-6	LEGIARTI000048683707	2023-12-28	socle du régime relevé par le fil, confirmé au dépôt		ifrap			Cotisations non-salariés et non actifs	Cotisations sociales provisionnelles — Caisse nationale d'assurance vieillesse des professions libérales
Cotisations sociales régularisation — Caisse nationale d'assurance vieillesse des professions libérales	1. Les cotisations sociales	Non-salariés et inactifs	aucun	non rattachable	oui	main-d'oeuvre					code de la sécurité sociale	L131-6	LEGIARTI000048683707	2023-12-28	socle du régime relevé par le fil, confirmé au dépôt		ifrap			Cotisations non-salariés et non actifs	Cotisations sociales régularisation — Caisse nationale d'assurance vieillesse des professions libérales
Cotisations vieillesse non-salariés — Régime des exploitants agricoles	1. Les cotisations sociales	Non-salariés et inactifs	aucun	non rattachable	oui	main-d'oeuvre					code de la sécurité sociale	L131-6	LEGIARTI000048683707	2023-12-28	socle du régime relevé par le fil, confirmé au dépôt		ifrap			Cotisations non-salariés et non actifs	Cotisations vieillesse non-salariés — Régime des exploitants agricoles
Cotisations vieillesse non-salariés — Régime général et FSV	1. Les cotisations sociales	Non-salariés et inactifs	aucun	non rattachable	oui	main-d'oeuvre					code de la sécurité sociale	L131-6	LEGIARTI000048683707	2023-12-28	socle du régime relevé par le fil, confirmé au dépôt		ifrap			Cotisations non-salariés et non actifs	Cotisations vieillesse non-salariés — Régime général et FSV
Contribution supplémentaire au financement de l'assurance chômage	1. Les cotisations sociales	Chômage	aucun	non rattachable	oui	main-d'oeuvre					code de la sécurité sociale	L137-15	LEGIARTI000047452686	2023-09-01	socle du régime relevé par le fil, confirmé au dépôt		ifrap			Contributions sociales employeurs	Contribution supplémentaire au financement de l'assurance chômage
Contributions chômage Unédic	1. Les cotisations sociales	Chômage	aucun	non rattachable	oui	main-d'oeuvre					code de la sécurité sociale	L137-15	LEGIARTI000047452686	2023-09-01	socle du régime relevé par le fil, confirmé au dépôt		ifrap			Contributions sociales employeurs	Contributions chômage Unédic
Autres cotisations et contributions sociales diverses FSV — Régime des salariés agricoles	1. Les cotisations sociales	Autres cotisations, majorations et pénalités	aucun	non rattachable	oui	main-d'oeuvre					code de la sécurité sociale	L241-2	LEGIARTI000046805562	2023-01-01	socle du régime relevé par le fil, confirmé au dépôt		ifrap			Autres cotisations	Autres cotisations et contributions sociales diverses FSV — Régime des salariés agricoles
Contribution sociale généralisée (CSG)	2. Les contributions sociales sur les revenus	Contribution sociale généralisée et CRDS	Impôt sur le revenu	rattachable	oui	revenus des ménages	155467.8		155467.8	CNAF ; CNAMTS ; CNAV ; CNSA ; Caisse d'amortissement de la dette sociale (CADES) ; FSV ; UNEDIC	code de la sécurité sociale	L136-1	LEGIARTI000033712581	2018-01-01	confirmé	Art L. 136-1 à L. 136-8 du code de la sécurité sociale et 1600-0-C et 1600-0-D du code général des impôts ; Art. L. 136-1 à L. 136-8 du code de la sécurité sociale et 1600-0-C et 1600-0-D du code général des impôts ; Article L131-8 du code de la sécurité sociale	annexe+ifrap	136.0		Contributions sociales particuliers	CSG brute maladie ; CSG sur revenus d'activité famille ; CSG sur revenus de remplacement famille ; CSG sur revenus du capital ; CSG sur revenus d'activité FSV ; CSG sur revenus de remplacement FSV ; CSG sur revenus du capital FSV ; CSG sur les revenus du patrimoine FSV ; CSG sur les revenus des placements FSV ; CSG sur autres revenus, majorations et pénalités FSV ; CSG brute CNSA ; CSG - brutes autres régimes ; CSG, impôts et taxes Caisse autonome nationale de sécurité sociale dans les mines
Contributions pour le remboursement de la dette sociale (CRDS)	2. Les contributions sociales sur les revenus	Contribution sociale généralisée et CRDS	Impôt sur le revenu	rattachable	oui	revenus des ménages	9350.4		9350.4	Caisse d'amortissement de la dette sociale (CADES)	code général des impôts	1600-0 G	LEGIARTI000021535793	2009-12-28	confirmé	Art. 1600-0 G à 1600-0 J du code général des impôts et art. L136-1 et suiv. du code de la sécurité sociale	annexe+ifrap	96.0		Contributions sociales particuliers	Contributions pour le remboursement de la dette sociale (CRDS) ; CRDS sur ventes de métaux ou objets précieux ; CRDS sur le produit des jeux dans les casinos flottants
Prélèvements de solidarité	2. Les contributions sociales sur les revenus	Prélèvements sociaux sur les revenus du capital	Impôt sur le revenu	rattachable	oui	capital	15634.9	15634.9		Budget général de l'État					non établi		état A		1427.0		
Contributions sociales maladie - Prélèvement social sur les revenus du capital	2. Les contributions sociales sur les revenus	Prélèvements sociaux sur les revenus du capital	Impôt sur le revenu	rattachable	oui	revenus des ménages					code de la sécurité sociale	L136-1	LEGIARTI000033712581	2018-01-01	socle du régime relevé par le fil, confirmé au dépôt		ifrap			Contributions sociales particuliers	Contributions sociales maladie - Prélèvement social sur les revenus du capital
Prélèvement social et de solidarité sur les revenus du capital FSV	2. Les contributions sociales sur les revenus	Prélèvements sociaux sur les revenus du capital	Impôt sur le revenu	rattachable	oui	revenus des ménages					code de la sécurité sociale	L136-1	LEGIARTI000033712581	2018-01-01	socle du régime relevé par le fil, confirmé au dépôt		ifrap			Contributions sociales particuliers	Prélèvement social et de solidarité sur les revenus du capital FSV
Prélèvement social sur les revenus des placements (maladie)	2. Les contributions sociales sur les revenus	Prélèvements sociaux sur les revenus du capital	Impôt sur le revenu	rattachable	oui	revenus des ménages					code de la sécurité sociale	L136-1	LEGIARTI000033712581	2018-01-01	socle du régime relevé par le fil, confirmé au dépôt		ifrap			Contributions sociales particuliers	Prélèvement social sur les revenus des placements (maladie)
Prélèvement social sur les revenus du capital CNSA	2. Les contributions sociales sur les revenus	Prélèvements sociaux sur les revenus du capital	Impôt sur le revenu	rattachable	oui	revenus des ménages					code de la sécurité sociale	L136-1	LEGIARTI000033712581	2018-01-01	socle du régime relevé par le fil, confirmé au dépôt		ifrap			Contributions sociales particuliers	Prélèvement social sur les revenus du capital CNSA
Prélèvement social sur les revenus du patrimoine (branche maladie)	2. Les contributions sociales sur les revenus	Prélèvements sociaux sur les revenus du capital	Impôt sur le revenu	rattachable	oui	revenus des ménages					code de la sécurité sociale	L136-1	LEGIARTI000033712581	2018-01-01	socle du régime relevé par le fil, confirmé au dépôt		ifrap			Contributions sociales particuliers	Prélèvement social sur les revenus du patrimoine (branche maladie)
Prélèvement sur les revenus des placements FSV	2. Les contributions sociales sur les revenus	Prélèvements sociaux sur les revenus du capital	Impôt sur le revenu	rattachable	oui	revenus des ménages					code de la sécurité sociale	L136-1	LEGIARTI000033712581	2018-01-01	socle du régime relevé par le fil, confirmé au dépôt		ifrap			Contributions sociales particuliers	Prélèvement sur les revenus des placements FSV
Prélèvement sur les revenus du patrimoine FSV	2. Les contributions sociales sur les revenus	Prélèvements sociaux sur les revenus du capital	Impôt sur le revenu	rattachable	oui	revenus des ménages					code de la sécurité sociale	L136-1	LEGIARTI000033712581	2018-01-01	socle du régime relevé par le fil, confirmé au dépôt		ifrap			Contributions sociales particuliers	Prélèvement sur les revenus du patrimoine FSV
Contribution solidarité autonomie (CSA)	2. Les contributions sociales sur les revenus	Solidarité autonomie	aucun	non rattachable	oui	main-d'oeuvre	2563.2		2563.2	CNSA	code de la sécurité sociale	137-40			nommé non porté au dépôt	Art. 137-40 du code de la sécurité sociale	annexe+ifrap	155.0		Contributions sociales employeurs	CSA assise sur revenus d'activité CNSA ; CSA assise sur revenus du capital CNSA
Contribution additionnelle de solidarité autonomie (CASA)	2. Les contributions sociales sur les revenus	Solidarité autonomie	Impôt sur le revenu	rattachable	oui	revenus des ménages	977.1		977.1	CNSA	code de la sécurité sociale	137-41			nommé non porté au dépôt	Art. 137-41 du code de la sécurité sociale	annexe+ifrap	156.0		Contributions sociales particuliers	CASA Brute CNSA
Contributions sur avantages de retraite et de préretraite (branche maladie)	2. Les contributions sociales sur les revenus	Contributions sur les revenus de remplacement	Impôt sur le revenu	rattachable	oui	revenus des ménages					code de la sécurité sociale	L136-1	LEGIARTI000033712581	2018-01-01	socle du régime relevé par le fil, confirmé au dépôt		ifrap			Contributions sociales particuliers	Contributions sur avantages de retraite et de préretraite (branche maladie)
Contributions sur avantages de retraite et de préretraite FSV	2. Les contributions sociales sur les revenus	Contributions sur les revenus de remplacement	Impôt sur le revenu	rattachable	oui	revenus des ménages					code de la sécurité sociale	L136-1	LEGIARTI000033712581	2018-01-01	socle du régime relevé par le fil, confirmé au dépôt		ifrap			Contributions sociales particuliers	Contributions sur avantages de retraite et de préretraite FSV
Forfait social	2. Les contributions sociales sur les revenus	Épargne salariale et actionnariat	aucun	non rattachable	oui	main-d'oeuvre	6690.2		6690.2	CNAV	code de la sécurité sociale	L137-15	LEGIARTI000047452686	2023-09-01	confirmé	Art. L. 137-15 à L. 137-17 du code de la sécurité sociale	annexe+ifrap	145.0		Contributions sociales employeurs	Forfait social
Contributions patronales et salariales sur les attributions d’options (stock-options) de souscription ou d’achat des actions et sur les attributions gratuites	2. Les contributions sociales sur les revenus	Épargne salariale et actionnariat	Impôt sur le revenu	rattachable	oui	revenus des ménages	1669.1		1669.1	CNAF	code de la sécurité sociale	L137-13	LEGIARTI000051284578	2025-03-01	confirmé	Patronales : art. L. 137-13 du code de la sécurité sociale Salariales : art. L. 137-14 du code de la sécurité sociale	annexe+ifrap	124.0		Contributions sociales employeurs ; Contributions sociales particuliers	Contributions patronales sur stock-options et attributions gratuites d'actions ; Contributions salariales sur stock-options et attributions gratuites d'actions ; Contribution patronale sur les attributions d'options de souscription ou d'achat des actions et sur les attributions gratuites ; Contribution salariale sur les attributions d'options de souscription ou d'achat des actions et sur les attributions gratuites
Taxe sur les salaires	3. Les taxes sur la masse salariale	Taxe sur les salaires	aucun	non rattachable	oui	main-d'oeuvre	17877.0		17877.0	CNAV, CNAF, CNAM et CNSA					non établi	Art. L. 131-8, 1° du code de la sécurité sociale et 231 du code général des impôts	annexe+ifrap	218.0		capital	Taxe sur les salaires
Contribution unique à la formation professionnelle et à l'alternance	3. Les taxes sur la masse salariale	Formation et apprentissage	aucun	non rattachable	oui	main-d'oeuvre	10846.5	34.7	10811.8	France Compétences	code du travail	L6131-2	LEGIARTI000037375133	2019-01-01	confirmé	Art. L. 6131-2 et L. 6131-4 I et L. 6241-1 et L. 6241-2 du code du travail	annexe+ifrap	265.0	1412.0	autres	Contribution à la formation professionnelle ; Taxe d'apprentissage
Solde de la taxe d'apprentissage après prise en compte des versements directs des entreprises mentionnés au II de l'article L. 6241-2	3. Les taxes sur la masse salariale	Formation et apprentissage	aucun	non rattachable	oui	main-d'oeuvre	513.1		513.1	Caisse des dépôts et des consignations	code du travail	L6241-2 II			nommé non porté au dépôt	Art. L. 6241-2 II du code du travail	annexe+ifrap	289.0		autres	Taxe d'apprentissage
PEFPC : CPF CDD (ex-CIF-CDD) : 1% des salaires versés, ou moins en cas d'accord de branche	3. Les taxes sur la masse salariale	Formation et apprentissage	aucun	non rattachable	oui	main-d'oeuvre	322.9		322.9	France Compétences	code du travail	L6331-6	LEGIARTI000043701735	2022-01-01	confirmé	Art. L. 6331-6 et L. 6131-4 du code du travail	annexe+ifrap	226.0		autres	PEFPC : CPF CDD
PEFPC : Participation au financement de la formation des professions non salariées (à l'exception des artisans et des exploitants agricoles) correspondant à 0,25% du montant annuel du plafond de la sécurité sociale	3. Les taxes sur la masse salariale	Formation et apprentissage	aucun	non rattachable	oui	main-d'oeuvre	204.0		204.0	France Compétences					non établi	Art. L. 6331-48, 1° et L. 6331-50 du code du travail	annexe+ifrap	207.0		autres	PEFPC : professions non salariées (à l'exception des artisans et des exploitants agricoles)
Contribution supplémentaire à l'apprentissage	3. Les taxes sur la masse salariale	Formation et apprentissage	aucun	non rattachable	oui	main-d'oeuvre	190.9		190.9	France Compétences	code du travail	L6242-1	LEGIARTI000048839886	2023-12-31	confirmé	Article L.6242-1 et L. 6131-3 et L. 6131-4 I du code du travail	annexe+ifrap	120.0		autres	Contribution supplémentaire à l'apprentissage
Contribution spécifique pour le développement de la formation professionnelle initiale et continue dans les métiers des professions du bâtiment et des travaux publics.	3. Les taxes sur la masse salariale	Formation et apprentissage	aucun	non rattachable	oui	main-d'oeuvre	131.0		131.0	Comité de Concertation et de Coordination de l'Apprentissage du Bâtiment et des Travaux Publics (3CABTP)	code du travail	L6331-35	LEGIARTI000041472880	2019-12-30	confirmé	Art. L. 6331-35 à L. 6331-41 du code du travail	annexe+ifrap	288.0		autres	Contribution spécifique pour le développement de la formation professionnelle initiale et continue dans les métiers des professions du bâtiment et des travaux publics
PEFPC : Participation au financement de la formation des professions non salariées (artisans) correspondant à 0,29% du montant annuel du plafond de la sécurité sociale, dont micro entrepreneurs	3. Les taxes sur la masse salariale	Formation et apprentissage	aucun	non rattachable	oui	main-d'oeuvre	95.0		95.0	France Compétences					non établi	Art. L. 6331-48 2° et L. 6331-50 du code du travail	annexe+ifrap	211.0		autres	PEFPC : artisans
PEFPC : Participation au financement de la formation des intermittents correspondant au minimum à 2% des rémunérations versées	3. Les taxes sur la masse salariale	Formation et apprentissage	aucun	non rattachable	oui	main-d'oeuvre	69.1		69.1	France Compétences	code du travail	L6331-55	LEGIARTI000043701729	2022-01-01	confirmé	Art. L. 6331-55 du code du travail	annexe+ifrap	259.0		autres	PEFPC : intermittents
Contribution conventionnelle à la formation pour les entreprises de travail temporaire	3. Les taxes sur la masse salariale	Formation et apprentissage	aucun	non rattachable	oui	main-d'oeuvre	68.5		68.5	Fonds pour l'emploi du travail temporaire	code du travail	L6331-69	LEGIARTI000048849229	2023-12-31	confirmé	.Art. L. 6331-69 du code du travail	annexe+ifrap	287.0		autres	Contribution à la formation professionnelle
PEFPC : Participation au financement de la formation des professions non salariées (Entreprises du Vivant, agriculture) correspondant à 0,30 % des revenus professionnels ou de l'assiette forfaitaire déterminés à l'article L. 731-16 du code rural et de la pêche maritime	3. Les taxes sur la masse salariale	Formation et apprentissage	aucun	non rattachable	oui	main-d'oeuvre	60.7		60.7	France Compétences	code du travail	L6331-53	LEGIARTI000045178361	2022-09-01	confirmé	Art. L. 6331-53 du code du travail	annexe+ifrap	1.0		autres	PEFPC : Entreprises du vivant, agriculture
Taxe pour le développement de la formation professionnelle dans les métiers de la réparation de l'automobile, du cycle et du motocycle	3. Les taxes sur la masse salariale	Formation et apprentissage	aucun	non rattachable	oui	main-d'oeuvre	28.8		28.8	ANFA - Association nationale pour la formation automobile					non établi	Art. 1609 sexvicies I du CCGI	annexe+ifrap	87.0		autres	Taxe pour le développement de la formation professionnelle dans les métiers de la réparation de l'automobile, du cycle et du motocycle
PEFPC : Participation au financement de la formation des professions non salariées (Particuliers employeurs) correspondant au minimum à 0,15% au du montant annuel du plafond de la SS	3. Les taxes sur la masse salariale	Formation et apprentissage	aucun	non rattachable	oui	main-d'oeuvre	19.1		19.1	France Compétences	code du travail	L6331-57	LEGIARTI000033024709	2016-08-10	confirmé	Art. L. 6331-57 et L. 6331-60 du code du travail	annexe+ifrap	257.0		autres	PEFPC : Particuliers employeurs
PEFPC : Participation au financement de la formation des professions non salariées (Artistes auteurs) correspondant au minimum à 0,1% au du montant annuel du plafond de la SS	3. Les taxes sur la masse salariale	Formation et apprentissage	aucun	non rattachable	oui	main-d'oeuvre	13.1		13.1	France Compétences					non établi	Art. L. 6331-65 2° et L. 6331-68 du code du travail	annexe+ifrap	258.0		autres	PEFPC : Artistes auteurs
PEFPC : Participation au financement de la formation des professions non salariées (Peche et culture) correspondant au minimum à 0,15% au du montant annuel du plafond de la SS	3. Les taxes sur la masse salariale	Formation et apprentissage	aucun	non rattachable	oui	main-d'oeuvre	0.5		0.5	France Compétences	code du travail	L6331-53	LEGIARTI000045178361	2022-09-01	confirmé	Art. L. 6331-53 du code du travail	annexe+ifrap	212.0		autres	PEFPC : Pêche et culture
Contribution spécifique à la formation professionnelle pour Saint Pierre et Miquelon	3. Les taxes sur la masse salariale	Formation et apprentissage	aucun	non rattachable	oui	main-d'oeuvre	0.3		0.3	France Compétences	code du travail	L6523-1-5	LEGIARTI000051219928	2025-02-16	confirmé	.Art. L. 6523-1-5 du code du travail	annexe+ifrap	286.0		autres	Contribution spécifique à la formation professionnelle pour Saint-Pierre-et-Miquelon
Contribution au fonds d'assurance formation des chefs d'entreprise inscrite au répertoire des métiers	3. Les taxes sur la masse salariale	Formation et apprentissage	aucun	non rattachable	oui	main-d'oeuvre					code du travail	L6331-48	LEGIARTI000044056633	2023-01-01	relevé par le fil, confirmé au dépôt		ifrap			autres	Contribution au fonds d'assurance formation des chefs d'entreprise inscrite au répertoire des métiers
Financement des congés individuels de formation des salariés sous contrats à durée déterminée CIF-CDD	3. Les taxes sur la masse salariale	Formation et apprentissage	aucun	non rattachable	oui	main-d'oeuvre									non établi		ifrap			autres	Financement des congés individuels de formation des salariés sous contrats à durée déterminée CIF-CDD
Participation des employeurs à l'effort de construction (PEEC)	3. Les taxes sur la masse salariale	Logement des salariés	aucun	non rattachable	oui	main-d'oeuvre	2025.5	27.5	1998.0	Action Logement Services	code de la construction et de l'habitation	L313-1	LEGIARTI000038610274	2020-01-01	confirmé	Art. L. 313-1 du code de la construction et de l'habitation	annexe+ifrap	81.0	1411.0	autres	Cotisations perçues au titre de la participation des employeurs à l'effort de construction
Prélèvement sur la participation des employeurs à l'effort de construction (PEEC)	3. Les taxes sur la masse salariale	Logement des salariés	aucun	non rattachable	oui	main-d'oeuvre	6.4		6.4	ANCOLS - Agence nationale de contrôle du logement social	code de la construction et de l'habitation	L313-3	LEGIARTI000042912017	2021-01-01	confirmé	Art. L. 313-3 du code de la construction et de l'habitation (création) et L. 342-21 1° du code de la construction et de l'habitation (affectation)	annexe+ifrap	65.0		autres	Cotisations perçues au titre de la participation des employeurs à l'effort de construction
Versement transport dû par les entreprises de plus de 11 salariés implantées en province – part IdFM	3. Les taxes sur la masse salariale	Versement mobilité	aucun	non rattachable	oui	main-d'oeuvre	6652.2		6652.2	IdFM - Île-de-France Mobilités	code général des collectivités territoriales	L2333-64	LEGIARTI000042913444	2020-12-31	confirmé	Art. L. 2333-64 du code général des collectivités territoriales	annexe+ifrap	308.0		Contributions sociales employeurs	Versement mobilité ; Versement mobilité additionnel ; Versement mobilité régional et rural
Versement transport dû par les entreprises de plus de 11 salariés implantées en province	3. Les taxes sur la masse salariale	Versement mobilité	aucun	non rattachable	oui	main-d'oeuvre				Autorités organisatrices des transports urbains	code général des collectivités territoriales	L2333-64	LEGIARTI000042913444	2020-12-31	confirmé	Art L2333-64 du code général des collectivités territoriales	annexe+ifrap	94.0		Contributions sociales employeurs	Versement mobilité
Contribution annuelle au fonds de développement pour l'insertion professionnelle des handicapés (FIPH)	3. Les taxes sur la masse salariale	Handicap, dialogue social et publics spécifiques	aucun	non rattachable	oui	main-d'oeuvre	507.0		507.0	Association de gestion du fonds de développement pour l'insertion professionnelle des handicapés (AGEFIPH)					non établi	Loi n°87-517 du 10 juillet 1987 en faveur de l'emploi des travailleurs handicapés, art. L 5212-1, L 5212-10 et L 5214-1 du Code du travail	annexe+ifrap	91.0		autres	Contribution annuelle au fonds de développement pour l'insertion professionnelle des handicapés (FIPH)
Cotisation BTP intempéries	3. Les taxes sur la masse salariale	Handicap, dialogue social et publics spécifiques	aucun	non rattachable	oui	main-d'oeuvre	128.3		128.3	UCF CIBTP - Union des caisses de France					non établi	Art. L. 5424-15, D. 5424-7, D. 5424-29 et D. 5424-36 à D. 5424-41 du code du travail (création) et R. 4643-35 à 42 dont le R 4643-40 du code du travail (affectation)	annexe+ifrap	263.0		Autres cotisations majorations et pénalités	Cotisation BTP intempéries
Contribution patronale au dialogue social (0,016%)	3. Les taxes sur la masse salariale	Handicap, dialogue social et publics spécifiques	aucun	non rattachable	oui	main-d'oeuvre	123.7		123.7	AGFPN - Association de Gestion du Fonds Paritaire National	code du travail	L2135-9	LEGIARTI000028689579	2014-03-07	confirmé	Art. L2135-9 à L2135-18 du code du travail	annexe+ifrap	264.0		autres	Contribution patronale au dialogue social
Contribution annuelle au fonds de développement pour l'insertion professionnelle des personnes handicapées dans la fonction publique (FIPHFP)	3. Les taxes sur la masse salariale	Handicap, dialogue social et publics spécifiques	aucun	non rattachable	oui	main-d'oeuvre	120.0		120.0	Fonds pour l'insertion des personnes handicapées dans la fonction publique (FIPHFP)	code général de la fonction publique	L351-12	LEGIARTI000044426506	2022-03-01	confirmé	Art. L. 351-12 du code général de la fonction publique art. 20 du décret n°2006-501 du 3 mai 2006 relatif au fonds pour l'insertion des personnes handicapées dans la fonction publique	annexe+ifrap	301.0		autres	Contribution des employeurs publics au fonds pour l'insertion des personnes handicapées dans la fonction publique (FIPHFP)
Contribution aux unions régionales des professionnels de santé (CURPS)	3. Les taxes sur la masse salariale	Handicap, dialogue social et publics spécifiques	aucun	non rattachable	oui	main-d'oeuvre					code de la santé publique	L4031-3	LEGIARTI000052092230	2025-08-13	relevé par le fil, confirmé au dépôt		ifrap			autres	Contribution aux unions régionales des professionnels de santé (CURPS)
Contribution des diffuseurs d'œuvres au financement de la protection sociale des artistes auteurs	3. Les taxes sur la masse salariale	Handicap, dialogue social et publics spécifiques	aucun	non rattachable	oui	main-d'oeuvre					code de la sécurité sociale	L382-4	LEGIARTI000036392723	2019-01-01	relevé par le fil, confirmé au dépôt		ifrap			autres	Contribution des diffuseurs d'œuvres au financement de la protection sociale des artistes auteurs
Cotisations médecine du travail	3. Les taxes sur la masse salariale	Handicap, dialogue social et publics spécifiques	aucun	non rattachable	oui	main-d'oeuvre					code de la sécurité sociale	L241-2	LEGIARTI000046805562	2023-01-01	socle du régime relevé par le fil, confirmé au dépôt		ifrap			Cotisations employeurs	Cotisations médecine du travail
Contribution des employeurs à l'association pour la gestion du régime d'assurance des créances des salariés (AGS)	3. Les taxes sur la masse salariale	Garantie des salaires	aucun	non rattachable	oui	main-d'oeuvre	1747.0		1747.0	AGS - Association pour la gestion du régime d'assurance des créances des salariés	code du travail	L143-11-6	LEGIARTI000018124360	2011-01-01	confirmé	Art. L143-11-6 et L143-11-6 du code du travail	annexe+ifrap	85.0		Contributions sociales employeurs	Contributions AGS
Impôt net sur le revenu	4. Le revenu des personnes	Traitements, salaires et pensions	Impôt sur le revenu	grand	oui	impôt sur le revenu	130178.0	130178.0			code général des impôts	1 A	LEGIARTI000006302199	2005-12-31	relevé par le fil, confirmé au dépôt		ifrap		1101.0	revenu	Impôt net sur le revenu
Autres impôts directs perçus par voie d'émission de rôles	4. Le revenu des personnes	Traitements, salaires et pensions	Impôt sur le revenu	non rattachable	oui	ligne budgétaire résiduelle	2414.3	2414.3		Budget général de l'État					non établi		état A		1201.0		
CDHR	4. Le revenu des personnes	Traitements, salaires et pensions	Impôt sur le revenu	rattachable	oui	revenus des ménages	1650.0	1650.0			code général des impôts	224	LEGIARTI000053561826	2026-02-21	relevé par le fil, confirmé au dépôt		ifrap		1440.0	revenu	CDHR
Retenues à la source sur certains bénéfices non commerciaux et de l'impôt sur le revenu	4. Le revenu des personnes	Traitements, salaires et pensions	Impôt sur le revenu	rattachable	oui	revenus des ménages	1127.9	1127.9			code général des impôts	182 B	LEGIARTI000045765660	2022-05-07	relevé par le fil, confirmé au dépôt		ifrap		1401.0	revenu	Retenues à la source sur certains bénéfices non commerciaux et de l'impôt sur le revenu
Retenues à la source et prélèvements sur les revenus de capitaux mobiliers et le prélèvement sur les bons anonymes	4. Le revenu des personnes	Revenus du capital	Impôt sur le revenu	rattachable	oui	capital	4800.0	4800.0			code général des impôts	119 bis	LEGIARTI000051218411	2025-02-16	relevé par le fil, confirmé au dépôt		ifrap		1402.0	revenu	Retenues à la source et prélèvements sur les revenus de capitaux mobiliers et le prélèvement sur les bons anonymes
Taxe sur les transactions financières - fraction affectée de la ressource État	4. Le revenu des personnes	Revenus du capital	Impôt sur le revenu	rattachable	oui	capital	2630.0	2630.0		FSD - Fonds de solidarité pour le développement géré par l'Agence française de développement (AFD) - suivi MEAE ; FSD - Fonds de solidarité pour le développement géré par l'Agence française de développement (AFD) - suivi MEFI	code général des impôts	235 ter ZD	LEGIARTI000053543343	2026-01-01	confirmé	Art. 235 ter ZD du code général des impôts et article 22 de la loi n° 2005-1720 du 30 décembre 2005 de finances rectificative pour 2005 (création) et article 36 de la loi de finances pour 2017 (affectation)	annexe+ifrap	13.0	1797.0	autres	Taxe sur les transactions financières
Taxe spéciale due en cas de non-respect de l'engagement de conserver pendant 5 ans les parts de FCPR ou FCPI	4. Le revenu des personnes	Revenus du capital	Impôt sur le revenu	rattachable	oui	capital									non établi		ifrap			autres	Taxe spéciale due en cas de non-respect de l'engagement de conserver pendant 5 ans les parts de FCPR ou FCPI
Taxe sur les ordres annulés dans le cadre d'opérations à haute fréquence	4. Le revenu des personnes	Revenus du capital	Impôt sur le revenu	rattachable	oui	capital					code général des impôts	235 ter ZD bis	LEGIARTI000028447781	2014-02-01	relevé par le fil, confirmé au dépôt		ifrap			autres	Taxe sur les ordres annulés dans le cadre d'opérations à haute fréquence
Contribution annuelle sur les revenus locatifs	4. Le revenu des personnes	Revenus fonciers	Impôt sur le revenu	rattachable	oui	revenus des ménages					code général des impôts	234 nonies	LEGIARTI000038834395	2019-09-01	relevé par le fil, confirmé au dépôt		ifrap			autres	Contribution annuelle sur les revenus locatifs
Taxe sur la cession à titre onéreux des terrains nus ou des droits relatifs à des terrains nus rendus constructibles du fait de leur classement	4. Le revenu des personnes	Plus-values des particuliers	Impôt sur le revenu	rattachable	oui	plus-value	17.0		17.0	ASP - Agence de services et de paiement	code général des impôts	1605 nonies	LEGIARTI000048848701	2023-12-31	confirmé	Art. 1605 nonies du code général des impôts	annexe+ifrap	10.0		autres	Taxe sur la cession à titre onéreux des terrains nus ou des droits relatifs à des terrains nus rendus constructibles du fait de leur classement
Exit tax	4. Le revenu des personnes	Plus-values des particuliers	Impôt sur le revenu	rattachable	oui	plus-value					code général des impôts	167 bis	LEGIARTI000048806379	2024-01-01	relevé par le fil, confirmé au dépôt		ifrap			autres	Exit tax
Taxe sur les plus-values immobilières (PVI) autres que terrains à bâtir	4. Le revenu des personnes	Plus-values des particuliers	Impôt sur le revenu	rattachable	oui	plus-value					code général des impôts	1609 nonies G	LEGIARTI000048806252	2024-01-01	relevé par le fil, confirmé au dépôt		ifrap			autres	Taxe sur les plus-values immobilières (PVI) autres que terrains à bâtir
Impôt sur les sociétés	5. L'activité des entreprises	Bénéfice des entreprises	Impôt sur les sociétés	grand	oui	impôt sur les sociétés	84694.4	84694.4			code général des impôts	205	LEGIARTI000006303408	1979-07-01	relevé par le fil, confirmé au dépôt		ifrap		1301.0	benefice	Impôt sur les sociétés
Contribution sociale de solidarité des sociétés (C3S)	5. L'activité des entreprises	Bénéfice des entreprises	Impôt sur les sociétés	rattachable	oui	impôt de production (chiffre d'affaires)	5452.3		5452.3	CNAV	code de la sécurité sociale	L137-30	LEGIARTI000037054263	2018-06-14	confirmé	Art. L. 137-30 à L. 137-39 du code de la sécurité sociale	annexe+ifrap	139.0		capital	Contribution sociale de solidarité des sociétés (C3S)
Contribution exceptionnelle sur les bénéfices des entreprises	5. L'activité des entreprises	Bénéfice des entreprises	Impôt sur les sociétés	rattachable	oui	bénéfice des entreprises	4000.0	4000.0							non établi		ifrap		1441.0	benefice	Contribution exceptionnelle sur les bénéfices des entreprises
Contribution sociale nette sur les bénéfices des sociétés	5. L'activité des entreprises	Bénéfice des entreprises	Impôt sur les sociétés	rattachable	oui	bénéfice des entreprises	1411.0	1411.0			code général des impôts	235 ter ZC	LEGIARTI000031011715	2015-08-08	relevé par le fil, confirmé au dépôt		ifrap		1302.0	benefice	Contribution sociale nette sur les bénéfices des sociétés
Transposition de la directive UE sur la taxation minimale des multinationales	5. L'activité des entreprises	Bénéfice des entreprises	Impôt sur les sociétés	rattachable	oui	bénéfice des entreprises	500.0	500.0			code général des impôts	223 VJ	LEGIARTI000048846056	2023-12-31	relevé par le fil, confirmé au dépôt		ifrap		1304.0	benefice	Transposition de la directive UE sur la taxation minimale des multinationales
Contribution de la Caisse des dépôts et consignations représentative de l'impôt sur les sociétés	5. L'activité des entreprises	Bénéfice des entreprises	Impôt sur les sociétés	rattachable	oui	bénéfice des entreprises	374.0	374.0		Budget général de l'État					non établi		état A		1303.0		
Taxe sur les rachats d'actions	5. L'activité des entreprises	Bénéfice des entreprises	Impôt sur les sociétés	rattachable	oui	bénéfice des entreprises	200.0	200.0							non établi		ifrap		1796.0	autres	Taxe sur les rachats d'actions
Taxe sur les excédents de provisions des entreprises d'assurance de dommages	5. L'activité des entreprises	Bénéfice des entreprises	Impôt sur les sociétés	rattachable	oui	bénéfice des entreprises					code général des impôts	235 ter X	LEGIARTI000030059687	2014-12-30	relevé par le fil, confirmé au dépôt		ifrap			autres	Taxe sur les excédents de provisions des entreprises d'assurance de dommages
Taxe sur l'exploitation des infrastructures de transport de longue distance (TEITLD)	5. L'activité des entreprises	Chiffre d'affaires	Impôt sur les sociétés	rattachable	oui	impôt de production (chiffre d'affaires)	700.0		700.0	AFITF - Agence de financement des infrastructures de transport de France ; Départements, ville de Paris, département de Mayotte, métropole de Lyon, collectivité territoriale de Guyane, collectivité territoriale de Martinique, collectivité de Corse et collectivité européenne d’Alsace ; Etablissements publics de coopération intercommunale à fiscalité propre et communes n'appartenant à aucun établissement public de coopération intercommunale à fiscalité propre	code des impositions sur les biens et services	L425-1	LEGIARTI000048796745	2023-12-31	confirmé	Art. L. 425-1 du code des impositions sur les biens et services (création) et art. L. 1512-20, 4° du code des transports (affectation) ; Art. L425-20 du code des impositions sur les biens et services	annexe+ifrap	293.0		autres	Taxe sur l'exploitation des infrastructures de transport de longue distance
Contribution sur le chiffre d'affaires des entreprises exploitant une ou plusieurs spécialités pharmaceutiques	5. L'activité des entreprises	Chiffre d'affaires	Impôt sur les sociétés	rattachable	oui	impôt de production (chiffre d'affaires)	658.9		658.9	CNAMTS	code de la sécurité sociale	L245-6	LEGIARTI000053282660	2025-12-31	confirmé	Art. L. 245-6 du code de la sécurité sociale	annexe+ifrap	104.0		autres	Contribution sur le chiffre d'affaires des entreprises exploitant une ou plusieurs spécialités pharmaceutiques
Contribution due par les laboratoires et les grossistes répartiteurs sur les ventes en gros aux officines pharmaceutiques	5. L'activité des entreprises	Chiffre d'affaires	Impôt sur les sociétés	rattachable	oui	impôt de production (chiffre d'affaires)	271.1		271.1	CNAMTS	code de la sécurité sociale	L138-1	LEGIARTI000041397411	2019-12-28	confirmé	Art. L. 138-1 à L. 138-9-1 du code de la sécurité sociale	annexe+ifrap	101.0		autres	Contribution à la charge des établissements de vente en gros de spécialités pharmaceutiques et des entreprises assurant l'exploitation d'une ou plusieurs spécialités pharmaceutiques
Contribution due par les entreprises fabriquant ou exploitant des dispositifs médicaux sur leurs dépenses de publicité	5. L'activité des entreprises	Chiffre d'affaires	Impôt sur les sociétés	rattachable	oui	impôt de production (dépenses)	48.2		48.2	CNAMTS	code de la sécurité sociale	L245-5-1	LEGIARTI000037064538	2018-06-14	confirmé	Art. L. 245-5-1 à L. 245-5-5 du code de la sécurité sociale	annexe+ifrap	103.0		autres	Contribution sur les dépenses de promotion des dispositifs médicaux
Contribution à la charge des entreprises assurant l'exploitation, l'importation parallèle ou la distribution parallèle d'une ou de plusieurs spécialités pharmaceutiques	5. L'activité des entreprises	Chiffre d'affaires	Impôt sur les sociétés	rattachable	oui	impôt de production (chiffre d'affaires)					code de la sécurité sociale	L138-10	LEGIARTI000053282712	2025-12-31	relevé par le fil, confirmé au dépôt		ifrap			autres	Contribution à la charge des entreprises assurant l'exploitation, l'importation parallèle ou la distribution parallèle d'une ou de plusieurs spécialités pharmaceutiques
Contribution à la charge des exploitants d'un ou plusieurs produits ou prestations	5. L'activité des entreprises	Chiffre d'affaires	Impôt sur les sociétés	rattachable	oui	impôt de production (chiffre d'affaires)					code de la sécurité sociale	L245-5-1	LEGIARTI000037064538	2018-06-14	relevé par le fil, confirmé au dépôt		ifrap			autres	Contribution à la charge des exploitants d'un ou plusieurs produits ou prestations
Contributions à la charge des fabricants ou distributeurs de dispositifs médicaux, tissus et cellules, produits de santé autres que les médicaments et prestations associées	5. L'activité des entreprises	Chiffre d'affaires	Impôt sur les sociétés	rattachable	oui	impôt de production (chiffre d'affaires)					code de la sécurité sociale	L245-5-1	LEGIARTI000037064538	2018-06-14	relevé par le fil, confirmé au dépôt		ifrap			autres	Contributions à la charge des fabricants ou distributeurs de dispositifs médicaux, tissus et cellules, produits de santé autres que les médicaments et prestations associées
Taxe sur le chiffre d'affaires des exploitants agricoles	5. L'activité des entreprises	Chiffre d'affaires	Impôt sur les sociétés	rattachable	oui	impôt de production (chiffre d'affaires)					code général des impôts	302 bis MB	LEGIARTI000048826666	2025-01-01	relevé par le fil, confirmé au dépôt		ifrap			autres	Taxe sur le chiffre d'affaires des exploitants agricoles
CVAE	5. L'activité des entreprises	Valeur ajoutée	Impôt sur les sociétés	rattachable	oui	impôt de production (valeur ajoutée)	2741.3	2741.3			code général des impôts	1586 ter	LEGIARTI000048847020	2024-01-01	relevé par le fil, confirmé au dépôt		ifrap		1497.0	capital	CVAE
TA-CVAE - Taxe additionnelle à la cotisation sur la valeur ajoutée des entreprises pour frais de chambres de commerce et d'industrie de région	5. L'activité des entreprises	Valeur ajoutée	Impôt sur les sociétés	rattachable	oui	impôt de production (valeur ajoutée)	326.3		326.3	CCI France					non établi	Art. 1600 (III) du code général des impôts	annexe+ifrap	41.0		autres	Taxe additionnelle à la CVAE pour frais de chambres de commerce et d'industrie de région
Taxe sur les installations nucléaires de base relevant du secteur énergétique et assimilées, tarif de base (TINB-E, TA)	5. L'activité des entreprises	Équipements, installations et réseaux	Impôt sur les sociétés	rattachable	oui	impôt de production	793.2		793.2	CEA - Commissariat à l'énergie atomique et aux énergies alternatives	code des impositions sur les biens et services	L322-39	LEGIARTI000051214067	2026-01-01	confirmé	Art. L. 322-39 du code des impositions sur les biens et services (création) et art. XXX de la loi n° XXX du XXX de finances pour 2026 (affectation)	annexe+ifrap	300.0		autres	Taxe sur les installations nucléaires de base relevant du secteur énergétique et assimilées
Imposition forfaitaire annuelle sur les pylônes	5. L'activité des entreprises	Équipements, installations et réseaux	Impôt sur les sociétés	rattachable	oui	impôt de production	376.8		376.8	Communes	code général des impôts	1519 A	LEGIARTI000054374023	2026-07-01	confirmé	Art. 1519 A du code général des impôts	annexe+ifrap	160.0		autres	Imposition forfaitaire annuelle sur les pylônes
Taxe sur les installations nucléaires de base relevant du secteur énergétique et assimilées, tarif de conception (TINB-E, TC)	5. L'activité des entreprises	Équipements, installations et réseaux	Impôt sur les sociétés	rattachable	oui	impôt de production	133.3		133.3	ANDRA - Agence nationale pour la gestion des déchets radioactifs	code des impositions sur les biens et services	L322-39	LEGIARTI000051214067	2026-01-01	confirmé	Art. L. 322-39 et L. 322-50, 2°, c du code des impositions sur les biens et services (création) et L. 542-12-3 du code de l'environnement (affectation)	annexe+ifrap	86.0		autres	Taxe sur les installations nucléaires de base relevant du secteur énergétique et assimilées
Imposition forfaitaire sur le matériel roulant circulant sur le réseau de transport ferroviaire et guidé géré par la RATP - IFER-STIF RATP	5. L'activité des entreprises	Équipements, installations et réseaux	Impôt sur les sociétés	rattachable	oui	impôt de production	86.2		86.2	SGP - Société des grands projets	code général des impôts	1599 quater A bis	LEGIARTI000054373143	2026-07-01	confirmé	Art. 1599 quater A bis du code général des impôts	annexe+ifrap	22.0		autres	Imposition forfaitaire sur le matériel roulant circulant sur le réseau de transport ferroviaire et guidé géré par la RATP - IFER-STIF RATP
Taxe sur les installations nucléaires de base relevant du secteur énergétique et assimilées, tarif de recherche (TINB-E, TR)	5. L'activité des entreprises	Équipements, installations et réseaux	Impôt sur les sociétés	rattachable	oui	impôt de production	63.2		63.2	ANDRA - Agence nationale pour la gestion des déchets radioactifs	code des impositions sur les biens et services	L322-39	LEGIARTI000051214067	2026-01-01	confirmé	Art. L. 322-39 et L. 322-50, 2°, a du code des impositions sur les biens et services (création) et L. 542-12-1 du code de l'environnement (affectation)	annexe+ifrap	29.0		autres	Taxe sur les installations nucléaires de base relevant du secteur énergétique et assimilées
Taxe sur les installations nucléaires de base relevant du secteur énergétique et assimilées, tarif d'accompagnement (TINB-E, TA)	5. L'activité des entreprises	Équipements, installations et réseaux	Impôt sur les sociétés	rattachable	oui	impôt de production	57.9		57.9	"Groupements d'intérêt public ""Objectif Meuse"" et ""Haute-Marne"" et Communes concernées"	code des impositions sur les biens et services	L322-39	LEGIARTI000051214067	2026-01-01	confirmé	Art. L. 322-39 et L. 322-50, 2°, b, du code des impositions sur les biens et services (création) et art. L. 542-11-1 du code de l'environnement (affectation)	annexe+ifrap	229.0		autres	Taxe sur les installations nucléaires de base relevant du secteur énergétique et assimilées
Redevances communale et départementale des mines	5. L'activité des entreprises	Équipements, installations et réseaux	Impôt sur les sociétés	rattachable	oui	impôt de production	17.4		17.4	Communes ou EPCI (établissements publics de coopération intercommunale) à fiscalité propre et Départements - part communale ; Communes ou EPCI (établissements publics de coopération intercommunale) à fiscalité propre et Départements - part départementale ; Communes ou EPCI (établissements publics de coopération intercommunale) à fiscalité propre et Départements - part intercommunale	code général des impôts	1519	LEGIARTI000053546523	2026-02-21	confirmé	Art. 1519 et 1587 du CGI ; Art. 1519 et 1587 du code général des impôts	annexe+ifrap	178.0		autres	Redevance communale des mines ; Redevance départementale des mines
Taxe sur les installations nucléaires de base relevant du secteur énergétique et assimilées, tarif de stockage (TINB-E, TC)	5. L'activité des entreprises	Équipements, installations et réseaux	Impôt sur les sociétés	rattachable	oui	impôt de production	3.3		3.3	Communes et EPCI (établissements publics de coopération intercommunale) situés dans un rayon maximal autour de l'accès principal aux installations de stockage					non établi	Art. L. 322-39, L. 322-50, 2°, a, L. 433-7 et L. 433-16, 2° du code des impositions sur les biens et services (création) et L. 542-10-2 du code de l'environnement (affectation)	annexe+ifrap	179.0		autres	Taxe sur les installations nucléaires de base relevant du secteur énergétique et assimilées
Taxe due par les concessionnaires de mines d'or, les amodiataires des concessions de mines d'or et les titulaires de permis et d'autorisations d'exploitation de mines d'or exploitées en Guyane (taxe additionnelle aurifère)	5. L'activité des entreprises	Équipements, installations et réseaux	Impôt sur les sociétés	rattachable	oui	impôt de production	0.8		0.8	Région de la Guyane					non établi	Art. 1599 quinquies B du code général de l'impôt	annexe+ifrap	235.0		autres	Taxe due par les concessionnaires de mines d'or, les amodiataires des concessions de mines d'or et les titulaires de permis et d'autorisations d'exploitation de mines d'or exploitées en Guyane
Imposition forfaitaire sur les entreprises de réseaux	5. L'activité des entreprises	Équipements, installations et réseaux	Impôt sur les sociétés	rattachable	oui	impôt de production	0.0	0.0			code général des impôts	1635-0 quinquies	LEGIARTI000041471017	2019-12-30	relevé par le fil, confirmé au dépôt		ifrap		1798.0	autres	Imposition forfaitaire sur les entreprises de réseaux
Contribution annuelle au profit de l'Institut de radioprotection et de sûreté nucléaire	5. L'activité des entreprises	Équipements, installations et réseaux	Impôt sur les sociétés	rattachable	oui	contribution sectorielle				IRSN - Institut de radioprotection et de sûreté nucléaire					non établi	Art. 96 de la loi n° 2010-1658 du 29 décembre 2010 de finances rectificative pour 2010 et L. 322-29 à L. 322-66 du code des impositions sur les biens et les services	annexe	202.0			
Contribution emballage liée à la responsabilité élargie du producteur	5. L'activité des entreprises	Équipements, installations et réseaux	Impôt sur les sociétés	rattachable	oui	impôt de production					code de l'environnement	L541-10-1	LEGIARTI000049464324	2024-04-24	relevé par le fil, confirmé au dépôt		ifrap			autres	Contribution emballage liée à la responsabilité élargie du producteur
Cotisation interprofessionnelle étendue Équarrissage	5. L'activité des entreprises	Équipements, installations et réseaux	Impôt sur les sociétés	rattachable	oui	impôt de production									non établi		ifrap			autres	Cotisation interprofessionnelle étendue Équarrissage
Imposition forfaitaire sur les centrales de production d'énergie électrique d'origine photovoltaïque ou hydraulique	5. L'activité des entreprises	Équipements, installations et réseaux	Impôt sur les sociétés	rattachable	oui	impôt de production					code général des impôts	1519 F	LEGIARTI000054356142	2026-09-01	relevé par le fil, confirmé au dépôt		ifrap			autres	Imposition forfaitaire sur les centrales de production d'énergie électrique d'origine photovoltaïque ou hydraulique
Imposition forfaitaire sur les réseaux de gaz naturel et canalisations d'hydrocarbures	5. L'activité des entreprises	Équipements, installations et réseaux	Impôt sur les sociétés	rattachable	oui	impôt de production					code général des impôts	1519 HA	LEGIARTI000054373172	2026-07-01	relevé par le fil, confirmé au dépôt		ifrap			autres	Imposition forfaitaire sur les réseaux de gaz naturel et canalisations d'hydrocarbures
Taxe sur l'exploration d'hydrocarbures	5. L'activité des entreprises	Équipements, installations et réseaux	Impôt sur les sociétés	rattachable	oui	impôt de production					code général des impôts	1590	LEGIARTI000036355447	2018-01-01	relevé par le fil, confirmé au dépôt		ifrap			autres	Taxe sur l'exploration d'hydrocarbures
Taxe sur les entreprises ayant bénéficié de quotas d'émission de gaz à effet de serre	5. L'activité des entreprises	Équipements, installations et réseaux	Impôt sur les sociétés	rattachable	oui	impôt de production									non établi		ifrap			autres	Taxe sur les entreprises ayant bénéficié de quotas d'émission de gaz à effet de serre
Taxe sur les installations nucléaires de base concourant à la gestion des substances radioactives	5. L'activité des entreprises	Équipements, installations et réseaux	Impôt sur les sociétés	rattachable	oui	impôt de production									non établi		ifrap			autres	Taxe sur les installations nucléaires de base concourant à la gestion des substances radioactives
Contribution due par les laboratoires sur leurs dépenses de publicité	5. L'activité des entreprises	Dépenses des entreprises	Impôt sur les sociétés	rattachable	oui	impôt de production (dépenses)	129.9		129.9	CNAMTS	code de la sécurité sociale	L245-1	LEGIARTI000044627476	2021-12-25	confirmé	Art. L. 245-1 à L. 245-5 du code de la sécurité sociale	annexe+ifrap	102.0		autres	Contribution sur les dépenses de promotion des médicaments
Cotisation versée par les organismes HLM et les SEM	5. L'activité des entreprises	Bailleurs sociaux	Impôt sur les sociétés	rattachable	oui	prélèvement sur bailleurs sociaux	590.2		590.2	CGLLS - Caisse de garantie du logement locatif social	code de la construction et de l'habitation	L452-4	LEGIARTI000041473209	2019-12-30	confirmé	Art. L452-4 du code de la construction et de l'habitation	annexe+ifrap	121.0		autres	Cotisation principale des organismes de logement social
Cotisation additionnelle versée par les organismes HLM et les SEM	5. L'activité des entreprises	Bailleurs sociaux	Impôt sur les sociétés	rattachable	oui	prélèvement sur bailleurs sociaux	38.0		38.0	CGLLS - Caisse de garantie du logement locatif social	code de la construction et de l'habitation	L452-4-1	LEGIARTI000036432585	2018-01-01	confirmé	Art. L452-4-1 du code de la construction et de l'habitation	annexe+ifrap	122.0		autres	Cotisation additionnelle des organismes de logement social
Cotisation versée par les organismes HLM	5. L'activité des entreprises	Bailleurs sociaux	Impôt sur les sociétés	rattachable	oui	prélèvement sur bailleurs sociaux	11.3		11.3	ANCOLS - Agence nationale de contrôle du logement social					non établi	Art. L. 342-21 2° du code de la construction et de l’habitation	annexe+ifrap	66.0		Autres cotisations majorations et pénalités ; autres	Cotisation ANCOLS des organismes de logement social ; Cotisation versée par les organismes HLM
Taxe générale sur les activités polluantes	5. L'activité des entreprises	Autres prélèvements sur les entreprises	Impôt sur les sociétés	rattachable	oui	impôt de production	1356.0	1356.0			code des douanes	266 sexies	LEGIARTI000053190084	2026-03-31	relevé par le fil, confirmé au dépôt		ifrap		1756.0	capital	Taxe générale sur les activités polluantes
Taxes annuelles sur les émissions de CO2 et les émissions de polluants des véhicules de tourisme affectés à une activité économique (TAVTAE - CO2 et TAVTAE - polluants)	5. L'activité des entreprises	Autres prélèvements sur les entreprises	Impôt sur les sociétés	rattachable	oui	impôt de production	1210.0		1210.0	CNAF	code des impositions sur les biens et services	L421-93	LEGIARTI000044603061	2022-01-01	confirmé	Art. L.421-93 et L.421-94, 1° du code des impositions sur les biens et services (création) et art. L.131-8 , 2° du code de la sécurité sociale (affectation)	annexe+ifrap	126.0		autres	Taxes sur l'affectation des véhicules à des fins économiques, taxe annuelle sur les émissions de dioxyde de carbone des véhicules de tourisme ; Taxes sur l'affectation des véhicules à des fins économiques, taxe annuelle sur l'ancienneté des véhicules de tourisme
Taxe spéciale sur certains véhicules routiers	5. L'activité des entreprises	Autres prélèvements sur les entreprises	Impôt sur les sociétés	rattachable	oui	impôt de production	176.5	176.5							non établi		ifrap		1768.0	autres	Taxe spéciale sur certains véhicules routiers
Taxe sur les installations de production d'électricité utilisant l'énergie mécanique du vent situées dans les eaux intérieures ou la mer territoriale	5. L'activité des entreprises	Autres prélèvements sur les entreprises	Impôt sur les sociétés	rattachable	oui	impôt de production	18.0		18.0	Comité national des pêches maritimes et des élevages marins ; Comités départementaux et interdépartementaux des pêches maritimes et des élevages marins ; Comités régionaux des pêches maritimes et des élevages marins ; OFB - Office français de la biodiversité ; Organismes de secours et de sauvetage en mer agréés (art. L742-9 code de la sécurité intérieure)	code général des impôts	1519 B	LEGIARTI000054374020	2026-07-01	confirmé	.Art. 1519 B et 1519 C du code général des impôts ; .Art. 1519 B à 1519 C du code général des impôts ; Art. 1519 B et 1519 C du code général des impôts	annexe+ifrap	290.0		autres	Taxe sur les éoliennes maritimes
Contribution forfaitaire annuelle à la charge des professionnels de santé	5. L'activité des entreprises	Autres prélèvements sur les entreprises	Impôt sur les sociétés	rattachable	oui	contribution forfaitaire sectorielle	8.3		8.3	CCR - Caisse centrale de réassurance					non établi	Article L. 426-1 du code des assurances	annexe+ifrap	295.0		autres	Contribution forfaitaire annuelle à la charge des professionnels de santé pour la caisse centrale de réassurance
Contribution forfaitaire des organismes assureurs et contribution forfaitaire des organismes participant à la gestion du régime prévu par la loi n° 2001-1128 du 30 novembre 2001	5. L'activité des entreprises	Autres prélèvements sur les entreprises	Impôt sur les sociétés	rattachable	oui	contribution forfaitaire sectorielle	4.1		4.1	CCMSA	code général des impôts	1622	LEGIARTI000033713742	2018-01-01	confirmé	Art. 1622 du code général des impôts	annexe	112.0			
Contribution au fonds de garantie des dommages consécutifs à des actes de prévention, de diagnostic ou de soins dispensés par des professionnels de santé	5. L'activité des entreprises	Autres prélèvements sur les entreprises	Impôt sur les sociétés	rattachable	oui	contribution forfaitaire sectorielle					code de la santé publique	L1142-24-17	LEGIARTI000042916430	2020-12-31	relevé par le fil, confirmé au dépôt		ifrap			autres	Contribution au fonds de garantie des dommages consécutifs à des actes de prévention, de diagnostic ou de soins dispensés par des professionnels de santé
Contributions sociales maladie - Contribution UNOCAM et autres	5. L'activité des entreprises	Autres prélèvements sur les entreprises	Impôt sur les sociétés	rattachable	oui	impôt de production					code de la sécurité sociale	L137-15	LEGIARTI000047452686	2023-09-01	socle du régime relevé par le fil, confirmé au dépôt		ifrap			Contributions sociales employeurs	Contributions sociales maladie - Contribution UNOCAM et autres
Taxe annuelle due par les laboratoires de biologie médicale	5. L'activité des entreprises	Autres prélèvements sur les entreprises	Impôt sur les sociétés	rattachable	oui	contribution forfaitaire sectorielle									non établi		ifrap			autres	Taxe annuelle due par les laboratoires de biologie médicale
Taxe pour le financement du fonds de soutien aux collectivités territoriales ayant contracté des produits structurés	5. L'activité des entreprises	Autres prélèvements sur les entreprises	Impôt sur les sociétés	rattachable	oui	impôt de production (secteur bancaire)					code général des impôts	235 ter ZE bis	LEGIARTI000031779544	2016-01-01	relevé par le fil, confirmé au dépôt		ifrap			autres	Taxe pour le financement du fonds de soutien aux collectivités territoriales ayant contracté des produits structurés
Taxes sur l'affectation des véhicules à des fins économiques, taxe annuelle sur les véhicules lourds de transport de marchandises	5. L'activité des entreprises	Autres prélèvements sur les entreprises	Impôt sur les sociétés	rattachable	oui	impôt de production					code des impositions sur les biens et services	L421-94	LEGIARTI000051214931	2025-03-01	relevé par le fil, à contrôler (article du chapitre, non l'article d'institution)		ifrap			autres	Taxes sur l'affectation des véhicules à des fins économiques, taxe annuelle sur les véhicules lourds de transport de marchandises
TVA nette	6. La consommation	Biens et services	Taxe sur la valeur ajoutée	grand	oui	taxe sur la valeur ajoutée	242838.2	188392.2	54446.0	CNAM et ACOSS	code général des impôts	256	LEGIARTI000044983615	2022-01-01	relevé par le fil, confirmé au dépôt	Art. L. 241-2 3° du code de la sécurité sociale	annexe+ifrap	138.0	1601.0	consommation	TVA
Taxe de solidarité additionnelle (TSA)	6. La consommation	Biens et services	Taxe sur la valeur ajoutée	rattachable	oui	consommation de services (assurance)	6654.8		6654.8	CNAMTS	code de la sécurité sociale	L862-4	LEGIARTI000042698839	2021-01-01	confirmé	Art. L. 862-4 du code de la sécurité sociale	annexe+ifrap	133.0		autres	Taxe de solidarité additionnelle (TSA)
Contribution tarifaire d'acheminement (CTA)	6. La consommation	Biens et services	Taxe sur la valeur ajoutée	rattachable	oui	consommation de services (énergie)	2162.9		2162.9	Caisse nationale de retraite des industries électriques et gazières					non établi	Art. 18 de la loi n°2004-803 du 9 août 2004 relative au service public de l’électricité et du gaz et aux entreprises électriques et gazières	annexe+ifrap	97.0		Cotisations salariales ; autres	Contribution tarifaire d'acheminement (CTA) ; Contribution tarifaire d'acheminement Vieillesse — Régime spécial des industries électriques et gazières (CNIEG)
"Taxe ""petit colis"""	6. La consommation	Biens et services	Taxe sur la valeur ajoutée	rattachable	oui	consommation de biens	500.0	500.0							non établi		ifrap		1442.0	autres	"Taxe ""petit colis"""
Taxe sur les biens des industries de la fonderie (TBIF), taxe sur les biens des industries de la soudure (TBIS), taxe sur les biens des industries aérauliques et thermique (TBIAT), taxe sur les biens des industries de la construction métallique (TBICC) et taxe sur les biens des industries mécaniques (TBIC)	6. La consommation	Biens et services	Taxe sur la valeur ajoutée	rattachable	oui	consommation de biens	109.8		109.8	CTI de l'Industrie : Centre technique des industries mécaniques (CETIM), Centre technique industriel de la construction métallique (CTICM), Centre technique des industries aérauliques et thermiques (CETIAT)					non établi	Art. L. 471-1 et L. 471-2, 11° à 15° du code des impositions sur les biens et les services (création) et art. L. 521-8-1, 7°, 8° et 9°, b à d du code de la recherche (affectation)	annexe+ifrap	44.0		autres	Taxe sur les produits de la fonderie ; Taxes sur les produits de l'industrie et de l'artisanat
Taxe sur les biens des industries de l'horlogerie, de la bijouterie-joaillerie, de l'orfèvrerie et des arts de la table (TBIHBJOAT)	6. La consommation	Biens et services	Taxe sur la valeur ajoutée	rattachable	oui	consommation de biens	20.0		20.0	Comité Francéclat - Comité professionnel de développement de l'horlogerie, de la bijouterie, de la joaillerie, de l'orfèvrerie et des arts de la table					non établi	Art. L. 471-1 et L. 471-2, 1° du code des impositions sur les biens et les services (création) et art. 5-1, 1° de la loi n° 78-654 du 22 juin 1978 concernant les comités professionnels de développement économique (affectation)	annexe+ifrap	36.0		autres	Taxes sur les produits de l'industrie et de l'artisanat
Contribution annuelle acquittée par les personnes inscrites comme commissaires aux comptes, et droit fixe sur chaque rapport de certification des comptes, et contribution de la compagnie nationale des commissaires aux comptes	6. La consommation	Biens et services	Taxe sur la valeur ajoutée	rattachable	oui	consommation de services	18.1		18.1	H2A - Haute autorité de l’audit	code de commerce	L820-10	LEGIARTI000048521996	2024-01-01	confirmé	Art. L. 820-10 du code de commerce	annexe+ifrap	39.0		autres	Contribution annuelle acquittée par les personnes inscrites comme commissaires aux comptes ; Cotisation due par les commissaires aux comptes sur le montant des honoraires ; Cotisation additionnelle due par les commissaires aux comptes sur le montant des honoraires pour les entités d'intérêt public
Taxe sur les biens des industries du cuir, de la chaussure et de la maroquinerie (TBICCM)	6. La consommation	Biens et services	Taxe sur la valeur ajoutée	rattachable	oui	consommation de biens	18.1		18.1	CTC - Comité professionnel de développement Cuir, Chaussure, Maroquinerie					non établi	Art. L. 471-1 et L. 471-2, 2° du code des impositions sur les biens et les services (création) et art. 5-1, 2° de la loi n° 78-654 du 22 juin 1978 concernant les comités professionnels de développement économique (affectation)	annexe+ifrap	37.0		autres	Taxes sur les produits de l'industrie et de l'artisanat
Taxe annuelle sur la vente des produits phytopharmaceutiques	6. La consommation	Biens et services	Taxe sur la valeur ajoutée	rattachable	oui	consommation de biens	17.7		17.7	ANSéS - Agence nationale de sécurité sanitaire, de l'alimentation, de l'environnement et du travail ; CCMSA					non établi	Art. L. 253-8-2 VI du code rural ; article L. 253-8-2-VI du Code rural	annexe+ifrap	79.0		autres	Taxe sur la vente des produits phytopharmaceutiques disposant d'une autorisation de mise sur le marché (AMM)
Taxe sur les biens des industries de l'ameublement (TBIA) et taxe sur les biens des industries du bois (TBIB)	6. La consommation	Biens et services	Taxe sur la valeur ajoutée	rattachable	oui	consommation de biens	14.2		14.2	CTI de la filière Bois - Comité professionnel de développement des industries françaises de l'ameublement et du bois (CODIFAB); Institut technologique FCBA (Filière cellulose, bois, ameublement); Centre technique de la mécanique (CETIM)					non établi	Art. L. 471-1 et L. 471-2, 4° et 5° du code des impositions sur les biens et les services (création) et art. L. 521-8-1, 1° et 9°, a du code la recherche (affectation CTI) et art. 5-1, 4° de la loi n° 78-654 du 22 juin 1978 concernant les comités professionnels de développement économique (affectation CPDE)	annexe+ifrap	35.0		autres	Taxes sur les produits de l'industrie et de l'artisanat
Taxe sur les biens des industries du béton (TBIB), taxe sur les biens des industries des matériaux de construction en terre cuite (TBIMCT) et taxe sur les biens des industries des roches ornementales et de construction (TBIROC)	6. La consommation	Biens et services	Taxe sur la valeur ajoutée	rattachable	oui	consommation de biens	13.2		13.2	CTI des matériaux de construction : Centre d'études et de recherches de l'industrie du béton (CERIB); Centre technique de matériaux naturels de construction (CTMNC)					non établi	Art. L. 471-1 et L. 471-2, 6° à 8° du code des impositions sur les biens et les services (création) et art. L. 521-8-1, 2° et 3° du code de la recherche (affectation)	annexe+ifrap	46.0		autres	Taxes sur les produits de l'industrie et de l'artisanat
Taxe sur les biens des industries de l'habillement (TBIH)	6. La consommation	Biens et services	Taxe sur la valeur ajoutée	rattachable	oui	consommation de biens	9.8		9.8	DEFI - Comité de développement et de promotion de l'habillement, IFTH - Institut Français du Textile et de l'Habillement					non établi	Art. L. 471-1 et L. 471-2, 3° du code des impositions sur les biens et les services (création) et art. L. 521-8-1, 11° (affectation CTI) et art. 5-1, 3° de la loi n° 78-654 du 22 juin 1978 concernant les comités professionnels de développement économique (affectation CPDE)	annexe+ifrap	38.0		autres	Taxes sur les produits de l'industrie et de l'artisanat
Taxe sur le biens des industries de la plasturgie et des composites (TBIPC)	6. La consommation	Biens et services	Taxe sur la valeur ajoutée	rattachable	oui	consommation de biens	7.4		7.4	Centre technique industriel de la plasturgie et des composites (CTIPC)					non établi	Art. L. 471-1 et L. 471-2, 10° du code des impositions sur les biens et les services (création) et art. L. 521-8-1, 5° du code de la recherche (affectation)	annexe+ifrap	43.0		autres	Taxe affectée au financement d'un nouveau Centre Technique Industriel de la plasturgie et des composites
Droit sur les produits bénéficiant d'une appellation d'origine ou d'une indication géographique protégée (INAO)	6. La consommation	Biens et services	Taxe sur la valeur ajoutée	rattachable	oui	consommation de biens	7.3		7.3	INAO - Institut national de l'origine et de la qualité	code rural et de la pêche maritime	L642-13	LEGIARTI000048848965	2023-12-31	confirmé	Art. L. 642-13 du code rural et de la pêche maritime	annexe+ifrap	3.0		autres	Droit sur les produits bénéficiant d'une appellation d'origine ou d'une indication géographique protégée (INAO)
Taxe pour le développement de l'industrie de la conservation des produits agricoles (CTCPA)	6. La consommation	Biens et services	Taxe sur la valeur ajoutée	rattachable	oui	consommation de biens	2.9		2.9	CTCPA - Centre technique de la conservation des produits agricoles					non établi	Art. 72 de la loi n°2003-1312 du 30 décembre 2003 de finances rectificative pour 2003	annexe+ifrap	8.0		autres	Taxe pour le développement de l'industrie de la conservation des produits agricoles (CTCPA)
Taxe sur les biens des industries des corps gras (TICG)	6. La consommation	Biens et services	Taxe sur la valeur ajoutée	rattachable	oui	consommation de biens	0.8		0.8	ITERG - Institut des corps gras					non établi	Art. L. 471-1 et L. 471-2, 13° du code des impositions sur les biens et les services (création) et art. L. 521-8-1, 10° du code de la recherche (affectation)	annexe+ifrap	33.0		autres	Taxe affectée au financement de l'institut des corps gras
Accise sur les énergies, perçue sur les gazoles et les essences, en métropole [part régionale]	6. La consommation	Énergies	Taxe sur la valeur ajoutée	maintenue	oui	accise maintenue (énergies)	6293.1		6293.1	Régions					non établi	Art. L. 312-1, L. 312-2, 1°,a et L. 312-22 du code des impositions sur les biens et services (création) et art. 60, IX de la loi n° 2019-1479 du 28 décembre 2019 de finances pour 2020, 52 de la loi n° 2004-1484 du 30 décembre 2004 de finances pour 2005, 40 de la loi n° 2005-1719 du 30 décembre 2005 de finances pour 2006, 41, I et II de la loi n° 2013-1278 du 29 décembre 2013 de finances pour 2014, 38 de la loi n° 2015-1785 du 29 décembre 2015 de finances pour 2016, L. 4331-2, a, 4° dernier alinéa, de du code général des collectivités territoriales et L. 4425-28-1 du même code (affectation)	annexe+ifrap	216.0		consommation	Accise sur les énergies
Accise sur les énergies, perçue sur les gazoles et les essences, en métropole [fractions transférées en compensation du transfert du RMI/RSA et dans le cadre de l'acte II de la décentralisation]	6. La consommation	Énergies	Taxe sur la valeur ajoutée	maintenue	oui	accise maintenue (énergies)	5820.2		5820.2	Départements (part départementale)					non établi	Art. L. 312-1, L. 312-2, 1°,a et L. 312-22 du code des impositions sur les biens et services (création) et art. 60, IX de la loi n° 2019-1479 du 28 décembre 2019 de finances pour 2020, 59, I de la loi n° 2003-1311 du 30 décembre 2003 de finances pour 2004, 51 de la loi n° 2008-1425 du 27 décembre 2008 de finances pour 2009 et 39 de la loi n° 2011-1977 du 28 décembre 2011 de finances pour 2012 (affectation)	annexe+ifrap	195.0		consommation	Accise sur les énergies
Accise sur les énergies, perçue sur l'électricité et les combustibles (accise sur les énergies de chauffage), composante modulée en fonction des coûts de la péréquation tarifaire	6. La consommation	Énergies	Taxe sur la valeur ajoutée	maintenue	oui	accise maintenue (énergies)	3249.5		3249.5	Opérateurs électriques chargés d'une mission de service public dans les zones non interconnectées au réseau métropolitain continental au titre de l'art. L. 121-6 du code de l'énergie	code des impositions sur les biens et services	L312-1	LEGIARTI000044603889	2022-01-01	confirmé	Art. L. 312-1 et L. 312-37-1 du code des impositions sur les biens et services (création) et art. L. 121-6 du code de l'énergie (affectation)	annexe+ifrap	311.0		consommation	Accise sur les énergies
Accise sur les énergies perçue en métropole sur les produits autres que les charbons, les gaz naturels et l’électricité	6. La consommation	Énergies	Taxe sur la valeur ajoutée	maintenue	oui	accise maintenue (énergies)	1619.5		1619.5	AFITF - Agence de financement des infrastructures de transport de France	code des impositions sur les biens et services	L312-1	LEGIARTI000044603889	2022-01-01	confirmé	Art. L. 312-1 du code des impositions sur les biens et services (création) et art. L. 1512-20, 3° du code des transports (affectation)	annexe+ifrap	26.0		consommation	Accise sur les énergies
Accise sur les carburants, à l'exception du gaz naturel carburant	6. La consommation	Énergies	Taxe sur la valeur ajoutée	maintenue	oui	accise maintenue (énergies)	1117.9		1117.9	Opérateurs de gaz naturel chargés d'une mission de service public au titre des 3° à 6° de l'article L. 121-36 du code de l'énergie ; Opérateurs électriques chargés d'une mission de service public au titre du 1° de l'article L. 121-7 du code de l'énergie, pour la part relative aux contrats de cogénération à partir de gaz naturel, et au 3° du même article	code des impositions sur les biens et services	L312-1	LEGIARTI000044603889	2022-01-01	confirmé	Article L. 312-1 du code des impositions sur les biens et services et article L. 312-22 du même code (création), article L. 121-35 du code de l'énergie (affectation) ; Article L. 312-1 du code des impositions sur les biens et services et article L. 312-22 du même code (création), article L. 121-6 du code de l'énergie (affectation)	annexe+ifrap	310.0		consommation	Accise sur les énergies
Accise sur les énergies, perçue sur l'électricité — part communes et EPCI	6. La consommation	Énergies	Taxe sur la valeur ajoutée	maintenue	oui	accise maintenue (énergies)	1084.1		1084.1	Communes ou EPCI (établissements publics de coopération intercommunale) à fiscalité propre et Départements - part communale ; Communes ou EPCI (établissements publics de coopération intercommunale) à fiscalité propre et Départements - part intercommunale	code des impositions sur les biens et services	L312-1	LEGIARTI000044603889	2022-01-01	confirmé	Art. L. 312-1 et L. 312-2, 3° du code des impositions sur les biens et services (création) art. L. 5212-24 , L. 5214-23, 1° et L. 5216-8, 1° du code général des collectivités territoriales (affectation) ; Art. L. 312-1 et L. 312-2, 3° du code des impositions sur les biens et services (création) et art. L. 2333-2 du code général des collectivités territoriales (affectation)	annexe+ifrap	180.0		consommation	Accise sur les énergies
Accise sur les énergies, perçue sur l'électricité — part départements et métropole de Lyon	6. La consommation	Énergies	Taxe sur la valeur ajoutée	maintenue	oui	accise maintenue (énergies)	819.7		819.7	Départements et métropole de Lyon	code des impositions sur les biens et services	L312-1	LEGIARTI000044603889	2022-01-01	confirmé	Art. L. 312-1 et L. 312-2, 3° du code des impositions sur les biens et services (création) et art. L. 3333-2 et suivants du code général des collectivités territoriales (affectation)	annexe+ifrap	181.0		consommation	Accise sur les énergies
Accise sur les énergies, fraction perçue sur les carburants, outre-mer	6. La consommation	Énergies	Taxe sur la valeur ajoutée	maintenue	oui	accise maintenue (énergies)	548.6		548.6	Régions de la Guadeloupe, de la Martinique, de la Guyane et de la Réunion	code des impositions sur les biens et services	L312-1	LEGIARTI000044603889	2022-01-01	confirmé	Art. L. 312-1 et L. 312-38 code des impositions sur les biens et services (création) et art. L. 4434-2 à L. 4434-4 du code général des collectivités territoriales (affectation)	annexe+ifrap	238.0		consommation	Accise sur les énergies
Taxe incitative relative à l'utilisation d'énergie renouvelable dans le transport (TIRUERT)	6. La consommation	Énergies	Taxe sur la valeur ajoutée	maintenue	oui	accise maintenue (énergies)					code des douanes	266 quindecies	LEGIARTI000053545202	2026-01-01	relevé par le fil, confirmé au dépôt		ifrap			autres	Taxe incitative relative à l'utilisation d'énergie renouvelable dans le transport (TIRUERT)
Taxe intérieure de consommation sur les produits énergétiques (TICPE) - part Grenelle	6. La consommation	Énergies	Taxe sur la valeur ajoutée	maintenue	oui	accise maintenue (énergies)				Régions	code général des collectivités territoriales	94			nommé non porté au dépôt	Art. 94 de la loi n° 2009-1673 du 30 décembre 2009 de finances pour 2010, 11 et 12 de la loi n° 2009-967 du 3 août 2009 de programmation relative à la mise en œuvre du Grenelle de l'environnement, et L. 4434-2 du code général des collectivités territoriales	annexe+ifrap	215.0		consommation	Accise sur les énergies
Accise sur les tabacs, en métropole (hors Corse)	6. La consommation	Tabacs	Taxe sur la valeur ajoutée	maintenue	oui	accise maintenue (tabac)	11422.9		11422.9	CNAM (99,5%), RAVGDT (0,5%)	code des impositions sur les biens et services	L314-1	LEGIARTI000044603449	2022-01-01	confirmé	Art. L. 314-1 du code des impositions sur les biens et services (création) et art. L. 131-8, 7° du code de la sécurité sociale (affectation)	annexe+ifrap	134.0		consommation	Accise sur les tabacs
Droit de licence sur la rémunération des débitants de tabacs	6. La consommation	Tabacs	Taxe sur la valeur ajoutée	maintenue	oui	accise maintenue (tabac)	330.5		330.5	CNAMTS	code général des impôts	L568			nommé non porté au dépôt	Art. L. 568 du code général des impôts et art. L.131-8 du Code de la sécurité sociale	annexe+ifrap	99.0		autres	Droit de licence sur la rémunération des débitants de tabac
Accise sur les tabacs, en Corse	6. La consommation	Tabacs	Taxe sur la valeur ajoutée	maintenue	oui	accise maintenue (tabac)	212.8		212.8	Collectivité territoriale de Corse	code des impositions sur les biens et services	L314-1	LEGIARTI000044603449	2022-01-01	confirmé	Art. L. 314-1 du code des impositions sur les biens et services (création) et art. L. 4425-22, 4° bis du code général des collectivités territoriales (affectation)	annexe+ifrap	169.0		consommation	Accise sur les tabacs
Accise sur les tabacs, outre-mer	6. La consommation	Tabacs	Taxe sur la valeur ajoutée	maintenue	oui	accise maintenue (tabac)	2.3		2.3	Départements d'Outre-mer	code des impositions sur les biens et services	L314-1	LEGIARTI000044603449	2022-01-01	confirmé	Art. L. 314-1 du code des impositions sur les biens et services (création) et art. L. 3332-1, b, 5° du code général des collectivités territoriales (affectation)	annexe+ifrap	173.0		consommation	Accise sur les tabacs
Contribution sociale à la charge des fournisseurs agréés de produits de tabac	6. La consommation	Tabacs	Taxe sur la valeur ajoutée	maintenue	oui	accise maintenue (tabac)					code de la sécurité sociale	L137-27	LEGIARTI000053269267	2025-12-31	relevé par le fil, confirmé au dépôt		ifrap			autres	Contribution sociale à la charge des fournisseurs agréés de produits de tabac
Droits de consommation sur les alcools	6. La consommation	Alcools	Taxe sur la valeur ajoutée	maintenue	oui	accise maintenue (alcool)	2172.6		2172.6	CCMSA - non salariés - maladie, invalidité et maternité	code des impositions sur les biens et services	L313-2	LEGIARTI000044603585	2022-01-01	confirmé	Art. L. 313-2 du code des impositions sur les biens et services (création) et art. L. 731-2, 5°, L. 731-3, 3° et L. 732-58 du code rural et de la pêche maritime	annexe+ifrap	115.0		consommation	Accise sur les alcools
Droit sur les bières et les boissons non alcoolisées	6. La consommation	Alcools	Taxe sur la valeur ajoutée	maintenue	oui	accise maintenue (alcool)	1172.6		1172.6	CCMSA - non salariés branche vieillesse					non établi	Art. 1613 quater, I et II, 1° du code général des impôts (création) et art. L. 731-3, 4° bis du code rural et de la pêche maritime (affectation)	annexe+ifrap	116.0		consommation	Accise sur les alcools
Cotisation spéciale sur les boissons alcooliques	6. La consommation	Alcools	Taxe sur la valeur ajoutée	maintenue	oui	accise maintenue (alcool)	734.3		734.3	CCMSA - non salariés branche vieillesse	code de la sécurité sociale	L245-7	LEGIARTI000048834648	2023-12-31	confirmé	Art. L. 245-7 du code de la sécurité sociale et art. L. 731-3 du code rural et de la pêche maritime	annexe+ifrap	109.0		autres	Cotisation spéciale sur les boissons alcooliques
Accise sur les alcools, percue sur les catégories fiscales autre celle des alcools	6. La consommation	Alcools	Taxe sur la valeur ajoutée	maintenue	oui	accise maintenue (alcool)	152.5		152.5	CCMSA - non salariés branche vieillesse	code des impositions sur les biens et services	L313-2	LEGIARTI000044603585	2022-01-01	confirmé	Art. L. 313-2 et suivants et L. 313-45 du code des impositions sur les biens et services et L. 731-3 3° du code rural et de la pêche maritime	annexe+ifrap	113.0		consommation	Accise sur les alcools
Accise sur les alcools, majoration outre-mer perçue sur les spiritueux locaux	6. La consommation	Alcools	Taxe sur la valeur ajoutée	maintenue	oui	accise maintenue (alcool)	4.4		4.4	Régions de la Guadeloupe, de la Martinique, de la Guyane et de la Réunion	code des impositions sur les biens et services	L313-1	LEGIARTI000044603587	2022-01-01	confirmé	Art. L. 313-1 et L. 313-27 du code des impositions sur les biens et services (création) et art. L. 4434-1 du code générale des collectivités territoriales (affectation)	annexe+ifrap	240.0		consommation	Accise sur les alcools
Soulte rhum et tafias	6. La consommation	Alcools	Taxe sur la valeur ajoutée	maintenue	oui	accise maintenue (alcool)									non établi		ifrap			autres	Soulte rhum et tafias
"Taxe sur les boissons ""premix"""	6. La consommation	Alcools	Taxe sur la valeur ajoutée	maintenue	oui	accise maintenue (alcool)									non établi		ifrap			autres	"Taxe sur les boissons ""premix"""
Taxe sur les boissons sucrées	6. La consommation	Eau, déchets et boissons sucrées	Taxe sur la valeur ajoutée	rattachable	oui	consommation de biens	967.0		967.0	CCMSA - non salariés - maladie	code général des impôts	1613 ter	LEGIARTI000054374000	2026-07-01	confirmé	Art. 1613 ter du code général des impôts	annexe+ifrap	117.0		autres	Taxe sur les boissons sucrées
Contribution générale sur les boissons alcoolique, tarif sur les boissons édulcorées	6. La consommation	Eau, déchets et boissons sucrées	Taxe sur la valeur ajoutée	rattachable	oui	consommation de biens	70.0		70.0	CCMSA - non salariés - maladie					non établi	Art. 1613 quater, I et II, 2° du code général des impôts (création) et VI du même article (affectation)	annexe+ifrap	118.0		autres	Taxe sur les boissons édulcorées
Redevances pour prélèvement sur la ressource en eau, pour pollution de l'eau, pour modernisation des réseaux de collecte, pour pollutions diffuses, pour stockage d'eau en période d'étiage, pour obstacle sur les cours d'eau et pour protection du milieu aquatique dans les DOM	6. La consommation	Eau, déchets et boissons sucrées	Taxe sur la valeur ajoutée	rattachable	oui	consommation de services (eau)	28.0		28.0	Offices de l'eau (dans les DOM)	code de l'environnement	L213-14	LEGIARTI000051217930	2025-02-16	confirmé	Art. L. 213-14 du code de l'environnement	annexe+ifrap	171.0		autres	Redevances pour pollution de l'eau ; Redevances pour prélèvement sur la ressource en eau ; Redevances pour pollutions diffuses
Taxe sur les déchets mis en décharge (TDMD) et taxe sur les déchets incinérés (TDI), majoration locale	6. La consommation	Eau, déchets et boissons sucrées	Taxe sur la valeur ajoutée	rattachable	oui	consommation de services (déchets)	26.0		26.0	Communes					non établi	Art. L. 433-43, L. 433-58, L. 433-72 et L. 433-90 du code des impositions sur les biens et services (création) et art. L. 3332-1, b, 5° du code général des collectivités territoriales (affectation)	annexe+ifrap	162.0		autres	Taxe sur les déchets réceptionnés dans une installation de stockage ou un incinérateur de déchets ménagers
Contribution sur les eaux minérales	6. La consommation	Eau, déchets et boissons sucrées	Taxe sur la valeur ajoutée	rattachable	oui	consommation de biens	16.7		16.7	Communes	code général des impôts	1582	LEGIARTI000044873045	2022-01-01	confirmé	Art. 1582 du code général des impôts	annexe+ifrap	158.0		autres	Contribution sur les eaux
Redevances pour pollution de l'eau, redevances pour modernisation des réseaux de collecte, redevance sur la consommation d'eau potable, redevances pour la performance des réseaux d'eau potable et pour la performance des systèmes d'assainissement collectif, redevances pour pollutions diffuses, redevances pour prélèvement sur la ressource en eau, redevance pour stockage d'eau en période d'étiage, redevances cynégétiques, droit de validation du permis de chasse, redevance pour protection du milieu aquatique, redevance pour obstacle sur les cours d’eau	6. La consommation	Transport, véhicules et déplacements	Taxe sur la valeur ajoutée	rattachable	oui	consommation de services (eau)	2485.7		2485.7	Agences de l'eau					non établi	Art. L213-10, L213-10-8 et L213-10-10 à L213-10-12 du code de l’environnement	annexe+ifrap	32.0		autres	Redevances pour pollution de l'eau ; Redevance sur la consommation d'eau potable ; Redevance pour la performance des réseaux d'eau potable ; Redevance pour la performance des systèmes d'assainissement collectif ; Redevances pour pollutions diffuses ; Redevances pour prélèvement sur la ressource en eau ; Redevance pour stockage d'eau en période d'étiage ; Redevance pour protection du milieu aquatique ; Redevances cynégétiques
Taxe régionale sur l'immatriculation des véhicules (TRIV) et taxe fixe sur l'immatriculation des véhicules (TFIV)	6. La consommation	Transport, véhicules et déplacements	Taxe sur la valeur ajoutée	rattachable	oui	consommation de biens durables	2277.5		2277.5	Régions	code général des collectivités territoriales	L421-29			nommé non porté au dépôt	Art. L. 421-29 et L. 421-30, 1° et 2° du code des impsitions sur les biens et services (création) et art. L. 4331-2, a, 2° et 3° du code général des collectivités territoriales (affectation)	annexe+ifrap	214.0		autres	Taxe sur l'immatriculation des véhicules, taxe fixe ; Taxe sur l'immatriculation des véhicules, taxe régionale sur les véhicules à moteur
Taxe sur le transport aérien de passagers, tarif de solidarité (TAP, TS)	6. La consommation	Transport, véhicules et déplacements	Taxe sur la valeur ajoutée	rattachable	oui	consommation de services (transport)	1447.0		1447.0	AFITF - Agence de financement des infrastructures de transport de France ; FSD - Fonds de solidarité pour le développement géré par l'Agence française de développement (AFD) - suivi MEAE	code des impositions sur les biens et services	L422-13	LEGIARTI000046196635	2022-08-18	confirmé	Art. L. 422-13 et L. 422-20, 2° du code des impositions sur les biens et services (création) et art. 125 de la LFI pour 1991, III, 1°, b ; Art. L. 422-13 et L. 422-20, 2° du code des impositions sur les biens et services (création) et art. L. 1512-20, 1° du code des transports	annexe+ifrap	12.0		autres	Taxe sur le transport aérien de passagers
Taxe d'aéroport	6. La consommation	Transport, véhicules et déplacements	Taxe sur la valeur ajoutée	rattachable	oui	consommation de services (transport)	1191.5		1191.5	Personnes publiques ou privées exploitant des aérodromes dont le trafic embarqué ou débarqué s'élève au cours de la dernière année civile connue à plus de 5000 unités de trafic (UDT)	code général des impôts	1609 quatervicies			nommé non porté au dépôt	Art. 1609 quatervicies du code général des impôts	annexe	201.0			
Taxe sur la distance parcourue sur le réseau autoroutier concédé	6. La consommation	Transport, véhicules et déplacements	Taxe sur la valeur ajoutée	rattachable	oui	consommation de services (transport)	776.0		776.0	AFITF - Agence de financement des infrastructures de transport de France	code des impositions sur les biens et services	L421-175	LEGIARTI000044602819	2022-01-01	confirmé	Art. L. 421-175 du code des impositions sur les biens et services (création) et L. 1512-20, 2° du code des transports (affectation)	annexe+ifrap	27.0		autres	Taxe sur la distance parcourue sur le réseau autoroutier
Taxe régionale sur l'immatriculation des véhicules (TRIV), majoration francilienne	6. La consommation	Transport, véhicules et déplacements	Taxe sur la valeur ajoutée	rattachable	oui	consommation de biens durables	91.6		91.6	IdFM - Île-de-France Mobilités	code des impositions sur les biens et services	L1241-14			nommé non porté au dépôt	Art. L. 421-29, L. 421-30, 2° et L. 421-42-1 du code des impositions sur les biens et services (création) et art. L. 1241-14 du code des transports, 11° (affectation)	annexe+ifrap	312.0		autres	Taxe sur l'immatriculation des véhicules, taxe régionale sur les véhicules à moteur
Taxe sur l'immatriculation des véhicules de transport (TIVT)	6. La consommation	Transport, véhicules et déplacements	Taxe sur la valeur ajoutée	rattachable	oui	consommation de biens durables	62.0		62.0	AFT - Association pour le développement de la formation professionnelle dans les transports	code des impositions sur les biens et services	L421-29	LEGIARTI000044603247	2022-01-01	confirmé	Art. L. 421-29 et L. 421-30, 3° du code des impositions sur les biens et services (création) et art. L. 3314-4 du code des transports (affectation)	annexe+ifrap	77.0		autres	Taxe sur l'immatriculation, taxe sur les véhicules de transport
Taxe sur le transport aérien de passagers, majoration Corse (TAP) et taxe sur le transport maritime de passagers dans certains territoires côtiers (TMPTC)	6. La consommation	Transport, véhicules et déplacements	Taxe sur la valeur ajoutée	rattachable	oui	consommation de services (transport)	53.6		53.6	Collectivité territoriale de Corse					non établi	Art. L. 422-13, L. 422-29, L. 423-57 du code des impositions sur les biens et services (création) et art. L.4425-22, 2° du code général des collectivités territoriales (affectation)	annexe+ifrap	170.0		autres	Taxe sur le transport aérien de passagers ; Taxe sur le transport maritime de passagers dans certains territoires côtiers
Taxe annuelle sur les engins maritimes à usage personnel (TAEMUP)	6. La consommation	Transport, véhicules et déplacements	Taxe sur la valeur ajoutée	rattachable	oui	consommation de biens durables	51.0		51.0	CELRL - Conservatoire de l'espace littoral et des rivages lacustres ; Collectivité territoriale de Corse ; Filière de responsabilité élargie du producteur (REP) relative aux navires de plaisance et de sport hors d’usage (NPSHU) ; Organismes de secours et de sauvetage en mer agréés (art. L742-9 code de la sécurité intérieure)	code de l'environnement	L423-37			nommé non porté au dépôt	Art. L. 423-37 du code des impositions sur les biens et les services (création) et art. L. 541-10-25-1 du code de l'environnement ; Art. L. 423-37 du code des impositions sur les biens et les services (création) et art. L. 742-11-2 du code de sécurité intérieure (affectation) ; Art. L. 423-4 du code des impositions sur les biens et services (création) et art. L. 322-15 du code de l'environnement (affectation) ; Art. L. 432-37 du code des impositions sur les biens et services (création) et art. L. 4425-22, 5° du code général des collectivités territoriales (affectation)	annexe+ifrap	31.0		autres	Taxe annuelle sur les engins maritimes à usage personnel
Taxe sur les nuisances sonores aériennes (TNSA)	6. La consommation	Transport, véhicules et déplacements	Taxe sur la valeur ajoutée	rattachable	oui	consommation de services (transport)	48.8		48.8	Personnes publiques ou privées exploitant des aérodromes	code des impositions sur les biens et services	L422-49	LEGIARTI000044602649	2022-01-01	confirmé	Art. L. 422-49 du code des impositions sur les biens et services (création) et art. L. 6360-2 du code des transports (affectation)	annexe+ifrap	23.0		autres	Taxe sur les nuisances sonores aériennes
Droit départemental de passage sur les ouvrages d'art reliant le continent aux îles maritimes	6. La consommation	Transport, véhicules et déplacements	Taxe sur la valeur ajoutée	rattachable	oui	consommation de services (transport)	45.4		45.4	Départements (part départementale)	code de l'environnement	L173-3	LEGIARTI000025136672	2013-07-01	confirmé	Art. L.173-3 du code de la voirie routière et art. L.321-11 du code de l'environnement	annexe+ifrap	194.0		autres	Droit départemental de passage sur les ouvrages d'art reliant le continent aux îles maritimes
Taxe fixe sur l'immatriculation des véhicules (TFIV)	6. La consommation	Transport, véhicules et déplacements	Taxe sur la valeur ajoutée	rattachable	oui	consommation de biens durables	44.0		44.0	ANTS - Agence nationale des titres sécurisés	code des impositions sur les biens et services	L421-29	LEGIARTI000044603247	2022-01-01	confirmé	Art. L. 421-29 et L. 421-30, 1° du code des impositions sur les biens et services (création) et art. 46-1, 2° de la loi n° 2011-1977 du 28 décembre 2011 de finances pour 2012 (affectation)	annexe+ifrap	52.0		autres	Taxe sur l'immatriculation des véhicules, taxe fixe
Taxe sur le transport maritime de passagers destination d'espaces naturels protégés (TTMPDENP)	6. La consommation	Transport, véhicules et déplacements	Taxe sur la valeur ajoutée	rattachable	oui	consommation de services (transport)	4.5		4.5	Personne publique assurant la gestion de l'espace naturel protégé concerné ou la commune d'implantation de l'espace naturel protégé	code des impositions sur les biens et services	L423-47	LEGIARTI000044602503	2022-01-01	confirmé	Art. L. 423-47 du code des impositions sur les biens et services (création) et art. L. 321-12 du code de l'environnement (affectation)	annexe+ifrap	234.0		autres	Taxe sur le transport maritime de passagers à destination d'espaces naturels protégés
Taxe sur le transport aérien de passagers, majoration outre-mer (TAP)	6. La consommation	Transport, véhicules et déplacements	Taxe sur la valeur ajoutée	rattachable	oui	consommation de services (transport)	4.2		4.2	Régions de la Guadeloupe, de la Martinique, de la Guyane et de la Réunion	code des impositions sur les biens et services	L422-13	LEGIARTI000046196635	2022-08-18	confirmé	Art. L. 422-13 et L. 422-30 du code des impositions sur les biens et services (création) et art. L. 4331-2, a, 6° et L. 2563-1-1, 1° du code général des collectivités territoriales	annexe+ifrap	239.0		autres	Taxe sur le transport aérien de passagers
Taxe sur les exploitants de plateformes de mises en relation par voie électronique en vue de fournir certaines prestations de transport	6. La consommation	Transport, véhicules et déplacements	Taxe sur la valeur ajoutée	rattachable	oui	consommation de services	1.5		1.5	ARPE - Autorité des relations sociales des plateformes d'emploi	code des impositions sur les biens et services	L453-35	LEGIARTI000048626157	2024-01-01	confirmé	Art. L. 453-35 du code des impositions sur les biens et services (création) et art. L. 7345-4 du code du travail (affectation)	annexe+ifrap	284.0		autres	taxe sur la mise en relation par voie électronique en vue de fournir certaines prestations de transport
Taxe annuelle sur les engins maritimes à usage personnel (TAEMUP) – Fraction perçue sur les engins ne battant pas pavillon français	6. La consommation	Transport, véhicules et déplacements	Taxe sur la valeur ajoutée	rattachable	oui	consommation de biens durables	0.2		0.2	Organismes de secours et de sauvetage en mer agréés (art. L742-9 code de la sécurité intérieure)					non établi	Art. L. 423-4 et L. 423-11 du code des impositions sur les biens et les services (création) et art. L. 742-11-2 du code de sécurité intérieure (affectation)	annexe+ifrap	245.0		autres	Taxe annuelle sur les engins maritimes à usage personnel
Taxe additionnelle à la taxe de séjour dans les départements des Bouches-du-Rhône, du Var et des Alpes-Maritimes	6. La consommation	Transport, véhicules et déplacements	Taxe sur la valeur ajoutée	rattachable	oui	consommation de services (hébergement)					code général des collectivités territoriales	L4332-4	LEGIARTI000046872774	2023-01-01	relevé par le fil, confirmé au dépôt		ifrap			autres	Taxe additionnelle à la taxe de séjour dans les départements des Bouches-du-Rhône, du Var et des Alpes-Maritimes
Taxe sur le transport aérien de marchandises	6. La consommation	Transport, véhicules et déplacements	Taxe sur la valeur ajoutée	rattachable	oui	consommation de services (transport)									non établi		ifrap			autres	Taxe sur le transport aérien de marchandises
Taxes sur l'immatriculation des véhicules, taxe sur la masse en ordre de marche des véhicules de tourisme	6. La consommation	Transport, véhicules et déplacements	Taxe sur la valeur ajoutée	rattachable	oui	consommation de biens durables									non établi		ifrap			autres	Taxes sur l'immatriculation des véhicules, taxe sur la masse en ordre de marche des véhicules de tourisme
Taxes sur l'immatriculation des véhicules, taxe sur les émissions de dioxyde de carbone des véhicules de tourisme	6. La consommation	Transport, véhicules et déplacements	Taxe sur la valeur ajoutée	rattachable	oui	consommation de biens durables									non établi		ifrap			autres	Taxes sur l'immatriculation des véhicules, taxe sur les émissions de dioxyde de carbone des véhicules de tourisme
Taxe sur les services numériques	6. La consommation	Médias, culture et numérique	Taxe sur la valeur ajoutée	rattachable	oui	consommation de services	881.6	881.6			code des impositions sur les biens et services	L453-40	LEGIARTI000051216561	2025-03-01	relevé par le fil, à contrôler (article du chapitre, non l'article d'institution)		ifrap		1430.0	capital	Taxe sur les services numériques
Taxe sur les services de télévision	6. La consommation	Médias, culture et numérique	Taxe sur la valeur ajoutée	rattachable	oui	consommation de services	251.9		251.9	CNC - Centre national du cinéma et de l'image animée	code des impositions sur les biens et services	L453-13	LEGIARTI000048626109	2024-01-01	confirmé	Art. L. 453-13 du code des impositions sur les biens et services (création) et art. L. 116-1, 3° du code du cinéma et de l’image animée (affectation)	annexe+ifrap	152.0		autres	Taxe sur les services de télévision
Taxe sur la publicité télévisuelle et autres ressources liées à la diffusion de services de télévision	6. La consommation	Médias, culture et numérique	Taxe sur la valeur ajoutée	rattachable	oui	consommation de services	241.5		241.5	CNC - Centre national du cinéma et de l'image animée	code des impositions sur les biens et services	L454-1	LEGIARTI000048626291	2024-01-01	confirmé	Article L. 454-1 du code des impositions sur les biens et services (création) et art. L. 116-1, 5° du code du cinéma et de l’image animée	annexe+ifrap	151.0		autres	Taxe sur la publicité télévisuelle
Taxe sur les services d'accès à des contenus audiovisuels à la demande	6. La consommation	Médias, culture et numérique	Taxe sur la valeur ajoutée	rattachable	oui	consommation de services	151.4		151.4	CNC - Centre national du cinéma et de l'image animée	code des impositions sur les biens et services	L454-16	LEGIARTI000048626323	2024-01-01	confirmé	Art. L. 454-16 du code des impositions sur les biens et services (création) et art. L. 116-1, 6° du code du cinéma et de l’image animée (affectation)	annexe+ifrap	297.0		autres	Taxe sur les services d'accès à des contenus audiovisuels à la demande
Taxe sur les spectacles cinématographiques	6. La consommation	Médias, culture et numérique	Taxe sur la valeur ajoutée	rattachable	oui	consommation de services (billetterie)	147.8		147.8	CNC - Centre national du cinéma et de l'image animée	code des impositions sur les biens et services	L452-1	LEGIARTI000048626000	2024-01-01	confirmé	Art. L. 452-1 du code des impositions sur les biens et services (création) et art. L. 116-1, 1° du code du cinéma et de l’image animée (affectation)	annexe+ifrap	150.0		autres	Taxe sur les spectacles cinématographiques
Taxe sur les spectacles vivants, fraction perçue sur les spectacles de variétés (TSV, SV)	6. La consommation	Médias, culture et numérique	Taxe sur la valeur ajoutée	rattachable	oui	consommation de services (billetterie)	59.9		59.9	CNM - Centre national de la musique	code des impositions sur les biens et services	L452-14	LEGIARTI000048626028	2024-01-01	confirmé	Art L. 452-14 et L. 452-15,2° du code des impositions sur les biens et services (création) et art. 4, II de la loi n° 2019-1100 du 30 octobre 2019 relative à la création du Centre national de la musique	annexe+ifrap	92.0		autres	Taxe sur les spectacles vivants
Taxe sur la cession de droits d'exploitation audiovisuelle des manifestations sportives (TCSDEAMS)	6. La consommation	Médias, culture et numérique	Taxe sur la valeur ajoutée	rattachable	oui	consommation de services	44.3		44.3	ANS - Agence nationale du sport	code des impositions sur les biens et services	L455-28	LEGIARTI000048626539	2024-01-01	confirmé	Art. L. 455-28 du code des impositions sur les biens et services (création) et L. 112-11-1 du code du sport (affectation)	annexe+ifrap	72.0		autres	Contribution sur la cession à un service de télévision des droits de diffusion de manifestations ou de compétitions sportives
Taxe sur la publicité diffusée au moyen de services d'accès à des contenus audiovisuels à la demande	6. La consommation	Médias, culture et numérique	Taxe sur la valeur ajoutée	rattachable	oui	consommation de services	43.1		43.1	CNC - Centre national du cinéma et de l'image animée	code des impositions sur les biens et services	L454-16	LEGIARTI000048626323	2024-01-01	confirmé	Article L. 454-16 du code des impositions sur les biens et services (création) et article L. 116-1, 5° du code du cinéma et de l’image animée (affectation)	annexe+ifrap	298.0		autres	Taxe sur la publicité diffusée au moyen de services d'accès à des contenus audiovisuels à la demande
Taxe sur les locations en France de phonogrammes musicaux et de vidéomusiques destinés à l'usage privé du public dans le cadre d'une mise à disposition à la demande sur les réseaux en ligne	6. La consommation	Médias, culture et numérique	Taxe sur la valeur ajoutée	rattachable	oui	consommation de services	21.3		21.3	CNM - Centre national de la musique	code général des impôts	1609 sexdecies C	LEGIARTI000051200895	2025-01-01	confirmé	Art. 1609 sexdecies C du code général des impôts	annexe+ifrap	294.0		autres	Taxe sur les locations en France de phonogrammes musicaux et de vidéomusiques
Taxe sur la publicité diffusée au moyen de documents imprimés (ex-taxe sur certaines dépenses de publicité)	6. La consommation	Médias, culture et numérique	Taxe sur la valeur ajoutée	rattachable	oui	consommation de services	14.9	14.9							non établi		ifrap		1777.0	autres	Taxe sur la publicité diffusée au moyen de documents imprimés (ex-taxe sur certaines dépenses de publicité)
Taxe sur les spectacles vivants, fraction perçue sur les spectacles d'art dramatique, lyrique et chorégraphique (TSV, ADLC)	6. La consommation	Médias, culture et numérique	Taxe sur la valeur ajoutée	rattachable	oui	consommation de services (billetterie)	10.3		10.3	Association pour le soutien du théâtre privé	code des impositions sur les biens et services	L452-14	LEGIARTI000048626028	2024-01-01	confirmé	Art L. 452-14 et L. 452-15, 1° du code des impositions sur les biens et services (création) et art. 11 de l'ordonnance n° 45-2339 du 13 octobre 1945 relative aux spectacles (affectation)	annexe+ifrap	17.0		autres	Taxe sur les spectacles vivants
Taxe sur la production et la distribution d'oeuvres cinématographiques	6. La consommation	Médias, culture et numérique	Taxe sur la valeur ajoutée	rattachable	oui	consommation de services	7.7		7.7	CNC - Centre national du cinéma et de l'image animée	code des impositions sur les biens et services	L455-17	LEGIARTI000048626515	2024-01-01	confirmé	Art. L. 455-17 du code des impositions sur les biens et services (création) et L. 116-1, 9° du code du cinéma et de l’image animée (affectation)	annexe+ifrap	306.0		autres	Taxe sur la production et la distribution d'œuvres cinématographiques
Taxe sur les vidéogrammes	6. La consommation	Médias, culture et numérique	Taxe sur la valeur ajoutée	rattachable	oui	consommation de biens	3.0		3.0	CNC - Centre national du cinéma et de l'image animée	code des impositions sur les biens et services	L452-28	LEGIARTI000048626059	2024-01-01	confirmé	Art. L. 452-28 du code des impositions sur les biens et services (création) et L. 116-1, 2° du code du cinéma et de l’image animée (affectation)	annexe+ifrap	296.0		autres	Taxe sur les vidéogrammes
Taxe sur les biens des industrie du papier (TBIP)	6. La consommation	Médias, culture et numérique	Taxe sur la valeur ajoutée	rattachable	oui	consommation de biens	2.8		2.8	Centre technique du papier (CTP)					non établi	Art. L. 471-1 et L. 471-2, 9° du code des impositions sur les biens et les services (création) art. L. 521-8-1, 4° du code de la recherche (affectation)	annexe+ifrap	246.0		autres	Taxes sur les produits de l'industrie et de l'artisanat
Taxe sur les papiers graphiques	6. La consommation	Médias, culture et numérique	Taxe sur la valeur ajoutée	rattachable	oui	consommation de biens									non établi		ifrap			autres	Taxe sur les papiers graphiques
Taxe sur les services de communications électroniques	6. La consommation	Médias, culture et numérique	Taxe sur la valeur ajoutée	rattachable	oui	consommation de services					code des impositions sur les biens et services	L453-13	LEGIARTI000048626109	2024-01-01	relevé par le fil, confirmé au dépôt		ifrap			autres	Taxe sur les services de communications électroniques
Taxe sur les conventions d'assurance	6. La consommation	Assurance	Taxe sur la valeur ajoutée	rattachable	oui	consommation de services (assurance)	12646.4		12646.4	CNAF ; Départements (part départementale)	code général des impôts	991	LEGIARTI000041471848	2024-01-01	confirmé	Art. 991 du code général des impôts, art. L131-8 du code de la sécurité sociale ; Art. 991 du code général des impôts, art. L3332-2-1 du code général des collectivités territoriales	annexe+ifrap	196.0		autres	Taxe sur les conventions d'assurance
Prélèvement sur les contrats d'assurance de biens	6. La consommation	Assurance	Taxe sur la valeur ajoutée	rattachable	oui	consommation de services (assurance)	672.3		672.3	FGTI - Fonds de garantie des victimes d'actes terroristes et autres infractions					non établi	Art. L. 422-1 du code des assurances	annexe+ifrap	209.0		autres	Prélèvement sur les contrats d'assurance de biens 'Taxe Attentat'
Contributions additionnelles aux primes ou cotisations afférentes à certaines conventions d'assurance	6. La consommation	Assurance	Taxe sur la valeur ajoutée	rattachable	oui	consommation de services (assurance)	120.0		120.0	CCR - Caisse centrale de réassurance	code général des impôts	1635 bis A	LEGIARTI000051220117	2025-02-16	confirmé	Art. 1635 bis A du code général des impôts et L. 361-5 du code rural et de la pêche maritime	annexe+ifrap	7.0		autres	Contributions additionnelles ou cotisations afférentes à certaines conventions d'assurance
Contribution des assurés	6. La consommation	Assurance	Taxe sur la valeur ajoutée	rattachable	oui	consommation de services (assurance)	109.5		109.5	FGAO - Fonds de garantie des assurances obligatoires de dommages					non établi	Art. L. 421-1 et suivants du code des assurances	annexe	208.0			
Contribution additionnelle aux primes ou cotisations d'assurance afférentes aux conventions d'assurance couvrant à titre exclusif ou principal les dommages aux sols, récoltes, cultures, bâtiments, et au cheptel mort ou vif affectés aux exploitations agricoles	6. La consommation	Assurance	Taxe sur la valeur ajoutée	rattachable	oui	consommation de services (assurance)					code général des impôts	1635 bis A	LEGIARTI000051220117	2025-02-16	relevé par le fil, confirmé au dépôt		ifrap			autres	Contribution additionnelle aux primes ou cotisations d'assurance afférentes aux conventions d'assurance couvrant à titre exclusif ou principal les dommages aux sols, récoltes, cultures, bâtiments, et au cheptel mort ou vif affectés aux exploitations agricoles
Majoration de la taxe sur les assurances de protection juridique au profit du Conseil national des barreaux	6. La consommation	Assurance	Taxe sur la valeur ajoutée	rattachable	oui	consommation de services (assurance)									non établi		ifrap			autres	Majoration de la taxe sur les assurances de protection juridique au profit du Conseil national des barreaux
Prélèvement sur le produit des primes ou cotisations additionnelles relatives à la garantie contre le risque de catastrophes naturelles	6. La consommation	Assurance	Taxe sur la valeur ajoutée	rattachable	oui	consommation de services (assurance)					code de l'environnement	L561-3	LEGIARTI000048849379	2023-12-31	relevé par le fil, confirmé au dépôt		ifrap			autres	Prélèvement sur le produit des primes ou cotisations additionnelles relatives à la garantie contre le risque de catastrophes naturelles
Taxe sur les primes d'assurances	6. La consommation	Assurance	Taxe sur la valeur ajoutée	rattachable	oui	consommation de services (assurance)									non établi		ifrap			autres	Taxe sur les primes d'assurances
Prélèvement sur les jeux exploités par la FdJ hors paris sportifs	6. La consommation	Jeux et paris	Taxe sur la valeur ajoutée	rattachable	oui	consommation de services (jeux)	3241.0	3241.0		ANS - Agence nationale du sport	code général des impôts	1609 novovicies al. 1			nommé non porté au dépôt	Art. 1609 novovicies al. 1 du code général des impôts (création) et article L. 112-11-1 du code du sport (affectation)	annexe+ifrap	70.0	1785.0	autres	Prélèvement sur le produit des jeux exploités par la Française des jeux (hors paris sportifs)
Prélèvement sur les paris sportifs en ligne de la FdJ et des nouveaux opérateurs agréés	6. La consommation	Jeux et paris	Taxe sur la valeur ajoutée	rattachable	oui	consommation de services (jeux)	1250.1	1041.7	208.4	ANS - Agence nationale du sport	code général des impôts	1609 tricies	LEGIARTI000048651382	2024-01-01	confirmé	Art. 1609 tricies du code général des impôts (création) art. L112-11-1 (affectation)	annexe+ifrap	69.0	1788.0	autres	Prélèvement sur les paris sportifs
Prélèvement sur le produit brut des jeux dans les casinos	6. La consommation	Jeux et paris	Taxe sur la valeur ajoutée	rattachable	oui	consommation de services (jeux)	1002.6	991.5	11.1	Communes et établissements publics concernés	code général des collectivités territoriales	L2333-55	LEGIARTI000038891385	2020-04-01	confirmé	Art. L. 2333-55 du code général des collectivités territoriales	annexe+ifrap	176.0	1786.0	autres	Prélèvement sur le produit des jeux dans les casinos
Redevances sur les paris hippiques	6. La consommation	Jeux et paris	Taxe sur la valeur ajoutée	rattachable	oui	consommation de services (jeux)	505.3	435.0	70.3	Les sociétés-mères de courses de chevaux	code général des impôts	1609 tertricies	LEGIARTI000041466911	2022-09-01	confirmé	Art. 1609 tertricies du code général des impôts	annexe+ifrap	269.0	1787.0	autres	Redevances perçues pour la surveillance des établissements de jeux, hippodromes et cynodromes
Fraction des Prélèvements sociaux sur les jeux	6. La consommation	Jeux et paris	Taxe sur la valeur ajoutée	rattachable	oui	consommation de services (jeux)	465.0		465.0	ANSP - Agence nationale de santé publique ; CNAF	code de la sécurité sociale	L137-20	LEGIARTI000041466971	2022-01-01	confirmé	Art. L. 137-20 à L. 137-22 du code de la sécurité sociale (création) et L.137-24 du code de la sécurité sociale (affectation) ; Art. L137-24 du code de la sécurité sociale	annexe+ifrap	14.0		autres	Contributions sociales sur les produits des jeux des casinos ; Contribution sur les mises jouées sur les paris sportifs de la Française des jeux et des nouveaux opérateurs
Fraction du Prélèvement sur les mises de jeux de cercle en ligne affectée aux communes dans le ressort territorial desquelles sont ouverts au public un ou plusieurs casinos	6. La consommation	Jeux et paris	Taxe sur la valeur ajoutée	rattachable	oui	consommation de services (jeux)	142.5	125.8	16.7	Communes concernées	code général des impôts	302 bis ZI	LEGIARTI000054373381	2026-07-01	confirmé	Art. 302 bis ZI du code général des impôts	annexe+ifrap	166.0	1789.0	autres	Prélèvement sur les jeux de cercle en ligne
Fraction du Prélèvement sur les paris hippiques affectée aux EPCI et communes sur le territoire desquelles sont ouverts au public un ou plusieurs hippodromes	6. La consommation	Jeux et paris	Taxe sur la valeur ajoutée	rattachable	oui	consommation de services (jeux)	59.2		59.2	EPCI et communes concernées	code général des impôts	302 bis ZG	LEGIARTI000054373392	2026-07-01	confirmé	Art. 302 bis ZG du code général des impôts	annexe+ifrap	219.0		autres	Prélèvement sur le produit brut des paris hippiques
Fraction du prélèvement sur les jeux de loterie correspondant aux jeux dédiés au patrimoine	6. La consommation	Jeux et paris	Taxe sur la valeur ajoutée	rattachable	oui	consommation de services (jeux)	26.5		26.5	Fondation du patrimoine					non établi	Art. 138 de la loi n° 2019-486 du 22 mai 2019 relative à la croissance et la transformation des entreprises (création) et 90 de la loi n° 2017-1775 du 28 décembre 2017 de finances rectificative pour 2017 (affectation)	annexe+ifrap	285.0		autres	Prélèvement sur les jeux de loterie
Impôt sur les spectacles, jeux et divertissements	6. La consommation	Jeux et paris	Taxe sur la valeur ajoutée	rattachable	oui	consommation de services				Communes	code général des impôts	124	LEGIARTI000006307294	1991-12-31	confirmé	Art. 124 à 154 du code général des impôts, annexe IV	annexe+ifrap	157.0		autres	Impôt sur les spectacles, jeux et divertissements
Prélèvement sur le produit brut des jeux dans les casinos en contrepartie d'actions de promotion en faveur du tourisme	6. La consommation	Jeux et paris	Taxe sur la valeur ajoutée	rattachable	oui	consommation de services (jeux)				Communes et établissements publics concernés	code général des collectivités territoriales	L2333-54	LEGIARTI000029736967	2014-11-08	confirmé	Art. L. 2333-54 du code général des collectivités territoriales	annexe+ifrap	309.0		autres	Prélèvement sur le produit des jeux dans les casinos
"Sommes constatées par les clubs de jeux au titre des ""orphelins"""	6. La consommation	Jeux et paris	Taxe sur la valeur ajoutée	rattachable	oui	consommation de services (jeux)									non établi		ifrap			autres	"Sommes constatées par les clubs de jeux au titre des ""orphelins"""
Taxe de séjour, taxe de séjour forfaitaire	6. La consommation	Hébergement et séjour	Taxe sur la valeur ajoutée	rattachable	oui	consommation de services (hébergement)	991.8		991.8	Communes ou EPCI (établissements publics de coopération intercommunale à fiscalité propre) - part communale ; Communes ou EPCI (établissements publics de coopération intercommunale à fiscalité propre) - part intercommunale	code général des collectivités territoriales	L2333-26	LEGIARTI000042913425	2020-12-31	confirmé	Art. L. 2333-26 à L. 2333-46 du code général des collectivités territoriales ; Art. L2333-26 à L2333-46 du code général des collectivités territoriales	annexe+ifrap	183.0		autres	Taxe de séjour, taxe de séjour forfaitaire
Taxe additionnelle départementale à la taxe de séjour	6. La consommation	Hébergement et séjour	Taxe sur la valeur ajoutée	rattachable	oui	consommation de services (hébergement)	244.6		244.6	Départements (part départementale)	code général des collectivités territoriales	L3333-1	LEGIARTI000033816920	2017-01-01	confirmé	Art. L3333-1 du code général des collectivités territoriales	annexe+ifrap	193.0		autres	Taxe additionnelle départementale à la taxe de séjour
Taxe sur les remontées mécaniques	6. La consommation	Hébergement et séjour	Taxe sur la valeur ajoutée	rattachable	oui	consommation de services	85.4		85.4	Communes ou EPCI (établissements publics de coopération intercommunale) à fiscalité propre et Départements - part communale ; Communes ou EPCI (établissements publics de coopération intercommunale) à fiscalité propre et Départements - part départementale ; Communes ou EPCI (établissements publics de coopération intercommunale) à fiscalité propre et Départements - part intercommunale	code général des collectivités territoriales	L2333-49	LEGIARTI000006390664	1996-02-24	confirmé	Art. L. 2333-49 à L. 2333-53 et L. 3333-4 à L. 3333-7 du code général des collectivités territoriales ; Art. L. 2333-49 à L. 2333-53, L. 3333-4 à L. 3333-7 du code général des collectivités territoriales	annexe+ifrap	185.0		autres	Taxe communale sur les remontées mécaniques ; Taxe départementale sur les remontées mécaniques
Taxe additionnelle régionale de 15% à la taxe de séjour IDF	6. La consommation	Hébergement et séjour	Taxe sur la valeur ajoutée	rattachable	oui	consommation de services (hébergement)	20.3		20.3	SGP - Société des grands projets					non établi	Art. L.2531-17 CGCT	annexe+ifrap	267.0		autres	Taxe additionnelle régionale de 15% à la taxe de séjour IDF
Taxe de ski de fond	6. La consommation	Hébergement et séjour	Taxe sur la valeur ajoutée	rattachable	oui	consommation de services	4.1		4.1	Communes ou EPCI (établissements publics de coopération intercommunale à fiscalité propre) - part communale ; Communes ou EPCI (établissements publics de coopération intercommunale à fiscalité propre) - part intercommunale	code général des collectivités territoriales	L2333-81	LEGIARTI000006390719	2006-04-15	confirmé	Art. L. 2333-81 du code général des collectivités territoriales	annexe+ifrap	184.0		autres	Taxe sur le ski de fond
Taxe additionnelle à la taxe de séjour dans les départements de l'Hérault, de l'Aude et des Pyrénées-Orientales	6. La consommation	Hébergement et séjour	Taxe sur la valeur ajoutée	rattachable	oui	consommation de services (hébergement)					code général des collectivités territoriales	L4332-6	LEGIARTI000046872761	2024-01-01	relevé par le fil, confirmé au dépôt		ifrap			autres	Taxe additionnelle à la taxe de séjour dans les départements de l'Hérault, de l'Aude et des Pyrénées-Orientales
Taxe additionnelle à la taxe de séjour dans les départements de la Gironde, des Landes, du Lot-et-Garonne, des Pyrénées-Atlantiques, de la Haute-Garonne, du Gers, des Hautes-Pyrénées, de l'Ariège, du Lot, du Tarn et du Tarn-et-Garonne	6. La consommation	Hébergement et séjour	Taxe sur la valeur ajoutée	rattachable	oui	consommation de services (hébergement)					code général des collectivités territoriales	L4332-5	LEGIARTI000046872764	2024-01-01	relevé par le fil, confirmé au dépôt		ifrap			autres	Taxe additionnelle à la taxe de séjour dans les départements de la Gironde, des Landes, du Lot-et-Garonne, des Pyrénées-Atlantiques, de la Haute-Garonne, du Gers, des Hautes-Pyrénées, de l'Ariège, du Lot, du Tarn et du Tarn-et-Garonne
Droit d'octroi de mer et droit d'octroi de mer régional	6. La consommation	Importations, octroi de mer et outre-mer	Taxe sur la valeur ajoutée	rattachable	oui	consommation de biens	1744.0		1744.0	Collectivités territoriales des DOM					non établi	Loi n° 2004-639 du 2 juillet relative à l'octroi de mer	annexe+ifrap	172.0		autres	Droit d'octroi de mer
Droits d'importation	6. La consommation	Importations, octroi de mer et outre-mer	Taxe sur la valeur ajoutée	rattachable	oui	consommation de biens									non établi		ifrap			autres	Droits d'importation
Droits de place	6. La consommation	Importations, octroi de mer et outre-mer	Taxe sur la valeur ajoutée	rattachable	oui	consommation de services					code général des collectivités territoriales	L2224-18	LEGIARTI000006390388	1996-07-06	relevé par le fil, à contrôler (article du chapitre, non l'article d'institution)		ifrap			autres	Droits de place
Impôt sur la fortune immobilière	7. La propriété et les droits d'usage	Détention immobilière	Taxe foncière	rattachable	oui	assiette foncière	3094.5	3094.5			code général des impôts	964	LEGIARTI000036384999	2018-01-01	relevé par le fil, confirmé au dépôt		ifrap		1406.0	capital	Impôt sur la fortune immobilière
Taxe additionnelle à la taxe foncière sur les propriétés non baties, pour frais de chambres d'agriculture (TCA-TFPNB)	7. La propriété et les droits d'usage	Détention immobilière	Taxe foncière	rattachable	oui	assiette foncière	334.7		334.7	Chambres départementales d'agriculture	code général des impôts	1604	LEGIARTI000053564299	2026-02-21	confirmé	Art. 1604 du code général des impôts	annexe+ifrap	9.0		autres	Taxe additionnelle à la taxe foncière sur les propriétés non bâties, pour frais de chambres d'agriculture (TCATFPNB)
Taxe additionnelle spéciale annuelle (TASA)	7. La propriété et les droits d'usage	Détention immobilière	Taxe foncière	rattachable	oui	assiette foncière					code général des impôts	1599 quater D	LEGIARTI000045016815	2022-01-01	relevé par le fil, confirmé au dépôt		ifrap			autres	Taxe additionnelle spéciale annuelle (TASA)
Taxe foncière sur les propriétés bâties	7. La propriété et les droits d'usage	Détention immobilière	Taxe foncière	grand	oui	taxe foncière					code général des impôts	1380	LEGIARTI000006305965	1979-07-01	relevé par le fil, confirmé au dépôt		ifrap			capital	Taxe foncière sur les propriétés bâties
Taxe foncière sur les propriétés non bâties	7. La propriété et les droits d'usage	Détention immobilière	Taxe foncière	rattachable	oui	assiette foncière					code général des impôts	1393	LEGIARTI000028419445	2015-01-01	relevé par le fil, confirmé au dépôt		ifrap			capital	Taxe foncière sur les propriétés non bâties
Taxe sur la valeur vénale des immeubles	7. La propriété et les droits d'usage	Détention immobilière	Taxe foncière	rattachable	oui	assiette foncière					code général des impôts	990 D	LEGIARTI000018014411	2008-01-01	relevé par le fil, confirmé au dépôt		ifrap			capital	Taxe sur la valeur vénale des immeubles
Taxe annuelle sur les logements vacants	7. La propriété et les droits d'usage	Occupation du logement	Taxe foncière	rattachable	oui	assiette foncière					code général des impôts	232	LEGIARTI000046872468	2023-01-01	relevé par le fil, confirmé au dépôt		ifrap			autres	Taxe annuelle sur les logements vacants
Taxe d'habitation sur les résidences secondaires	7. La propriété et les droits d'usage	Occupation du logement	Taxe foncière	rattachable	oui	assiette foncière					code général des impôts	1407	LEGIARTI000053544986	2026-02-21	relevé par le fil, confirmé au dépôt		ifrap			capital	Taxe d'habitation sur les résidences secondaires
Taxe annuelle sur les locaux à usage de bureaux, les locaux commerciaux, les locaux de stockage et les surfaces de stationnement annexées à ces catégories de locaux perçue dans la région Ile-de-France	7. La propriété et les droits d'usage	Locaux d'activité	Taxe foncière	rattachable	oui	assiette foncière	1034.2	28.4	1005.8	FNAL - Fonds national d'aide au logement ; Région Ile-de-France ; SGP - Société des grands projets	code général des impôts	231 ter	LEGIARTI000054713030	2026-08-20	confirmé	Art. 231 ter du code général des impôts (affectation partielle art. L. 4414-7 du code général des collectivités territoriales) ; Art. 231 ter du code général des impôts (création) et 36 XI de la loi n° 2016-1917 du 29 décembre 2016 de finances pour 2017 (affectation)	annexe+ifrap	21.0	1407.0	autres	Taxe annuelle sur les locaux à usage de bureaux, les locaux commerciaux, les locaux de stockage et les surfaces de stationnement en IdF
TA-CFE - fraction CCI-R de la Taxe additionnelle à la cotisation foncière des entreprises pour frais de chambres de commerce et d’industrie de région	7. La propriété et les droits d'usage	Locaux d'activité	Taxe foncière	rattachable	oui	assiette foncière (valeur locative)	280.7		280.7	CCI France					non établi	Art. 1600 (I et II) du code général des impôts	annexe+ifrap	42.0		autres	Taxe additionnelle à la CFE pour frais de chambres de commerce et d'industrie de région
TA-CFE - fraction CRMA de la Taxe additionnelle à la cotisation foncière des entreprises pour frais de chambre régionale de métiers et d'artisanat	7. La propriété et les droits d'usage	Locaux d'activité	Taxe foncière	rattachable	oui	assiette foncière (valeur locative)	264.5		264.5	CRMA (incl. Alsace et Moselle)	code général des impôts	1601	LEGIARTI000051217384	2025-02-16	confirmé	Article 1601 du code général des impôts et article 3 de la loi n° 48-977 du 16 juin 1948 relative à la taxe pour frais de chambre de métiers applicable dans les départements du Bas-Rhin, du Haut-Rhin et de la Moselle	annexe+ifrap	40.0		autres	Taxe additionnelle à la CFE pour frais de CRMA
Taxe sur les surfaces commerciales	7. La propriété et les droits d'usage	Locaux d'activité	Taxe foncière	rattachable	oui	assiette foncière (surfaces)	240.6	240.6							non établi		ifrap		1416.0	capital	Taxe sur les surfaces commerciales
Redevance pour création de bureaux ou de locaux de recherche en région Ile-de-France	7. La propriété et les droits d'usage	Locaux d'activité	Taxe foncière	rattachable	oui	assiette foncière	161.1		161.1	Région Ile-de-France					non établi	Art. L.520-1 à L.520-11 du code de l'urbanisme	annexe+ifrap	237.0		autres	Taxe sur la construction, la reconstruction ou l'agrandissement des locaux à usage de bureaux, des locaux commerciaux et des locaux de stockage en IdF
Taxe sur les surfaces de stationnement	7. La propriété et les droits d'usage	Locaux d'activité	Taxe foncière	rattachable	oui	assiette foncière	84.5		84.5	Région Ile-de-France ; SGP - Société des grands projets	code général des impôts	1599 quater C	LEGIARTI000054373125	2026-07-01	confirmé	Art. 1599 Quater C du code général des impôts ; Art. 1599 quater C du code général des impôts	annexe+ifrap	266.0		autres	Taxe annuelle sur les surfaces de stationnement perçue dans les limites territoriales de la région d'Île-de-France
Taxes sur les friches commerciales	7. La propriété et les droits d'usage	Locaux d'activité	Taxe foncière	rattachable	oui	assiette foncière	9.3		9.3	Communes ou EPCI (établissements publics de coopération intercommunale à fiscalité propre) - part communale	code général des impôts	1530	LEGIARTI000053544724	2026-02-21	confirmé	Art. 1530 du code général des impôts	annexe+ifrap	188.0		autres	Taxes sur les friches commerciales
CFE	7. La propriété et les droits d'usage	Locaux d'activité	Taxe foncière	rattachable	oui	assiette foncière (valeur locative)	1.0	1.0			code général des impôts	1447	LEGIARTI000053544997	2026-02-21	relevé par le fil, confirmé au dépôt		ifrap		1498.0	capital	CFE
Participation pour non-réalisation d'aires de stationnement	7. La propriété et les droits d'usage	Locaux d'activité	Taxe foncière	rattachable	oui	assiette foncière									non établi		ifrap			autres	Participation pour non-réalisation d'aires de stationnement
Taxe additionnelle à la TASCOM	7. La propriété et les droits d'usage	Locaux d'activité	Taxe foncière	rattachable	oui	assiette foncière (surfaces)					code général des impôts	302 bis ZA	LEGIARTI000051217139	2025-02-16	relevé par le fil, confirmé au dépôt		ifrap			autres	Taxe additionnelle à la TASCOM
Taxe annuelle sur les locaux à usage de bureaux, les locaux commerciaux, les locaux de stockage et les surfaces de stationnement perçue dans les départements des Bouches-du-Rhône, du Var et des Alpes-Maritimes	7. La propriété et les droits d'usage	Locaux d'activité	Taxe foncière	rattachable	oui	assiette foncière					code général des impôts	231 quater	LEGIARTI000054374077	2026-07-01	relevé par le fil, confirmé au dépôt		ifrap			autres	Taxe annuelle sur les locaux à usage de bureaux, les locaux commerciaux, les locaux de stockage et les surfaces de stationnement perçue dans les départements des Bouches-du-Rhône, du Var et des Alpes-Maritimes
Taxe pour frais de chambre de métiers (CMA)	7. La propriété et les droits d'usage	Locaux d'activité	Taxe foncière	rattachable	oui	assiette foncière (valeur locative)					code général des impôts	1601	LEGIARTI000051217384	2025-02-16	relevé par le fil, confirmé au dépôt		ifrap			autres	Taxe pour frais de chambre de métiers (CMA)
Taxe pour frais de chambre de métiers d'Alsace	7. La propriété et les droits d'usage	Locaux d'activité	Taxe foncière	rattachable	oui	assiette foncière (valeur locative)									non établi		ifrap			autres	Taxe pour frais de chambre de métiers d'Alsace
Taxe pour frais de chambre de métiers de Moselle	7. La propriété et les droits d'usage	Locaux d'activité	Taxe foncière	rattachable	oui	assiette foncière (valeur locative)									non établi		ifrap			autres	Taxe pour frais de chambre de métiers de Moselle
Taxe pour les chambres de commerce et d'industrie (TCCI)	7. La propriété et les droits d'usage	Locaux d'activité	Taxe foncière	rattachable	oui	assiette foncière (valeur locative)					code général des impôts	1600	LEGIARTI000053562172	2026-03-01	relevé par le fil, confirmé au dépôt		ifrap			autres	Taxe pour les chambres de commerce et d'industrie (TCCI)
Taxe sur le patrimoine financier	7. La propriété et les droits d'usage	Détention de patrimoine mobilier	Taxe foncière	rattachable	oui	capital	1000.0	1000.0		Budget général de l'État					non établi		état A		1439.0		
Taxe forfaitaire sur les métaux précieux, les bijoux, les objets d'art, de collection et d'antiquité	7. La propriété et les droits d'usage	Détention de patrimoine mobilier	Taxe foncière	rattachable	oui	plus-value	148.5	148.5			code général des impôts	150 VI	LEGIARTI000043140066	2020-11-27	relevé par le fil, confirmé au dépôt		ifrap		1413.0	autres	Taxe forfaitaire sur les métaux précieux, les bijoux, les objets d'art, de collection et d'antiquité
Prélèvement sur les contrats d'assurance-vie en deshérence; 'Prélèvement sur les contrats participation et intéressement en déshérence	7. La propriété et les droits d'usage	Détention de patrimoine mobilier	Taxe foncière	rattachable	oui	capital	36.1		36.1	CNAV	code du travail	18			nommé non porté au dépôt	Art. L. 1126-1 5° du CGPPP, complété par l'art. 18 de la LFSS 2007 ; 'Livre III de la partie III du Code du travail	annexe+ifrap	143.0		autres	Prélèvement sur les contrats d'assurance-vie en déshérence · Prélèvement sur les contrats participation et intéressement en déshérence
Prélèvement sur les biens, droits et produits placés dans un trust	7. La propriété et les droits d'usage	Détention de patrimoine mobilier	Taxe foncière	rattachable	oui	capital					code général des impôts	990 J	LEGIARTI000036428777	2018-01-01	relevé par le fil, confirmé au dépôt		ifrap			autres	Prélèvement sur les biens, droits et produits placés dans un trust
Taxe holding	7. La propriété et les droits d'usage	Détention de patrimoine mobilier	Taxe foncière	rattachable	oui	capital					code général des impôts	235 ter C	LEGIARTI000053542687	2026-02-21	relevé par le fil, confirmé au dépôt		ifrap			autres	Taxe holding
Droits de mutation à titre gratuit par décès	7. La propriété et les droits d'usage	Mutations et transmissions	Taxe foncière	rattachable	oui	mutation	16995.3	16995.3			code général des impôts	750 ter	LEGIARTI000024453202	2011-07-31	relevé par le fil, confirmé au dépôt		ifrap		1706.0	capital	Droits de mutation à titre gratuit par décès
Taxe départementale de publicité foncière sur les mutations à titres onéreux	7. La propriété et les droits d'usage	Mutations et transmissions	Taxe foncière	rattachable	oui	mutation	14204.9	617.3	13587.6	Départements (part départementale)	code général des impôts	1594 A	LEGIARTI000006312191	1999-03-31	confirmé	Art. 1594 A du code général des impôts	annexe+ifrap	197.0	1713.0	autres ; capital	Taxe de publicité foncière ; Droits de mutation à titre onéreux d'immeubles et droits immobiliers
Droits de mutation à titre gratuit entre vifs (donations)	7. La propriété et les droits d'usage	Mutations et transmissions	Taxe foncière	rattachable	oui	mutation	4423.0	4423.0			code général des impôts	777	LEGIARTI000030061736	2014-12-30	relevé par le fil, confirmé au dépôt		ifrap		1705.0	capital	Droits de mutation à titre gratuit entre vifs (donations)
Taxe communale additionnelle à certains droits d'enregistrement	7. La propriété et les droits d'usage	Mutations et transmissions	Taxe foncière	rattachable	oui	mutation	3589.4		3589.4	Communes de plus de 5.000 hbts	code général des impôts	1584	LEGIARTI000044073354	2022-01-01	confirmé	Art. 1584 du code général des impôts	annexe+ifrap	174.0		autres	Taxe communale additionnelle à certains droits d'enregistrement
Droits départementaux d'enregistrement sur les mutations à titre onéreux d'immeubles	7. La propriété et les droits d'usage	Mutations et transmissions	Taxe foncière	rattachable	oui	mutation	558.4	75.3	483.1	Départements (part départementale)	code général des impôts	1594 A	LEGIARTI000006312191	1999-03-31	confirmé	Art 1594 A du code général des impôts	annexe+ifrap	192.0	1704.0	capital	Droits de mutation à titre onéreux d'immeubles et droits immobiliers
Prélèvement sur les sommes versées par les organismes d'assurances et assimilés à raison des contrats d'assurance en cas de décès	7. La propriété et les droits d'usage	Mutations et transmissions	Taxe foncière	rattachable	oui	mutation	478.3	478.3			code général des impôts	990 I	LEGIARTI000047288653	2023-03-11	relevé par le fil, confirmé au dépôt		ifrap		1714.0	autres	Prélèvement sur les sommes versées par les organismes d'assurances et assimilés à raison des contrats d'assurance en cas de décès
Droits de mutation à titre onéreux de créances, rentes, prix d'offices	7. La propriété et les droits d'usage	Mutations et transmissions	Taxe foncière	rattachable	oui	mutation	471.3	471.3			code général des impôts	724	LEGIARTI000006310763	1990-06-15	relevé par le fil, confirmé au dépôt		ifrap		1701.0	capital	Droits de mutation à titre onéreux de créances, rentes, prix d'offices
Droits de mutation à titre onéreux de fonds de commerce	7. La propriété et les droits d'usage	Mutations et transmissions	Taxe foncière	rattachable	oui	mutation	241.2	241.2			code général des impôts	719	LEGIARTI000019291809	2008-08-06	relevé par le fil, confirmé au dépôt		ifrap		1702.0	capital	Droits de mutation à titre onéreux de fonds de commerce
Taxe départementale additionnelle à certains droits d'enregistrement	7. La propriété et les droits d'usage	Mutations et transmissions	Taxe foncière	rattachable	oui	mutation	214.7		214.7	Départements (part départementale)	code général des impôts	1595	LEGIARTI000006312235	2002-03-31	confirmé	Art. 1595 du code général des impôts	annexe+ifrap	198.0		autres	Taxe départementale additionnelle à certains droits d'enregistrement
Droits de mutation à titre onéreux de meubles corporels	7. La propriété et les droits d'usage	Mutations et transmissions	Taxe foncière	rattachable	oui	mutation	0.2	0.2			code général des impôts	733	LEGIARTI000041466155	2020-01-01	relevé par le fil, confirmé au dépôt		ifrap		1703.0	capital	Droits de mutation à titre onéreux de meubles corporels
Droits d'enregistrement	7. La propriété et les droits d'usage	Mutations et transmissions	Taxe foncière	rattachable	oui	mutation					code général des impôts	635	LEGIARTI000042911346	2021-01-01	relevé par le fil, confirmé au dépôt		ifrap			autres	Droits d'enregistrement
Droits d'enregistrement sur les mutations de jouissance (baux d'immeubles et commerciaux à durée limitée)	7. La propriété et les droits d'usage	Mutations et transmissions	Taxe foncière	rattachable	oui	mutation					code général des impôts	742	LEGIARTI000021642410	2011-01-01	relevé par le fil, confirmé au dépôt		ifrap			autres	Droits d'enregistrement sur les mutations de jouissance (baux d'immeubles et commerciaux à durée limitée)
Taxe additionnelle au droit de bail	7. La propriété et les droits d'usage	Mutations et transmissions	Taxe foncière	rattachable	oui	revenus des ménages									non établi		ifrap			autres	Taxe additionnelle au droit de bail
Taxe additionnelle aux droits de mutation de locaux à usage de bureaux en IdF	7. La propriété et les droits d'usage	Mutations et transmissions	Taxe foncière	rattachable	oui	mutation					code général des impôts	1599 sexies	LEGIARTI000031816425	2016-01-01	relevé par le fil, confirmé au dépôt		ifrap			autres	Taxe additionnelle aux droits de mutation de locaux à usage de bureaux en IdF
Timbre unique	7. La propriété et les droits d'usage	Timbre et formalités administratives	Taxe foncière	non rattachable	oui	droit de timbre sur acte administratif	567.0	567.0							non établi		ifrap		1721.0	autres	Timbre unique
Fraction des droits de timbre sur les passeports sécurisés	7. La propriété et les droits d'usage	Timbre et formalités administratives	Taxe foncière	non rattachable	oui	droit de timbre sur acte administratif	392.7		392.7	ANTS - Agence nationale des titres sécurisés					non établi	3° de l'art. 46-1 de la loi n° 2011-1977 du 28 décembre 2011 de finances pour 2012	annexe+ifrap	54.0		autres	Fraction des droits de timbre sur les passeports sécurisés
Droit de timbre sur les procédures civiles en première instance et prud’hommales	7. La propriété et les droits d'usage	Timbre et formalités administratives	Taxe foncière	non rattachable	oui	droit de timbre sur acte juridictionnel	45.0		45.0	UNCARPA - Union nationale des caisses des règlements pécuniaires des avocats	code général des impôts	1635 bis Q	LEGIARTI000054373093	2026-07-01	confirmé	Art. 1635 bis Q du code général des impôts tel que modifié par l’article XXX de la loi n° XXX du XXX de finances pour 2026	annexe+ifrap	307.0		autres	Droit de timbre sur les procédures civiles en première instance et prud'homales
Fraction des droits de timbre sur les cartes nationales d'identité	7. La propriété et les droits d'usage	Timbre et formalités administratives	Taxe foncière	non rattachable	oui	droit de timbre sur acte administratif	25.2		25.2	ANTS - Agence nationale des titres sécurisés					non établi	5° de l'art. 46-1 de la loi n° 2011-1977 du 28 décembre 2011 de finances pour 2012	annexe+ifrap	55.0		autres	Fraction des droits de timbre sur les cartes nationales d'identité
Fraction des droits de timbre relative aux titres de séjours	7. La propriété et les droits d'usage	Timbre et formalités administratives	Taxe foncière	non rattachable	oui	droit de timbre sur acte administratif	21.1		21.1	ANTS - Agence nationale des titres sécurisés	code général des impôts	953 al. IV			nommé non porté au dépôt	Art. 953 al. IV et V du code général des impôts et L. 436-1 du code de l'entrée et du séjour des étrangers et du droit d'asile	annexe+ifrap	51.0		autres	Taxe sur les Titres de séjour et de voyage électroniques
Taxe sur le renouvellement et l'échange du permis de conduire (TREPC)	7. La propriété et les droits d'usage	Timbre et formalités administratives	Taxe foncière	non rattachable	oui	droit sur acte administratif	15.0		15.0	ANTS - Agence nationale des titres sécurisés	code des impositions sur les biens et services	L421-168	LEGIARTI000053547076	2026-05-01	confirmé	Art. L. 421-168 du code des impositions sur les biens et services (création) et art. 46-1, 2° de la loi n° 2011-1977 du 28 décembre 2011 de finances pour 2012	annexe+ifrap	53.0		autres	Taxe sur le renouvellement du permis de conduire
Taxe sur le visa d'exploitation cinématographique	7. La propriété et les droits d'usage	Timbre et formalités administratives	Taxe foncière	non rattachable	oui	droit sur acte administratif	0.1		0.1	CNC - Centre national du cinéma et de l'image animée	code des impositions sur les biens et services	L455-1	LEGIARTI000048626479	2024-01-01	confirmé	Art. L. 455-1 du code des impositions sur les biens et services (création) et L. 116-1, 7° du code du cinéma et de l’image animée (affectation)	annexe+ifrap	304.0		autres	Taxe sur le visa d'exploitation cinématographique
Actes et écrits assujettis au timbre de dimension	7. La propriété et les droits d'usage	Timbre et formalités administratives	Taxe foncière	non rattachable	oui	droit de timbre sur acte administratif	0.0	0.0							non établi		ifrap		1723.0	autres	Actes et écrits assujettis au timbre de dimension
Taxe sur les permis de conduire	7. La propriété et les droits d'usage	Timbre et formalités administratives	Taxe foncière	non rattachable	oui	droit sur acte administratif	0.0		0.0	Régions	code général des impôts	1599 terdecies			nommé non porté au dépôt	Art. 1599 terdecies du code général des impôts	annexe+ifrap	213.0		autres	Droit de timbre pour la délivrance du permis de conduire en cas de perte ou de vol
Droit de timbre sur les demandes de naturalisation, les demandes de réintégration dans la nationalité française et les déclarations d'acquisition de la nationalité	7. La propriété et les droits d'usage	Timbre et formalités administratives	Taxe foncière	non rattachable	oui	droit de timbre sur acte administratif					code général des impôts	958	LEGIARTI000053547082	2026-05-01	relevé par le fil, confirmé au dépôt		ifrap			autres	Droit de timbre sur les demandes de naturalisation, les demandes de réintégration dans la nationalité française et les déclarations d'acquisition de la nationalité
Droit de timbre sur les visas de passeports étrangers	7. La propriété et les droits d'usage	Timbre et formalités administratives	Taxe foncière	non rattachable	oui	droit de timbre sur acte administratif					code général des impôts	954	LEGIARTI000006311185	2002-03-31	relevé par le fil, confirmé au dépôt		ifrap			autres	Droit de timbre sur les visas de passeports étrangers
Redevance pour examen du code de la route	7. La propriété et les droits d'usage	Timbre et formalités administratives	Taxe foncière	non rattachable	à qualifier (contrepartie invoquée)	redevance pour service rendu									non établi		ifrap			autres	Redevance pour examen du code de la route
Taxe applicable aux demandes de validation d'une attestation d'accueil	7. La propriété et les droits d'usage	Timbre et formalités administratives	Taxe foncière	non rattachable	oui	droit sur acte administratif									non établi		ifrap			autres	Taxe applicable aux demandes de validation d'une attestation d'accueil
Taxe d'ouverture de caveau	7. La propriété et les droits d'usage	Timbre et formalités administratives	Taxe foncière	non rattachable	à qualifier (contrepartie invoquée)	redevance pour service rendu					cgct	L2223-22-2			relevé par le fil, non confirmé		ifrap			autres	Taxe d'ouverture de caveau
Taxe sur le permis de conduire des bateaux de plaisance à moteur	7. La propriété et les droits d'usage	Timbre et formalités administratives	Taxe foncière	non rattachable	oui	droit sur acte administratif					code des impositions sur les biens et services	L423-38	LEGIARTI000044602523	2022-01-01	relevé par le fil, confirmé au dépôt		ifrap			autres	Taxe sur le permis de conduire des bateaux de plaisance à moteur
Taxe sur les demandes de visa ou de renouvellement de visa de publicité et sur les dépôts de publicité pharmaceutiques	7. La propriété et les droits d'usage	Timbre et formalités administratives	Taxe foncière	non rattachable	à qualifier (contrepartie invoquée)	redevance pour service rendu									non établi		ifrap			autres	Taxe sur les demandes de visa ou de renouvellement de visa de publicité et sur les dépôts de publicité pharmaceutiques
taxe de réduction et réunion de corps	7. La propriété et les droits d'usage	Timbre et formalités administratives	Taxe foncière	non rattachable	à qualifier (contrepartie invoquée)	redevance pour service rendu					cgct	L2223-22-1			relevé par le fil, non confirmé		ifrap			autres	taxe de réduction et réunion de corps
taxe de superposition des corps	7. La propriété et les droits d'usage	Timbre et formalités administratives	Taxe foncière	non rattachable	à qualifier (contrepartie invoquée)	redevance pour service rendu					cgct	L2223-22-1			relevé par le fil, non confirmé		ifrap			autres	taxe de superposition des corps
Droits sur les conventions et actes civils	7. La propriété et les droits d'usage	Actes juridiques et professions réglementées	Taxe foncière	non rattachable	oui	droit sur acte	586.1	586.1			code général des impôts	680	LEGIARTI000027729145	2013-08-19	relevé par le fil, confirmé au dépôt		ifrap		1711.0	autres	Droits sur les conventions et actes civils
Redevances perçues à l'occasion des procédures et formalités en matière de propriété industrielle ainsi que de registre du commerce et des sociétés, établies par divers textes	7. La propriété et les droits d'usage	Actes juridiques et professions réglementées	Taxe foncière	non rattachable	à qualifier (contrepartie invoquée)	redevance pour service rendu	186.9		186.9	INPI - Institut national de la propriété industrielle					non établi	Art. L. 411-2 1er alinéa du code de la propriété intellectuelle	annexe+ifrap	231.0		autres	Redevances perçues à l'occasion des procédures et formalités en matière de propriété industrielle ainsi que de registre du commerce et des sociétés, établies par divers textes ; Redevances perçues par l'INPI
Contribution équivalente aux droits de plaidoirie	7. La propriété et les droits d'usage	Actes juridiques et professions réglementées	Taxe foncière	non rattachable	oui	droit sur profession réglementée	123.5		123.5	CNBF - Caisse nationale des barreaux français	code de la sécurité sociale	L723-3			nommé non porté au dépôt	Art. L. 723-3 du Code de la sécurité sociale	annexe+ifrap	98.0		autres	Contribution équivalente aux droits de plaidoirie
Droit affecté au fonds d’indemnisation de la profession d’avoués près les cours d’appel	7. La propriété et les droits d'usage	Actes juridiques et professions réglementées	Taxe foncière	non rattachable	oui	droit sur profession réglementée	24.9		24.9	Fonds d'indemnisation de la profession d'avoués près les cours d'appel	code général des impôts	1635 bis P	LEGIARTI000033815210	2018-01-01	confirmé	Art. 1635 bis P du code général des impôts	annexe+ifrap	225.0		autres	Droit affecté au fonds d'indemnisation de la profession d'avoués auprès des cours d'appel
Droits de plaidoirie	7. La propriété et les droits d'usage	Actes juridiques et professions réglementées	Taxe foncière	non rattachable	oui	droit sur profession réglementée	5.2		5.2	CNBF - Caisse nationale des barreaux français	code de la sécurité sociale	L723-3			nommé non porté au dépôt	Art. L. 723-3 du code de la sécurité sociale	annexe+ifrap	148.0		autres	Droits de plaidoirie
Droits sur les actes judiciaires et extrajudiciaires	7. La propriété et les droits d'usage	Actes juridiques et professions réglementées	Taxe foncière	non rattachable	oui	droit sur acte									non établi		ifrap			autres	Droits sur les actes judiciaires et extrajudiciaires
Frais d'inscription au registre des exploitants de voitures de transport avec chauffeur	7. La propriété et les droits d'usage	Actes juridiques et professions réglementées	Taxe foncière	non rattachable	à qualifier (contrepartie invoquée)	redevance pour service rendu					code des transports	L3122-3	LEGIARTI000054336017	2026-06-27	relevé par le fil, confirmé au dépôt		ifrap			autres	Frais d'inscription au registre des exploitants de voitures de transport avec chauffeur
Taxe sur les émoluments	7. La propriété et les droits d'usage	Actes juridiques et professions réglementées	Taxe foncière	non rattachable	oui	droit sur profession réglementée									non établi		ifrap			autres	Taxe sur les émoluments
Taxe d’aménagement	7. La propriété et les droits d'usage	Urbanisme et aménagement	Taxe foncière	rattachable	oui	assiette foncière	1459.7		1459.7	Communes ou Groupements de communes (parts communale et intercommunale) ; Départements (part départementale) ; Région Ile-de-France					non établi	Art L. 331-1 à L. 331-17 du code de l’urbanisme ; Art. L. 331-4 du code de l’urbanisme ; Art. L.331-3 du code de l’urbanisme	annexe+ifrap	182.0		capital	Taxe d'aménagement
Taxes spéciales d'équipement	7. La propriété et les droits d'usage	Urbanisme et aménagement	Taxe foncière	rattachable	oui	assiette foncière	453.0		453.0	"Agence pour la mise en valeur des espaces urbains de la zone dite des "" 50 pas géométriques "" en Guadeloupe ; Agence pour la mise en valeur des espaces urbains de la zone dite des "" 50 pas géométriques "" en Martinique ; Etablissement public d'aménagement en Guyane ; Etablissement public et foncier de Guadeloupe ; Etablissement public foncier d'Occitanie ; Etablissement public foncier de Bretagne ; Etablissement public foncier de Grand-Est ; Etablissement public foncier de Mayotte ; Etablissement public foncier de Normandie ; Etablissement public foncier de Nouvelle-Aquitaine ; Etablissement public foncier de Provence-Alpes-Côte d'Azur ; Etablissement public foncier de Vendée ; Etablissement public foncier de l'Ouest Rhône-Alpes ; Etablissement public foncier de la région Ile-de-France ; Etablissement public foncier des Hauts de France ; Etablissement public foncier local Alsace (ex du Bas Rhin) ; Etablissement public foncier local Béarn - Pyrénées ; Etablissement public foncier local d'Agen ; Etablissement public foncier local de Loire Atlantique ; Etablissement public foncier local de Martinique ; Etablissement public foncier local de Montauban ; Etablissement public foncier local de Perpignan-Méditerranée ; Etablissement public foncier local de l'Ain ; Etablissement public foncier local de la Réunion ; Etablissement public foncier local de la Savoie ; Etablissement public foncier local des collectivités de Côte-d'Or ; Etablissement public foncier local du Dauphiné ; Etablissement public foncier local du Doubs ; Etablissement public foncier local du Grand Toulouse ; Etablissement public foncier local du Pays basque ; Etablissement public foncier local du département de l'Oise ; Etablissement public foncier local du département de la Haute-Savoie ; Office foncier de Corse ; Établissement public foncier SMAF Auvergne ; Établissement public foncier local Cœur de France ; Établissement public foncier local Tours Métropole Val de Loire ; Établissement public foncier local du Tarn"	code général des impôts	1607 bis	LEGIARTI000051219439	2025-02-16	confirmé	Art. 1607 bis du code général des impôts et L. 324-1 du code de l'urbanisme ; Art. 1607 bis,1607 Ter, 1608, 1609, 1609 B, 1609C, 1609D, 1609 F du CGI et art. L321-1 et L324-1 du Code de l'urbanisme ; Art. 1607 bis,1607 Ter, 1608, 1609, 1609 B, 1609C, 1609D, 1609 F du code général des impôts et art. L321-1 et L324-1 du code de l'urbanisme ; Art. 1607 ter du code général des impôts et L. 321-1 du code de l'urbanisme ; Art. 1609 B du code général des impôts ; Art. 1609 C du code général des impôts ; Art. 1609 D du code général des impôts ; Article 1609 B du code général des impôts	annexe+ifrap	20.0		autres	Taxe spéciale d'équipement au profit de l'EPA de Guyane ; Taxe spéciale d'équipement au profit de l'EPF de Lorraine ; Taxe spéciale d'équipement au profit de l'EPF de Normandie ; Taxe spéciale d'équipement au profit de l'EPF de PACA ; Taxes spéciales d'équipement 50 pas géométrique Guadeloupe ; Taxes spéciales d'équipement 50 pas géométrique Martinique
Taxe sur la publicité extérieure (TPE)	7. La propriété et les droits d'usage	Urbanisme et aménagement	Taxe foncière	rattachable	oui	assiette foncière	259.5		259.5	Communes	code des impositions sur les biens et services	L454-39	LEGIARTI000048626375	2024-01-01	confirmé	Art. L. 454-39 du code des impositions sur les biens et services (création) et art. L. 2333-6 code général des collectivités territoriales (affectation)	annexe+ifrap	165.0		autres	Taxe locale sur la publicité extérieure
Taxe spéciale d'équipement au profit de l'établissement public Société des grands projets	7. La propriété et les droits d'usage	Urbanisme et aménagement	Taxe foncière	rattachable	oui	assiette foncière	67.1		67.1	SGP - Société des grands projets	code général des impôts	1609 G	LEGIARTI000051219412	2025-02-16	confirmé	Art. 1609 G du code général des impôts	annexe+ifrap	84.0		autres	Taxe spéciale d'équipement au profit de l'établissement public Société du Grand Paris ; Taxe spéciale complémentaire à la taxe spéciale d'équipement destinée au financement du GPSO ; Taxe spéciale d'équipement affectée à la SGPSO
Indemnité de défrichement	7. La propriété et les droits d'usage	Urbanisme et aménagement	Taxe foncière	rattachable	oui	assiette foncière	2.0		2.0	ASP - Agence de services et de paiement					non établi	Art. L. 341-6 du code forestier	annexe+ifrap	11.0		autres	Indemnité de défrichement
Taxe pour non-raccordement à l'égout - Participation pour le financement de l'assainissement collectif (PAC)	7. La propriété et les droits d'usage	Urbanisme et aménagement	Taxe foncière	rattachable	oui	assiette foncière	0.7		0.7	Communes	code de la santé publique	L1331-7	LEGIARTI000033360845	2016-11-10	confirmé	Art. L.1331-7 du code de la santé publique	annexe+ifrap	163.0		autres	Participation pour le financement de l'assainissement collectif (PAC)
Taxe d'archéologie préventive	7. La propriété et les droits d'usage	Urbanisme et aménagement	Taxe foncière	rattachable	oui	assiette foncière					code général des impôts	235 ter ZG	LEGIARTI000048834039	2024-01-01	relevé par le fil, confirmé au dépôt		ifrap			autres	Taxe d'archéologie préventive
Taxe gestion des milieux aquatiques et prévention des inondations (GEMAPI)	7. La propriété et les droits d'usage	Urbanisme et aménagement	Taxe foncière	rattachable	oui	assiette foncière					code général des impôts	1530 bis	LEGIARTI000051219443	2025-02-16	relevé par le fil, confirmé au dépôt		ifrap			autres	Taxe gestion des milieux aquatiques et prévention des inondations (GEMAPI)
Versement pour sous-densité	7. La propriété et les droits d'usage	Urbanisme et aménagement	Taxe foncière	rattachable	oui	assiette foncière				Communes ou EPCI (établissements publics de coopération intercommunale) à fiscalité propre et Départements					non établi	Art. 28 de la LFR-IV 2010 et art. L.331-35 et suiv. du code de l'urbanisme	annexe	189.0			
Taxes d'enlèvement des ordures ménagères	7. La propriété et les droits d'usage	Services urbains	Taxe foncière	rattachable	oui	assiette foncière	5859.3		5859.3	Communes ou EPCI (établissements publics de coopération intercommunale à fiscalité propre) - part communale ; Communes ou EPCI (établissements publics de coopération intercommunale à fiscalité propre) - part intercommunale	code général des impôts	1520	LEGIARTI000037986339	2018-12-31	confirmé	Art. 1520 à 1526 du code général des impôts	annexe+ifrap	186.0		autres	Taxes d'enlèvement des ordures ménagères
Taxe de balayage	7. La propriété et les droits d'usage	Services urbains	Taxe foncière	rattachable	oui	assiette foncière	111.6		111.6	Communes					non établi	Art. 2333-97 code général des collectivités territoriales	annexe+ifrap	159.0		autres	Taxe de balayage
Rémunération pour services rendus au comité professionnel des stocks stratégiques pétroliers	7. La propriété et les droits d'usage	Domaine public, spectre et concessions	Taxe foncière	non rattachable	à qualifier (contrepartie invoquée)	rémunération pour service rendu	591.0		591.0	Comité professionnel des stocks stratégiques pétroliers	code de l'énergie	L642-6	LEGIARTI000042623950	2020-12-05	confirmé	Art. L642-6 du code de l'énergie	annexe+ifrap	167.0		autres	Redevances pour le comité professionnel des stocks stratégiques pétroliers
Redevance hydraulique	7. La propriété et les droits d'usage	Domaine public, spectre et concessions	Taxe foncière	non rattachable	à qualifier (contrepartie invoquée)	redevance domaniale	150.8		150.8	VNF - Voies navigables de France					non établi	Art. L. 4316-1 1° et R. 4316-1 du code des transports	annexe+ifrap	268.0		autres	Redevance de prise et de rejet d'eau
Redevance proportionnelle sur l'énergie hydraulique	7. La propriété et les droits d'usage	Domaine public, spectre et concessions	Taxe foncière	non rattachable	à qualifier (contrepartie invoquée)	redevance domaniale	37.7		37.7	Communes et départements (part communale) ; Communes et départements (part départementale)	code de l'énergie	L523-1			nommé non porté au dépôt	Art. L. 523-1 à L. 523-3 code de l'énergie	annexe+ifrap	177.0		autres	Redevance proportionnelle sur les recettes des concessions hydroélectriques
Redevances UMTS 2G et 3G	7. La propriété et les droits d'usage	Domaine public, spectre et concessions	Taxe foncière	non rattachable	à qualifier (contrepartie invoquée)	redevance domaniale	35.3		35.3	CNAV	code de la sécurité sociale	L241-3	LEGIARTI000051289018	2026-01-01	confirmé	Art. L. 241-3 du code de la sécurité sociale	annexe+ifrap	144.0		autres	Redevances UMTS 2G et 3G
Taxes sur les stations et liaisons radioélectriques privées	7. La propriété et les droits d'usage	Domaine public, spectre et concessions	Taxe foncière	non rattachable	à qualifier (contrepartie invoquée)	redevance domaniale (spectre)	23.6	23.6							non établi		ifrap		1782.0	autres	Taxes sur les stations et liaisons radioélectriques privées
Redevance due par les titulaires de titres d'exploitation de mines d'hydrocarbures liquides ou gazeux	7. La propriété et les droits d'usage	Domaine public, spectre et concessions	Taxe foncière	non rattachable	à qualifier (contrepartie invoquée)	redevance domaniale	11.0		11.0	Caisse autonome de sécurité sociale dans les mines ; Régions					non établi	Art. L. 132-16 du code minier	annexe+ifrap	140.0		autres	Redevance due par les titulaires de titres d'exploitation de mines d'hydrocarbures liquides ou gazeuses
Taxe sur l'utilisation des bandes « 700 MHz » et « 800 MHz » du spectre radioélectrique	7. La propriété et les droits d'usage	Domaine public, spectre et concessions	Taxe foncière	non rattachable	à qualifier (contrepartie invoquée)	redevance domaniale (spectre)	0.4		0.4	ANFr - Agence nationale des fréquences	code des impositions sur les biens et services	L455-44	LEGIARTI000048626575	2024-01-01	confirmé	Art. L. 455-44 du code des impositions sur les biens et services (création) L.43, V du code des postes et des communications électroniques (affectation)	annexe+ifrap	313.0		autres	Taxe sur l'utilisation des bandes « 700 MHz » et « 800 MHz » du spectre radioélectrique
Participation des concessionnaires de la liaison fixe Trans-Manche au fonctionnement de la commission intergouvernementale et du comité de sécurité chargés de superviser la construction et l'exploitation de l'ouvrage	7. La propriété et les droits d'usage	Domaine public, spectre et concessions	Taxe foncière	non rattachable	à qualifier (contrepartie invoquée)	redevance de contrôle									non établi		ifrap			autres	Participation des concessionnaires de la liaison fixe Trans-Manche au fonctionnement de la commission intergouvernementale et du comité de sécurité chargés de superviser la construction et l'exploitation de l'ouvrage
"Redevance proportionnelle sur le résultat normatif des concessions hydroélectriques soumises aux ""délais glissants"""	7. La propriété et les droits d'usage	Domaine public, spectre et concessions	Taxe foncière	non rattachable	à qualifier (contrepartie invoquée)	redevance domaniale									non établi		ifrap			autres	"Redevance proportionnelle sur le résultat normatif des concessions hydroélectriques soumises aux ""délais glissants"""
Taxe liée aux dossiers de demande concernant les médicaments vétérinaires ou leur publicité	7. La propriété et les droits d'usage	Contrôles sanitaires et phytosanitaires	Taxe foncière	non rattachable	à qualifier (contrepartie invoquée)	redevance pour service rendu	8.2		8.2	ANSéS - Agence nationale de sécurité sanitaire, de l'alimentation, de l'environnement et du travail	code de la santé publique	L5141-8 I			nommé non porté au dépôt	Art. L. 5141-8 I du code de la santé publique	annexe+ifrap	73.0		autres	Taxe perçue lors d'une demande relative aux médicaments vétérinaires
Taxe annuelle portant sur les autorisations de médicaments vétérinaires et les autorisations d’établissements pharmaceutiques vétérinaires	7. La propriété et les droits d'usage	Contrôles sanitaires et phytosanitaires	Taxe foncière	non rattachable	à qualifier (contrepartie invoquée)	redevance pour service rendu	4.4		4.4	ANSéS - Agence nationale de sécurité sanitaire, de l'alimentation, de l'environnement et du travail	code de la santé publique	L5141-8 I			nommé non porté au dépôt	Art. L. 5141-8 I du code de la santé publique	annexe+ifrap	74.0		autres	Taxe annuelle portant sur les autorisations de médicaments vétérinaires et les autorisations d'établissements pharmaceutiques vétérinaires
Redevance sur les produits biocides	7. La propriété et les droits d'usage	Contrôles sanitaires et phytosanitaires	Taxe foncière	non rattachable	à qualifier (contrepartie invoquée)	redevance pour service rendu	3.0		3.0	ANSéS - Agence nationale de sécurité sanitaire, de l'alimentation, de l'environnement et du travail	code de l'environnement	R522-1	LEGIARTI000032815862	2016-07-01	confirmé	Articles R522-1 et R522-24 du code de l'environnement	annexe+ifrap	299.0		autres	Redevance sur les produits biocides
Redevance pour délivrance de certificats sanitaires et phytosanitaires	7. La propriété et les droits d'usage	Contrôles sanitaires et phytosanitaires	Taxe foncière	non rattachable	à qualifier (contrepartie invoquée)	redevance pour service rendu	0.8		0.8	FranceAgriMer	code rural et de la pêche maritime	L236-2	LEGIARTI000048848979	2023-12-31	confirmé	Art. L. 236-2 du code rural et de la pêche maritime	annexe+ifrap	4.0		autres	Certificats sanitaires et phytosanitaires
Redevance pour l'agrément des établissements du secteur de l'alimentation animale	7. La propriété et les droits d'usage	Contrôles sanitaires et phytosanitaires	Taxe foncière	non rattachable	à qualifier (contrepartie invoquée)	redevance pour service rendu					code général des impôts	302 bis WD	LEGIARTI000028447771	2015-02-01	relevé par le fil, confirmé au dépôt		ifrap			autres	Redevance pour l'agrément des établissements du secteur de l'alimentation animale
Redevance pour le contrôle vétérinaire à l'importation de produits animaux ou d'origine animale, d'animaux vivants	7. La propriété et les droits d'usage	Contrôles sanitaires et phytosanitaires	Taxe foncière	non rattachable	à qualifier (contrepartie invoquée)	redevance pour service rendu					code général des impôts	302 bis X	LEGIARTI000053189827	2026-03-31	relevé par le fil, confirmé au dépôt		ifrap			autres	Redevance pour le contrôle vétérinaire à l'importation de produits animaux ou d'origine animale, d'animaux vivants
Redevance pour les contrôles vétérinaires et phytosanitaires des végétaux à l'importation	7. La propriété et les droits d'usage	Contrôles sanitaires et phytosanitaires	Taxe foncière	non rattachable	à qualifier (contrepartie invoquée)	redevance pour service rendu									non établi		ifrap			autres	Redevance pour les contrôles vétérinaires et phytosanitaires des végétaux à l'importation
Redevance relative aux contrôles renforcés à l'importation des denrées alimentaires d'origine non animale	7. La propriété et les droits d'usage	Contrôles sanitaires et phytosanitaires	Taxe foncière	non rattachable	à qualifier (contrepartie invoquée)	redevance pour service rendu									non établi		ifrap			autres	Redevance relative aux contrôles renforcés à l'importation des denrées alimentaires d'origine non animale
Redevance sanitaire d'abattage	7. La propriété et les droits d'usage	Contrôles sanitaires et phytosanitaires	Taxe foncière	non rattachable	à qualifier (contrepartie invoquée)	redevance pour service rendu					code général des impôts	302 bis N	LEGIARTI000022328089	2010-05-08	relevé par le fil, confirmé au dépôt		ifrap			autres	Redevance sanitaire d'abattage
Redevance sanitaire de découpage	7. La propriété et les droits d'usage	Contrôles sanitaires et phytosanitaires	Taxe foncière	non rattachable	à qualifier (contrepartie invoquée)	redevance pour service rendu					code général des impôts	302 bis S	LEGIARTI000041471216	2021-07-01	relevé par le fil, confirmé au dépôt		ifrap			autres	Redevance sanitaire de découpage
Redevance sanitaire de première mise sur le marché des produits de la pêche ou de l'aquaculture	7. La propriété et les droits d'usage	Contrôles sanitaires et phytosanitaires	Taxe foncière	non rattachable	à qualifier (contrepartie invoquée)	redevance pour service rendu					code général des impôts	302 bis WA	LEGIARTI000022201411	2010-05-01	relevé par le fil, confirmé au dépôt		ifrap			autres	Redevance sanitaire de première mise sur le marché des produits de la pêche ou de l'aquaculture
Redevance sanitaire de transformation des produits de la pêche et de l'aquaculture	7. La propriété et les droits d'usage	Contrôles sanitaires et phytosanitaires	Taxe foncière	non rattachable	à qualifier (contrepartie invoquée)	redevance pour service rendu					code général des impôts	302 bis WB	LEGIARTI000022201403	2010-05-01	relevé par le fil, confirmé au dépôt		ifrap			autres	Redevance sanitaire de transformation des produits de la pêche et de l'aquaculture
Redevance sanitaire liée à la certification des végétaux à l'exportation	7. La propriété et les droits d'usage	Contrôles sanitaires et phytosanitaires	Taxe foncière	non rattachable	à qualifier (contrepartie invoquée)	redevance pour service rendu									non établi		ifrap			autres	Redevance sanitaire liée à la certification des végétaux à l'exportation
Redevance sanitaire pour le contrôle de certaines substances et de leurs résidus	7. La propriété et les droits d'usage	Contrôles sanitaires et phytosanitaires	Taxe foncière	non rattachable	à qualifier (contrepartie invoquée)	redevance pour service rendu					code général des impôts	302 bis WC	LEGIARTI000022334934	2010-05-08	relevé par le fil, confirmé au dépôt		ifrap			autres	Redevance sanitaire pour le contrôle de certaines substances et de leurs résidus
Redevances versées pour la délivrance des certificats d'obtention végétale	7. La propriété et les droits d'usage	Contrôles sanitaires et phytosanitaires	Taxe foncière	non rattachable	à qualifier (contrepartie invoquée)	redevance pour service rendu									non établi		ifrap			autres	Redevances versées pour la délivrance des certificats d'obtention végétale
Contributions pour frais de contrôle	7. La propriété et les droits d'usage	Frais de contrôle et de surveillance	Taxe foncière	non rattachable	à qualifier (contrepartie invoquée)	redevance de contrôle	246.1		246.1	Banque de France-ACPR	code monétaire et financier	L612-20	LEGIARTI000050370559	2024-10-18	confirmé	Art. L. 612-20 du code monétaire et financier	annexe+ifrap	49.0		autres	Contributions pour frais de contrôle pour la BdF
Droits et contributions pour frais de contrôle	7. La propriété et les droits d'usage	Frais de contrôle et de surveillance	Taxe foncière	non rattachable	à qualifier (contrepartie invoquée)	redevance de contrôle	140.4		140.4	AMF - Autorité des marchés financiers	code monétaire et financier	L621-5-3	LEGIARTI000050372858	2026-07-01	confirmé	Art. L. 621-5-3 et D. 621-27 à D. 621-30 du code monétaire et financier	annexe+ifrap	48.0		autres	Droits et contributions pour frais de contrôle pour l'AMF
Contributions versées par la SNCF au titre des frais de surveillance et de contrôle des chemins de fer	7. La propriété et les droits d'usage	Frais de contrôle et de surveillance	Taxe foncière	non rattachable	à qualifier (contrepartie invoquée)	redevance de contrôle									non établi		ifrap			autres	Contributions versées par la SNCF au titre des frais de surveillance et de contrôle des chemins de fer
Autres taxes	7. La propriété et les droits d'usage	Autres redevances et droits	Taxe foncière	non rattachable	oui	ligne fourre-tout de la source	5024.3	5024.3							non établi		ifrap		1799.0	autres	Autres taxes
Contribution de sécurité immobilière	7. La propriété et les droits d'usage	Autres redevances et droits	Taxe foncière	non rattachable	à qualifier (contrepartie invoquée)	redevance pour service rendu	814.6	814.6			code général des impôts	879	LEGIARTI000022335681	2013-01-01	relevé par le fil, confirmé au dépôt		ifrap		1707.0	autres	Contribution de sécurité immobilière
Contribution vie étudiante et campus	7. La propriété et les droits d'usage	Autres redevances et droits	Taxe foncière	non rattachable	oui	contribution sur inscription	194.0		194.0	Etablissements publics d'enseignement supérieur, établissements mentionnés aux articles L. 443-1 et L. 753-1 du code de l’éducation ou à l'article L. 1431-1 du code général des collectivités territoriales dispensant des formations initiales d'enseignement supérieur, établissements d'enseignement supérieur privés d'intérêt général et centres régionaux des œuvres universitaires et scolaires	code de l'éducation	L841-5	LEGIARTI000047926246	2023-08-03	confirmé	Article L.841-5 du code de l'éducation	annexe+ifrap	252.0		autres	Contribution vie étudiante et campus
Droits perçus au profit de la Caisse nationale de l'assurance maladie des travailleurs salariés (CNAMTS) en matière de produits de santé, taxe annuelle due par les laboratoires de biologie médicale	7. La propriété et les droits d'usage	Autres redevances et droits	Taxe foncière	non rattachable	à qualifier (contrepartie invoquée)	redevance sur produits de santé	72.0		72.0	CNAMTS	code général des impôts	1635 bis AE	LEGIARTI000037947963	2019-01-01	confirmé	Art. 1635 bis AE à AH du code général des impôts et 5321-3 du code de la santé publique	annexe+ifrap	241.0		autres	Enregistrement des médicaments traditionnels à base de plantes ; Droit progressif sur l'enregistrement des produits homéopathiques
Taxe relative à la mise sur le marché des produits phytopharmaceutiques et de leurs adjuvants, des matières fertilisantes et de leurs adjuvants et des supports de culture	7. La propriété et les droits d'usage	Autres redevances et droits	Taxe foncière	non rattachable	à qualifier (contrepartie invoquée)	redevance pour service rendu	9.5		9.5	ANSéS - Agence nationale de sécurité sanitaire, de l'alimentation, de l'environnement et du travail					non établi	Art. 130 de la loi n° 2006-1666 du 21 décembre 2006 de finances pour 2007	annexe+ifrap	75.0		autres	Taxe relative à l'évaluation et au contrôle de la mise sur le marché des produits phytopharmaceutiques et à leurs adjuvants
Autres droits et recettes accessoires	7. La propriété et les droits d'usage	Autres redevances et droits	Taxe foncière	non rattachable	oui	ligne fourre-tout de la source	4.5	4.5							non établi		ifrap		1754.0	autres	Autres droits et recettes accessoires
Redevance pour délivrance initiale du permis de chasse	7. La propriété et les droits d'usage	Autres redevances et droits	Taxe foncière	non rattachable	à qualifier (contrepartie invoquée)	redevance pour service rendu	1.1		1.1	OFB - Office français de la biodiversité	code de l'environnement	R423-11	LEGIARTI000041463388	2020-01-01	confirmé	Art. R. 423-11 du code de l'environnement	annexe+ifrap	205.0		autres	Redevance pour délivrance initiale du permis de chasse
Redevance perçue à l’occasion de l’introduction des familles étrangères en France	7. La propriété et les droits d'usage	Autres redevances et droits	Taxe foncière	non rattachable	à qualifier (contrepartie invoquée)	redevance pour service rendu	0.8		0.8	OFII - Office français de l'immigration et de l'intégration					non établi	Art. R. 434-35 du code de l'entrée et du séjour des étrangers et du droit d'asile et Arrêté du 24 décembre 2001 fixant en euros le montant des redevances forfaitaires dues à l'Office des migrations internationales pour l'introduction ou l'admission au séjour en France de membres de familles étrangères	annexe+ifrap	206.0		autres	Redevance de traitement de dossier pour le regroupement familial
Droit d'examen du permis de chasse	7. La propriété et les droits d'usage	Autres redevances et droits	Taxe foncière	non rattachable	à qualifier (contrepartie invoquée)	redevance pour service rendu	0.7		0.7	OFB - Office français de la biodiversité					non établi	Art. L. 423-6 du code l'environnement	annexe+ifrap	204.0		autres	Droit d'examen du permis de chasse
Taxe sur l'autorisation d'exercice de l'activité d'exploitant d'établissement de spectacles cinématographiques	7. La propriété et les droits d'usage	Autres redevances et droits	Taxe foncière	non rattachable	oui	droit sur acte administratif	0.0		0.0	CNC - Centre national du cinéma et de l'image animée	code des impositions sur les biens et services	L455-9	LEGIARTI000048626497	2024-01-01	confirmé	Art. L. 455-9 du code des impositions sur les biens et services (création) et L. 116-1, 8° du code du cinéma et de l’image animée (affectation)	annexe+ifrap	305.0		autres	Taxe sur l'autorisation d'exercice de l'activité d'exploitant d'établissement de spectacles cinématographiques
Garantie des matières d'or et d'argent	7. La propriété et les droits d'usage	Autres redevances et droits	Taxe foncière	non rattachable	à qualifier (contrepartie invoquée)	redevance pour service rendu									non établi		ifrap			autres	Garantie des matières d'or et d'argent
"Recettes issues de la mise aux enchères des ""quotas carbone"""	8. Hors champ	Produits non fiscaux portés aux documents budgétaires	aucun	hors champ	non	produit d'enchères, non imposition	1510.1		1510.1	ANAH - Agence nationale de l'habitat ; Autorités organisatrices de la mobilité et communes continuant à organiser un service de transport public					non établi	Art. 120 de la loi n° 2025-127 du 14 février 2025 de finances pour 2025 ; Art. 43 de la loi n° 2012-1509 du 29 décembre 2012 de finances pour 2013	annexe	251.0			
Fraction des produits annuels de la vente de biens confisqués	8. Hors champ	Produits non fiscaux portés aux documents budgétaires	aucun	hors champ	non	produit de cession, non imposition	150.6		150.6	AGRASC - Agence de gestion et de recouvrement des avoirs saisis et confisqués					non établi	Art. 706-163 du code de la procédure pénale	annexe	62.0			
Quote-part des intérêts servis par la Caisse des dépôts et consignations sur les fonds déposés	8. Hors champ	Produits non fiscaux portés aux documents budgétaires	aucun	hors champ	non	quote-part d'intérêts, non imposition				FFDI - Fonds de financement des dossiers impécunieux	code de commerce	L663-3	LEGIARTI000051219975	2025-02-16	confirmé	Art. L. 663-3 du code de commerce, art. 125 de la loi n° 2025-127 du 14 février 2025 de finances pour 2025 ( fin d'affectation)	annexe	291.0			
