libelle	assiette	sous_assiette	ligne_schema	schema_2024_Mdeur	rendement_2026_M	sort	impot_absorbant	fondement
TVA nette	6. La consommation	Biens et services	TVA	206.3	242838.2	conservé		M-028 — l'un des quatre impôts conservés
Accise sur les carburants, à l'exception du gaz naturel carburant	6. La consommation	Énergies	dont énergie*	43.7	1117.9	maintenu à part		M-030 — accise sur une énergie fossile, exception nommée
Accise sur les énergies perçue en métropole sur les produits autres que les charbons, les gaz naturels et l’électricité	6. La consommation	Énergies	dont énergie*	43.7	1619.5	maintenu à part		M-030 — accise sur une énergie fossile, exception nommée
Accise sur les énergies, fraction perçue sur les carburants, outre-mer	6. La consommation	Énergies	dont énergie*	43.7	548.6	maintenu à part		M-030 — accise sur une énergie fossile, exception nommée
Accise sur les énergies, perçue sur l'électricité et les combustibles (accise sur les énergies de chauffage), composante modulée en fonction des coûts de la péréquation tarifaire	6. La consommation	Énergies	dont énergie*	43.7	3249.5	supprimé		M-030 — l'électricité n'est pas un produit à effets négatifs et à dépendance forte
Accise sur les énergies, perçue sur l'électricité — part communes et EPCI	6. La consommation	Énergies	dont énergie*	43.7	1084.1	supprimé		M-030 — l'électricité n'est pas un produit à effets négatifs et à dépendance forte
Accise sur les énergies, perçue sur l'électricité — part départements et métropole de Lyon	6. La consommation	Énergies	dont énergie*	43.7	819.7	supprimé		M-030 — l'électricité n'est pas un produit à effets négatifs et à dépendance forte
Accise sur les énergies, perçue sur les gazoles et les essences, en métropole [fractions transférées en compensation du transfert du RMI/RSA et dans le cadre de l'acte II de la décentralisation]	6. La consommation	Énergies	dont énergie*	43.7	5820.2	maintenu à part		M-030 — accise sur une énergie fossile, exception nommée
Accise sur les énergies, perçue sur les gazoles et les essences, en métropole [part régionale]	6. La consommation	Énergies	dont énergie*	43.7	6293.1	maintenu à part		M-030 — accise sur une énergie fossile, exception nommée
Taxe incitative relative à l'utilisation d'énergie renouvelable dans le transport (TIRUERT)	6. La consommation	Énergies	dont énergie*	43.7		maintenu à part		M-030 — accise sur une énergie fossile, exception nommée
Taxe intérieure de consommation sur les produits énergétiques (TICPE) - part Grenelle	6. La consommation	Énergies	dont énergie*	43.7		maintenu à part		M-030 — accise sur une énergie fossile, exception nommée
Accise sur les alcools, majoration outre-mer perçue sur les spiritueux locaux	6. La consommation	Alcools	dont alcool, tabac, jeux	25.6	4.4	maintenu à part		M-030 — produit à effets négatifs et à dépendance forte ; schéma : ligne maintenue à 25,3 sur 25,6
Accise sur les alcools, percue sur les catégories fiscales autre celle des alcools	6. La consommation	Alcools	dont alcool, tabac, jeux	25.6	152.5	maintenu à part		M-030 — produit à effets négatifs et à dépendance forte ; schéma : ligne maintenue à 25,3 sur 25,6
Cotisation spéciale sur les boissons alcooliques	6. La consommation	Alcools	dont alcool, tabac, jeux	25.6	734.3	maintenu à part		M-030 — produit à effets négatifs et à dépendance forte ; schéma : ligne maintenue à 25,3 sur 25,6
Droit sur les bières et les boissons non alcoolisées	6. La consommation	Alcools	dont alcool, tabac, jeux	25.6	1172.6	maintenu à part		M-030 — produit à effets négatifs et à dépendance forte ; schéma : ligne maintenue à 25,3 sur 25,6
Droits de consommation sur les alcools	6. La consommation	Alcools	dont alcool, tabac, jeux	25.6	2172.6	maintenu à part		M-030 — produit à effets négatifs et à dépendance forte ; schéma : ligne maintenue à 25,3 sur 25,6
Soulte rhum et tafias	6. La consommation	Alcools	dont alcool, tabac, jeux	25.6		maintenu à part		M-030 — produit à effets négatifs et à dépendance forte ; schéma : ligne maintenue à 25,3 sur 25,6
"Taxe sur les boissons ""premix"""	6. La consommation	Alcools	dont alcool, tabac, jeux	25.6		maintenu à part		M-030 — produit à effets négatifs et à dépendance forte ; schéma : ligne maintenue à 25,3 sur 25,6
Fraction des Prélèvements sociaux sur les jeux	6. La consommation	Jeux et paris	dont alcool, tabac, jeux	25.6	465.0	maintenu à part		M-030 — produit à effets négatifs et à dépendance forte ; schéma : ligne maintenue à 25,3 sur 25,6
Fraction du Prélèvement sur les mises de jeux de cercle en ligne affectée aux communes dans le ressort territorial desquelles sont ouverts au public un ou plusieurs casinos	6. La consommation	Jeux et paris	dont alcool, tabac, jeux	25.6	142.5	maintenu à part		M-030 — produit à effets négatifs et à dépendance forte ; schéma : ligne maintenue à 25,3 sur 25,6
Fraction du Prélèvement sur les paris hippiques affectée aux EPCI et communes sur le territoire desquelles sont ouverts au public un ou plusieurs hippodromes	6. La consommation	Jeux et paris	dont alcool, tabac, jeux	25.6	59.2	maintenu à part		M-030 — produit à effets négatifs et à dépendance forte ; schéma : ligne maintenue à 25,3 sur 25,6
Fraction du prélèvement sur les jeux de loterie correspondant aux jeux dédiés au patrimoine	6. La consommation	Jeux et paris	dont alcool, tabac, jeux	25.6	26.5	maintenu à part		M-030 — produit à effets négatifs et à dépendance forte ; schéma : ligne maintenue à 25,3 sur 25,6
Prélèvement sur le produit brut des jeux dans les casinos	6. La consommation	Jeux et paris	dont alcool, tabac, jeux	25.6	1002.6	maintenu à part		M-030 — produit à effets négatifs et à dépendance forte ; schéma : ligne maintenue à 25,3 sur 25,6
Prélèvement sur le produit brut des jeux dans les casinos en contrepartie d'actions de promotion en faveur du tourisme	6. La consommation	Jeux et paris	dont alcool, tabac, jeux	25.6		maintenu à part		M-030 — produit à effets négatifs et à dépendance forte ; schéma : ligne maintenue à 25,3 sur 25,6
Prélèvement sur les jeux exploités par la FdJ hors paris sportifs	6. La consommation	Jeux et paris	dont alcool, tabac, jeux	25.6	3241.0	maintenu à part		M-030 — produit à effets négatifs et à dépendance forte ; schéma : ligne maintenue à 25,3 sur 25,6
Prélèvement sur les paris sportifs en ligne de la FdJ et des nouveaux opérateurs agréés	6. La consommation	Jeux et paris	dont alcool, tabac, jeux	25.6	1250.1	maintenu à part		M-030 — produit à effets négatifs et à dépendance forte ; schéma : ligne maintenue à 25,3 sur 25,6
Redevances sur les paris hippiques	6. La consommation	Jeux et paris	dont alcool, tabac, jeux	25.6	505.3	maintenu à part		M-030 — produit à effets négatifs et à dépendance forte ; schéma : ligne maintenue à 25,3 sur 25,6
"Sommes constatées par les clubs de jeux au titre des ""orphelins"""	6. La consommation	Jeux et paris	dont alcool, tabac, jeux	25.6		maintenu à part		M-030 — produit à effets négatifs et à dépendance forte ; schéma : ligne maintenue à 25,3 sur 25,6
Accise sur les tabacs, en Corse	6. La consommation	Tabacs	dont alcool, tabac, jeux	25.6	212.8	maintenu à part		M-030 — produit à effets négatifs et à dépendance forte ; schéma : ligne maintenue à 25,3 sur 25,6
Accise sur les tabacs, en métropole (hors Corse)	6. La consommation	Tabacs	dont alcool, tabac, jeux	25.6	11422.9	maintenu à part		M-030 — produit à effets négatifs et à dépendance forte ; schéma : ligne maintenue à 25,3 sur 25,6
Accise sur les tabacs, outre-mer	6. La consommation	Tabacs	dont alcool, tabac, jeux	25.6	2.3	maintenu à part		M-030 — produit à effets négatifs et à dépendance forte ; schéma : ligne maintenue à 25,3 sur 25,6
Contribution sociale à la charge des fournisseurs agréés de produits de tabac	6. La consommation	Tabacs	dont alcool, tabac, jeux	25.6		maintenu à part		M-030 — produit à effets négatifs et à dépendance forte ; schéma : ligne maintenue à 25,3 sur 25,6
Droit de licence sur la rémunération des débitants de tabacs	6. La consommation	Tabacs	dont alcool, tabac, jeux	25.6	330.5	maintenu à part		M-030 — produit à effets négatifs et à dépendance forte ; schéma : ligne maintenue à 25,3 sur 25,6
Contribution additionnelle aux primes ou cotisations d'assurance afférentes aux conventions d'assurance couvrant à titre exclusif ou principal les dommages aux sols, récoltes, cultures, bâtiments, et au cheptel mort ou vif affectés aux exploitations agricoles	6. La consommation	Assurance	dont assurances	19.2		maintenu à part		schéma — colonne « Taxes à supprimer » vide, ce qui vaut maintien
Contribution des assurés	6. La consommation	Assurance	dont assurances	19.2	109.5	maintenu à part		schéma — colonne « Taxes à supprimer » vide, ce qui vaut maintien
Contributions additionnelles aux primes ou cotisations afférentes à certaines conventions d'assurance	6. La consommation	Assurance	dont assurances	19.2	120.0	maintenu à part		schéma — colonne « Taxes à supprimer » vide, ce qui vaut maintien
Majoration de la taxe sur les assurances de protection juridique au profit du Conseil national des barreaux	6. La consommation	Assurance	dont assurances	19.2		maintenu à part		schéma — colonne « Taxes à supprimer » vide, ce qui vaut maintien
Prélèvement sur le produit des primes ou cotisations additionnelles relatives à la garantie contre le risque de catastrophes naturelles	6. La consommation	Assurance	dont assurances	19.2		maintenu à part		schéma — colonne « Taxes à supprimer » vide, ce qui vaut maintien
Prélèvement sur les contrats d'assurance de biens	6. La consommation	Assurance	dont assurances	19.2	672.3	maintenu à part		schéma — colonne « Taxes à supprimer » vide, ce qui vaut maintien
Taxe sur les conventions d'assurance	6. La consommation	Assurance	dont assurances	19.2	12646.4	maintenu à part		schéma — colonne « Taxes à supprimer » vide, ce qui vaut maintien
Taxe sur les primes d'assurances	6. La consommation	Assurance	dont assurances	19.2		maintenu à part		schéma — colonne « Taxes à supprimer » vide, ce qui vaut maintien
Redevances pour prélèvement sur la ressource en eau, pour pollution de l'eau, pour modernisation des réseaux de collecte, pour pollutions diffuses, pour stockage d'eau en période d'étiage, pour obstacle sur les cours d'eau et pour protection du milieu aquatique dans les DOM	6. La consommation	Eau, déchets et boissons sucrées	dont redevances sur l'eau	2.2	28.0	supprimé		M-030 — taxe spécifique sur un produit ou un service particulier ; schéma : ligne supprimée en totalité
Redevances pour pollution de l'eau, redevances pour modernisation des réseaux de collecte, redevance sur la consommation d'eau potable, redevances pour la performance des réseaux d'eau potable et pour la performance des systèmes d'assainissement collectif, redevances pour pollutions diffuses, redevances pour prélèvement sur la ressource en eau, redevance pour stockage d'eau en période d'étiage, redevances cynégétiques, droit de validation du permis de chasse, redevance pour protection du milieu aquatique, redevance pour obstacle sur les cours d’eau	6. La consommation	Transport, véhicules et déplacements	dont redevances sur l'eau	2.2	2485.7	supprimé		M-030 — taxe spécifique sur un produit ou un service particulier ; schéma : ligne supprimée en totalité
Redevance pour création de bureaux ou de locaux de recherche en région Ile-de-France	7. La propriété et les droits d'usage	Locaux d'activité	dont redevances sur l'eau	2.2	161.1	supprimé		M-030 — taxe spécifique sur un produit ou un service particulier ; schéma : ligne supprimée en totalité
Droit départemental de passage sur les ouvrages d'art reliant le continent aux îles maritimes	6. La consommation	Transport, véhicules et déplacements	dont services de transports	1.9	45.4	supprimé		M-030 — taxe spécifique sur un produit ou un service particulier ; schéma : ligne supprimée en totalité
Taxe annuelle sur les engins maritimes à usage personnel (TAEMUP)	6. La consommation	Transport, véhicules et déplacements	dont services de transports	1.9	51.0	supprimé		M-030 — taxe spécifique sur un produit ou un service particulier ; schéma : ligne supprimée en totalité
Taxe annuelle sur les engins maritimes à usage personnel (TAEMUP) – Fraction perçue sur les engins ne battant pas pavillon français	6. La consommation	Transport, véhicules et déplacements	dont services de transports	1.9	0.2	supprimé		M-030 — taxe spécifique sur un produit ou un service particulier ; schéma : ligne supprimée en totalité
Taxe d'aéroport	6. La consommation	Transport, véhicules et déplacements	dont services de transports	1.9	1191.5	supprimé		M-030 — taxe spécifique sur un produit ou un service particulier ; schéma : ligne supprimée en totalité
Taxe sur la distance parcourue sur le réseau autoroutier concédé	6. La consommation	Transport, véhicules et déplacements	dont services de transports	1.9	776.0	supprimé		M-030 — taxe spécifique sur un produit ou un service particulier ; schéma : ligne supprimée en totalité
Taxe sur le transport aérien de marchandises	6. La consommation	Transport, véhicules et déplacements	dont services de transports	1.9		supprimé		M-030 — taxe spécifique sur un produit ou un service particulier ; schéma : ligne supprimée en totalité
Taxe sur le transport aérien de passagers, majoration Corse (TAP) et taxe sur le transport maritime de passagers dans certains territoires côtiers (TMPTC)	6. La consommation	Transport, véhicules et déplacements	dont services de transports	1.9	53.6	supprimé		M-030 — taxe spécifique sur un produit ou un service particulier ; schéma : ligne supprimée en totalité
Taxe sur le transport aérien de passagers, majoration outre-mer (TAP)	6. La consommation	Transport, véhicules et déplacements	dont services de transports	1.9	4.2	supprimé		M-030 — taxe spécifique sur un produit ou un service particulier ; schéma : ligne supprimée en totalité
Taxe sur le transport aérien de passagers, tarif de solidarité (TAP, TS)	6. La consommation	Transport, véhicules et déplacements	dont services de transports	1.9	1447.0	supprimé		M-030 — taxe spécifique sur un produit ou un service particulier ; schéma : ligne supprimée en totalité
Taxe sur le transport maritime de passagers destination d'espaces naturels protégés (TTMPDENP)	6. La consommation	Transport, véhicules et déplacements	dont services de transports	1.9	4.5	supprimé		M-030 — taxe spécifique sur un produit ou un service particulier ; schéma : ligne supprimée en totalité
Taxe sur les exploitants de plateformes de mises en relation par voie électronique en vue de fournir certaines prestations de transport	6. La consommation	Transport, véhicules et déplacements	dont services de transports	1.9	1.5	supprimé		M-030 — taxe spécifique sur un produit ou un service particulier ; schéma : ligne supprimée en totalité
Taxe sur les nuisances sonores aériennes (TNSA)	6. La consommation	Transport, véhicules et déplacements	dont services de transports	1.9	48.8	supprimé		M-030 — taxe spécifique sur un produit ou un service particulier ; schéma : ligne supprimée en totalité
Taxe spéciale sur certains véhicules routiers	5. L'activité des entreprises	Autres prélèvements sur les entreprises	dont véhicules	3.1	176.5	supprimé		M-030 — taxe spécifique sur un produit ou un service particulier ; schéma : ligne supprimée en totalité
Taxes annuelles sur les émissions de CO2 et les émissions de polluants des véhicules de tourisme affectés à une activité économique (TAVTAE - CO2 et TAVTAE - polluants)	5. L'activité des entreprises	Autres prélèvements sur les entreprises	dont véhicules	3.1	1210.0	supprimé		M-030 — taxe spécifique sur un produit ou un service particulier ; schéma : ligne supprimée en totalité
Taxes sur l'affectation des véhicules à des fins économiques, taxe annuelle sur les véhicules lourds de transport de marchandises	5. L'activité des entreprises	Autres prélèvements sur les entreprises	dont véhicules	3.1		supprimé		M-030 — taxe spécifique sur un produit ou un service particulier ; schéma : ligne supprimée en totalité
Taxe fixe sur l'immatriculation des véhicules (TFIV)	6. La consommation	Transport, véhicules et déplacements	dont véhicules	3.1	44.0	supprimé		M-030 — taxe spécifique sur un produit ou un service particulier ; schéma : ligne supprimée en totalité
Taxe régionale sur l'immatriculation des véhicules (TRIV) et taxe fixe sur l'immatriculation des véhicules (TFIV)	6. La consommation	Transport, véhicules et déplacements	dont véhicules	3.1	2277.5	supprimé		M-030 — taxe spécifique sur un produit ou un service particulier ; schéma : ligne supprimée en totalité
Taxe régionale sur l'immatriculation des véhicules (TRIV), majoration francilienne	6. La consommation	Transport, véhicules et déplacements	dont véhicules	3.1	91.6	supprimé		M-030 — taxe spécifique sur un produit ou un service particulier ; schéma : ligne supprimée en totalité
Taxe sur l'immatriculation des véhicules de transport (TIVT)	6. La consommation	Transport, véhicules et déplacements	dont véhicules	3.1	62.0	supprimé		M-030 — taxe spécifique sur un produit ou un service particulier ; schéma : ligne supprimée en totalité
Taxes sur l'immatriculation des véhicules, taxe sur la masse en ordre de marche des véhicules de tourisme	6. La consommation	Transport, véhicules et déplacements	dont véhicules	3.1		supprimé		M-030 — taxe spécifique sur un produit ou un service particulier ; schéma : ligne supprimée en totalité
Taxes sur l'immatriculation des véhicules, taxe sur les émissions de dioxyde de carbone des véhicules de tourisme	6. La consommation	Transport, véhicules et déplacements	dont véhicules	3.1		supprimé		M-030 — taxe spécifique sur un produit ou un service particulier ; schéma : ligne supprimée en totalité
Impôt sur les spectacles, jeux et divertissements	6. La consommation	Jeux et paris	dont numérique, spectacles	1.8		supprimé		M-030 — taxe spécifique sur un produit ou un service particulier ; schéma : ligne supprimée en totalité
Taxe sur la cession de droits d'exploitation audiovisuelle des manifestations sportives (TCSDEAMS)	6. La consommation	Médias, culture et numérique	dont numérique, spectacles	1.8	44.3	supprimé		M-030 — taxe spécifique sur un produit ou un service particulier ; schéma : ligne supprimée en totalité
Taxe sur la production et la distribution d'oeuvres cinématographiques	6. La consommation	Médias, culture et numérique	dont numérique, spectacles	1.8	7.7	supprimé		M-030 — taxe spécifique sur un produit ou un service particulier ; schéma : ligne supprimée en totalité
Taxe sur la publicité diffusée au moyen de documents imprimés (ex-taxe sur certaines dépenses de publicité)	6. La consommation	Médias, culture et numérique	dont numérique, spectacles	1.8	14.9	supprimé		M-030 — taxe spécifique sur un produit ou un service particulier ; schéma : ligne supprimée en totalité
Taxe sur la publicité diffusée au moyen de services d'accès à des contenus audiovisuels à la demande	6. La consommation	Médias, culture et numérique	dont numérique, spectacles	1.8	43.1	supprimé		M-030 — taxe spécifique sur un produit ou un service particulier ; schéma : ligne supprimée en totalité
Taxe sur la publicité télévisuelle et autres ressources liées à la diffusion de services de télévision	6. La consommation	Médias, culture et numérique	dont numérique, spectacles	1.8	241.5	supprimé		M-030 — taxe spécifique sur un produit ou un service particulier ; schéma : ligne supprimée en totalité
Taxe sur les biens des industrie du papier (TBIP)	6. La consommation	Médias, culture et numérique	dont numérique, spectacles	1.8	2.8	supprimé		M-030 — taxe spécifique sur un produit ou un service particulier ; schéma : ligne supprimée en totalité
Taxe sur les locations en France de phonogrammes musicaux et de vidéomusiques destinés à l'usage privé du public dans le cadre d'une mise à disposition à la demande sur les réseaux en ligne	6. La consommation	Médias, culture et numérique	dont numérique, spectacles	1.8	21.3	supprimé		M-030 — taxe spécifique sur un produit ou un service particulier ; schéma : ligne supprimée en totalité
Taxe sur les papiers graphiques	6. La consommation	Médias, culture et numérique	dont numérique, spectacles	1.8		supprimé		M-030 — taxe spécifique sur un produit ou un service particulier ; schéma : ligne supprimée en totalité
Taxe sur les services d'accès à des contenus audiovisuels à la demande	6. La consommation	Médias, culture et numérique	dont numérique, spectacles	1.8	151.4	supprimé		M-030 — taxe spécifique sur un produit ou un service particulier ; schéma : ligne supprimée en totalité
Taxe sur les services de communications électroniques	6. La consommation	Médias, culture et numérique	dont numérique, spectacles	1.8		supprimé		M-030 — taxe spécifique sur un produit ou un service particulier ; schéma : ligne supprimée en totalité
Taxe sur les services de télévision	6. La consommation	Médias, culture et numérique	dont numérique, spectacles	1.8	251.9	supprimé		M-030 — taxe spécifique sur un produit ou un service particulier ; schéma : ligne supprimée en totalité
Taxe sur les services numériques	6. La consommation	Médias, culture et numérique	dont numérique, spectacles	1.8	881.6	supprimé		M-030 — taxe spécifique sur un produit ou un service particulier ; schéma : ligne supprimée en totalité
Taxe sur les spectacles cinématographiques	6. La consommation	Médias, culture et numérique	dont numérique, spectacles	1.8	147.8	supprimé		M-030 — taxe spécifique sur un produit ou un service particulier ; schéma : ligne supprimée en totalité
Taxe sur les spectacles vivants, fraction perçue sur les spectacles d'art dramatique, lyrique et chorégraphique (TSV, ADLC)	6. La consommation	Médias, culture et numérique	dont numérique, spectacles	1.8	10.3	supprimé		M-030 — taxe spécifique sur un produit ou un service particulier ; schéma : ligne supprimée en totalité
Taxe sur les spectacles vivants, fraction perçue sur les spectacles de variétés (TSV, SV)	6. La consommation	Médias, culture et numérique	dont numérique, spectacles	1.8	59.9	supprimé		M-030 — taxe spécifique sur un produit ou un service particulier ; schéma : ligne supprimée en totalité
Taxe sur les vidéogrammes	6. La consommation	Médias, culture et numérique	dont numérique, spectacles	1.8	3.0	supprimé		M-030 — taxe spécifique sur un produit ou un service particulier ; schéma : ligne supprimée en totalité
Taxe sur l'autorisation d'exercice de l'activité d'exploitant d'établissement de spectacles cinématographiques	7. La propriété et les droits d'usage	Autres redevances et droits	dont numérique, spectacles	1.8	0.0	supprimé		M-030 — taxe spécifique sur un produit ou un service particulier ; schéma : ligne supprimée en totalité
Contribution annuelle acquittée par les personnes inscrites comme commissaires aux comptes, et droit fixe sur chaque rapport de certification des comptes, et contribution de la compagnie nationale des commissaires aux comptes	6. La consommation	Biens et services	dont autres taxes sur les produits	4.5	18.1	supprimé		M-030 — taxe spécifique sur un produit ou un service particulier ; schéma : ligne supprimée en totalité
Contribution tarifaire d'acheminement (CTA)	6. La consommation	Biens et services	dont autres taxes sur les produits	4.5	2162.9	supprimé		M-030 — taxe spécifique sur un produit ou un service particulier ; schéma : ligne supprimée en totalité
Droit sur les produits bénéficiant d'une appellation d'origine ou d'une indication géographique protégée (INAO)	6. La consommation	Biens et services	dont autres taxes sur les produits	4.5	7.3	supprimé		M-030 — taxe spécifique sur un produit ou un service particulier ; schéma : ligne supprimée en totalité
"Taxe ""petit colis"""	6. La consommation	Biens et services	dont autres taxes sur les produits	4.5	500.0	supprimé		M-030 — taxe spécifique sur un produit ou un service particulier ; schéma : ligne supprimée en totalité
Taxe annuelle sur la vente des produits phytopharmaceutiques	6. La consommation	Biens et services	dont autres taxes sur les produits	4.5	17.7	supprimé		M-030 — taxe spécifique sur un produit ou un service particulier ; schéma : ligne supprimée en totalité
Taxe de solidarité additionnelle (TSA)	6. La consommation	Biens et services	dont autres taxes sur les produits	4.5	6654.8	supprimé		M-030 — taxe spécifique sur un produit ou un service particulier ; schéma : ligne supprimée en totalité
Taxe pour le développement de l'industrie de la conservation des produits agricoles (CTCPA)	6. La consommation	Biens et services	dont autres taxes sur les produits	4.5	2.9	supprimé		M-030 — taxe spécifique sur un produit ou un service particulier ; schéma : ligne supprimée en totalité
Taxe sur le biens des industries de la plasturgie et des composites (TBIPC)	6. La consommation	Biens et services	dont autres taxes sur les produits	4.5	7.4	supprimé		M-030 — taxe spécifique sur un produit ou un service particulier ; schéma : ligne supprimée en totalité
Taxe sur les biens des industries de l'ameublement (TBIA) et taxe sur les biens des industries du bois (TBIB)	6. La consommation	Biens et services	dont autres taxes sur les produits	4.5	14.2	supprimé		M-030 — taxe spécifique sur un produit ou un service particulier ; schéma : ligne supprimée en totalité
Taxe sur les biens des industries de l'habillement (TBIH)	6. La consommation	Biens et services	dont autres taxes sur les produits	4.5	9.8	supprimé		M-030 — taxe spécifique sur un produit ou un service particulier ; schéma : ligne supprimée en totalité
Taxe sur les biens des industries de l'horlogerie, de la bijouterie-joaillerie, de l'orfèvrerie et des arts de la table (TBIHBJOAT)	6. La consommation	Biens et services	dont autres taxes sur les produits	4.5	20.0	supprimé		M-030 — taxe spécifique sur un produit ou un service particulier ; schéma : ligne supprimée en totalité
Taxe sur les biens des industries de la fonderie (TBIF), taxe sur les biens des industries de la soudure (TBIS), taxe sur les biens des industries aérauliques et thermique (TBIAT), taxe sur les biens des industries de la construction métallique (TBICC) et taxe sur les biens des industries mécaniques (TBIC)	6. La consommation	Biens et services	dont autres taxes sur les produits	4.5	109.8	supprimé		M-030 — taxe spécifique sur un produit ou un service particulier ; schéma : ligne supprimée en totalité
Taxe sur les biens des industries des corps gras (TICG)	6. La consommation	Biens et services	dont autres taxes sur les produits	4.5	0.8	supprimé		M-030 — taxe spécifique sur un produit ou un service particulier ; schéma : ligne supprimée en totalité
Taxe sur les biens des industries du béton (TBIB), taxe sur les biens des industries des matériaux de construction en terre cuite (TBIMCT) et taxe sur les biens des industries des roches ornementales et de construction (TBIROC)	6. La consommation	Biens et services	dont autres taxes sur les produits	4.5	13.2	supprimé		M-030 — taxe spécifique sur un produit ou un service particulier ; schéma : ligne supprimée en totalité
Taxe sur les biens des industries du cuir, de la chaussure et de la maroquinerie (TBICCM)	6. La consommation	Biens et services	dont autres taxes sur les produits	4.5	18.1	supprimé		M-030 — taxe spécifique sur un produit ou un service particulier ; schéma : ligne supprimée en totalité
Contribution générale sur les boissons alcoolique, tarif sur les boissons édulcorées	6. La consommation	Eau, déchets et boissons sucrées	dont autres taxes sur les produits	4.5	70.0	supprimé		M-030 — taxe spécifique sur un produit ou un service particulier ; schéma : ligne supprimée en totalité
Contribution sur les eaux minérales	6. La consommation	Eau, déchets et boissons sucrées	dont autres taxes sur les produits	4.5	16.7	supprimé		M-030 — taxe spécifique sur un produit ou un service particulier ; schéma : ligne supprimée en totalité
Taxe sur les boissons sucrées	6. La consommation	Eau, déchets et boissons sucrées	dont autres taxes sur les produits	4.5	967.0	supprimé		M-030 — taxe spécifique sur un produit ou un service particulier ; schéma : ligne supprimée en totalité
Taxe additionnelle départementale à la taxe de séjour	6. La consommation	Hébergement et séjour	dont taxe de séjour	1.1	244.6	maintenu à part		schéma — colonne « Taxes à supprimer » vide, ce qui vaut maintien
Taxe additionnelle régionale de 15% à la taxe de séjour IDF	6. La consommation	Hébergement et séjour	dont taxe de séjour	1.1	20.3	maintenu à part		schéma — colonne « Taxes à supprimer » vide, ce qui vaut maintien
Taxe additionnelle à la taxe de séjour dans les départements de l'Hérault, de l'Aude et des Pyrénées-Orientales	6. La consommation	Hébergement et séjour	dont taxe de séjour	1.1		maintenu à part		schéma — colonne « Taxes à supprimer » vide, ce qui vaut maintien
Taxe additionnelle à la taxe de séjour dans les départements de la Gironde, des Landes, du Lot-et-Garonne, des Pyrénées-Atlantiques, de la Haute-Garonne, du Gers, des Hautes-Pyrénées, de l'Ariège, du Lot, du Tarn et du Tarn-et-Garonne	6. La consommation	Hébergement et séjour	dont taxe de séjour	1.1		maintenu à part		schéma — colonne « Taxes à supprimer » vide, ce qui vaut maintien
Taxe de ski de fond	6. La consommation	Hébergement et séjour	dont taxe de séjour	1.1	4.1	maintenu à part		schéma — colonne « Taxes à supprimer » vide, ce qui vaut maintien
Taxe de séjour, taxe de séjour forfaitaire	6. La consommation	Hébergement et séjour	dont taxe de séjour	1.1	991.8	maintenu à part		schéma — colonne « Taxes à supprimer » vide, ce qui vaut maintien
Taxe sur les remontées mécaniques	6. La consommation	Hébergement et séjour	dont taxe de séjour	1.1	85.4	maintenu à part		schéma — colonne « Taxes à supprimer » vide, ce qui vaut maintien
Taxe additionnelle à la taxe de séjour dans les départements des Bouches-du-Rhône, du Var et des Alpes-Maritimes	6. La consommation	Transport, véhicules et déplacements	dont taxe de séjour	1.1		maintenu à part		schéma — colonne « Taxes à supprimer » vide, ce qui vaut maintien
Taxe générale sur les activités polluantes	5. L'activité des entreprises	Autres prélèvements sur les entreprises	dont taxe pollution	1.0	1356.0	supprimé		M-030 — taxe spécifique sur un produit ou un service particulier ; schéma : ligne supprimée en totalité
Taxe sur les déchets mis en décharge (TDMD) et taxe sur les déchets incinérés (TDI), majoration locale	6. La consommation	Eau, déchets et boissons sucrées	dont taxe pollution	1.0	26.0	supprimé		M-030 — taxe spécifique sur un produit ou un service particulier ; schéma : ligne supprimée en totalité
Droit d'octroi de mer et droit d'octroi de mer régional	6. La consommation	Importations, octroi de mer et outre-mer	dont outre-mer	1.6	1744.0	maintenu à part		schéma — colonne « Taxes à supprimer » vide, ce qui vaut maintien
Droits d'importation	6. La consommation	Importations, octroi de mer et outre-mer	dont outre-mer	1.6		maintenu à part		schéma — colonne « Taxes à supprimer » vide, ce qui vaut maintien
Droits de place	6. La consommation	Importations, octroi de mer et outre-mer	dont outre-mer	1.6		maintenu à part		schéma — colonne « Taxes à supprimer » vide, ce qui vaut maintien
Contribution au fonds d'assurance formation des chefs d'entreprise inscrite au répertoire des métiers	3. Les taxes sur la masse salariale	Formation et apprentissage	Taxes sur la main d'œuvre	58.0		supprimé		M-031 — prélèvement assis sur la main-d'œuvre ; schéma : −48 Md€
Contribution conventionnelle à la formation pour les entreprises de travail temporaire	3. Les taxes sur la masse salariale	Formation et apprentissage	Taxes sur la main d'œuvre	58.0	68.5	supprimé		M-031 — prélèvement assis sur la main-d'œuvre ; schéma : −48 Md€
Contribution spécifique pour le développement de la formation professionnelle initiale et continue dans les métiers des professions du bâtiment et des travaux publics.	3. Les taxes sur la masse salariale	Formation et apprentissage	Taxes sur la main d'œuvre	58.0	131.0	supprimé		M-031 — prélèvement assis sur la main-d'œuvre ; schéma : −48 Md€
Contribution spécifique à la formation professionnelle pour Saint Pierre et Miquelon	3. Les taxes sur la masse salariale	Formation et apprentissage	Taxes sur la main d'œuvre	58.0	0.3	supprimé		M-031 — prélèvement assis sur la main-d'œuvre ; schéma : −48 Md€
Contribution supplémentaire à l'apprentissage	3. Les taxes sur la masse salariale	Formation et apprentissage	Taxes sur la main d'œuvre	58.0	190.9	supprimé		M-031 — prélèvement assis sur la main-d'œuvre ; schéma : −48 Md€
Contribution unique à la formation professionnelle et à l'alternance	3. Les taxes sur la masse salariale	Formation et apprentissage	Taxes sur la main d'œuvre	58.0	10846.5	supprimé		M-031 — prélèvement assis sur la main-d'œuvre ; schéma : −48 Md€
Financement des congés individuels de formation des salariés sous contrats à durée déterminée CIF-CDD	3. Les taxes sur la masse salariale	Formation et apprentissage	Taxes sur la main d'œuvre	58.0		supprimé		M-031 — prélèvement assis sur la main-d'œuvre ; schéma : −48 Md€
PEFPC : CPF CDD (ex-CIF-CDD) : 1% des salaires versés, ou moins en cas d'accord de branche	3. Les taxes sur la masse salariale	Formation et apprentissage	Taxes sur la main d'œuvre	58.0	322.9	supprimé		M-031 — prélèvement assis sur la main-d'œuvre ; schéma : −48 Md€
PEFPC : Participation au financement de la formation des intermittents correspondant au minimum à 2% des rémunérations versées	3. Les taxes sur la masse salariale	Formation et apprentissage	Taxes sur la main d'œuvre	58.0	69.1	supprimé		M-031 — prélèvement assis sur la main-d'œuvre ; schéma : −48 Md€
PEFPC : Participation au financement de la formation des professions non salariées (Artistes auteurs) correspondant au minimum à 0,1% au du montant annuel du plafond de la SS	3. Les taxes sur la masse salariale	Formation et apprentissage	Taxes sur la main d'œuvre	58.0	13.1	supprimé		M-031 — prélèvement assis sur la main-d'œuvre ; schéma : −48 Md€
PEFPC : Participation au financement de la formation des professions non salariées (Entreprises du Vivant, agriculture) correspondant à 0,30 % des revenus professionnels ou de l'assiette forfaitaire déterminés à l'article L. 731-16 du code rural et de la pêche maritime	3. Les taxes sur la masse salariale	Formation et apprentissage	Taxes sur la main d'œuvre	58.0	60.7	supprimé		M-031 — prélèvement assis sur la main-d'œuvre ; schéma : −48 Md€
PEFPC : Participation au financement de la formation des professions non salariées (Particuliers employeurs) correspondant au minimum à 0,15% au du montant annuel du plafond de la SS	3. Les taxes sur la masse salariale	Formation et apprentissage	Taxes sur la main d'œuvre	58.0	19.1	supprimé		M-031 — prélèvement assis sur la main-d'œuvre ; schéma : −48 Md€
PEFPC : Participation au financement de la formation des professions non salariées (Peche et culture) correspondant au minimum à 0,15% au du montant annuel du plafond de la SS	3. Les taxes sur la masse salariale	Formation et apprentissage	Taxes sur la main d'œuvre	58.0	0.5	supprimé		M-031 — prélèvement assis sur la main-d'œuvre ; schéma : −48 Md€
PEFPC : Participation au financement de la formation des professions non salariées (artisans) correspondant à 0,29% du montant annuel du plafond de la sécurité sociale, dont micro entrepreneurs	3. Les taxes sur la masse salariale	Formation et apprentissage	Taxes sur la main d'œuvre	58.0	95.0	supprimé		M-031 — prélèvement assis sur la main-d'œuvre ; schéma : −48 Md€
PEFPC : Participation au financement de la formation des professions non salariées (à l'exception des artisans et des exploitants agricoles) correspondant à 0,25% du montant annuel du plafond de la sécurité sociale	3. Les taxes sur la masse salariale	Formation et apprentissage	Taxes sur la main d'œuvre	58.0	204.0	supprimé		M-031 — prélèvement assis sur la main-d'œuvre ; schéma : −48 Md€
Solde de la taxe d'apprentissage après prise en compte des versements directs des entreprises mentionnés au II de l'article L. 6241-2	3. Les taxes sur la masse salariale	Formation et apprentissage	Taxes sur la main d'œuvre	58.0	513.1	supprimé		M-031 — prélèvement assis sur la main-d'œuvre ; schéma : −48 Md€
Taxe pour le développement de la formation professionnelle dans les métiers de la réparation de l'automobile, du cycle et du motocycle	3. Les taxes sur la masse salariale	Formation et apprentissage	Taxes sur la main d'œuvre	58.0	28.8	supprimé		M-031 — prélèvement assis sur la main-d'œuvre ; schéma : −48 Md€
Contribution des employeurs à l'association pour la gestion du régime d'assurance des créances des salariés (AGS)	3. Les taxes sur la masse salariale	Garantie des salaires	Taxes sur la main d'œuvre	58.0	1747.0	supprimé		M-031 — prélèvement assis sur la main-d'œuvre ; schéma : −48 Md€
Contribution annuelle au fonds de développement pour l'insertion professionnelle des handicapés (FIPH)	3. Les taxes sur la masse salariale	Handicap, dialogue social et publics spécifiques	Taxes sur la main d'œuvre	58.0	507.0	supprimé		M-031 — prélèvement assis sur la main-d'œuvre ; schéma : −48 Md€
Contribution annuelle au fonds de développement pour l'insertion professionnelle des personnes handicapées dans la fonction publique (FIPHFP)	3. Les taxes sur la masse salariale	Handicap, dialogue social et publics spécifiques	Taxes sur la main d'œuvre	58.0	120.0	supprimé		M-031 — prélèvement assis sur la main-d'œuvre ; schéma : −48 Md€
Contribution aux unions régionales des professionnels de santé (CURPS)	3. Les taxes sur la masse salariale	Handicap, dialogue social et publics spécifiques	Taxes sur la main d'œuvre	58.0		supprimé		M-031 — prélèvement assis sur la main-d'œuvre ; schéma : −48 Md€
Contribution des diffuseurs d'œuvres au financement de la protection sociale des artistes auteurs	3. Les taxes sur la masse salariale	Handicap, dialogue social et publics spécifiques	Taxes sur la main d'œuvre	58.0		supprimé		M-031 — prélèvement assis sur la main-d'œuvre ; schéma : −48 Md€
Contribution patronale au dialogue social (0,016%)	3. Les taxes sur la masse salariale	Handicap, dialogue social et publics spécifiques	Taxes sur la main d'œuvre	58.0	123.7	supprimé		M-031 — prélèvement assis sur la main-d'œuvre ; schéma : −48 Md€
Cotisation BTP intempéries	3. Les taxes sur la masse salariale	Handicap, dialogue social et publics spécifiques	Taxes sur la main d'œuvre	58.0	128.3	supprimé		M-031 — prélèvement assis sur la main-d'œuvre ; schéma : −48 Md€
Cotisations médecine du travail	3. Les taxes sur la masse salariale	Handicap, dialogue social et publics spécifiques	Taxes sur la main d'œuvre	58.0		supprimé		M-031 — prélèvement assis sur la main-d'œuvre ; schéma : −48 Md€
Participation des employeurs à l'effort de construction (PEEC)	3. Les taxes sur la masse salariale	Logement des salariés	Taxes sur la main d'œuvre	58.0	2025.5	supprimé		M-031 — prélèvement assis sur la main-d'œuvre ; schéma : −48 Md€
Prélèvement sur la participation des employeurs à l'effort de construction (PEEC)	3. Les taxes sur la masse salariale	Logement des salariés	Taxes sur la main d'œuvre	58.0	6.4	supprimé		M-031 — prélèvement assis sur la main-d'œuvre ; schéma : −48 Md€
Taxe sur les salaires	3. Les taxes sur la masse salariale	Taxe sur les salaires	Taxes sur la main d'œuvre	58.0	17877.0	supprimé		M-031 — prélèvement assis sur la main-d'œuvre ; schéma : −48 Md€
Versement transport dû par les entreprises de plus de 11 salariés implantées en province	3. Les taxes sur la masse salariale	Versement mobilité	Taxes sur la main d'œuvre	58.0		supprimé		M-031 — prélèvement assis sur la main-d'œuvre ; schéma : −48 Md€
Versement transport dû par les entreprises de plus de 11 salariés implantées en province – part IdFM	3. Les taxes sur la masse salariale	Versement mobilité	Taxes sur la main d'œuvre	58.0	6652.2	supprimé		M-031 — prélèvement assis sur la main-d'œuvre ; schéma : −48 Md€
Forfait social	2. Les contributions sociales sur les revenus	Épargne salariale et actionnariat	dont forfaits de cotisation	8.8	6690.2	maintenu à part		schéma — colonne « Taxes à supprimer » vide, ce qui vaut maintien
Contribution solidarité autonomie (CSA)	2. Les contributions sociales sur les revenus	Solidarité autonomie	dont forfaits de cotisation	8.8	2563.2	maintenu à part		schéma — colonne « Taxes à supprimer » vide, ce qui vaut maintien
Exit tax	4. Le revenu des personnes	Plus-values des particuliers	IR net	87.3		fondu	impôt sur le revenu	M-028 et M-034 — assiette de revenu ou de plus-value ; un seul impôt sur le revenu
Taxe sur la cession à titre onéreux des terrains nus ou des droits relatifs à des terrains nus rendus constructibles du fait de leur classement	4. Le revenu des personnes	Plus-values des particuliers	IR net	87.3	17.0	fondu	impôt sur le revenu	M-028 et M-034 — assiette de revenu ou de plus-value ; un seul impôt sur le revenu
Taxe sur les plus-values immobilières (PVI) autres que terrains à bâtir	4. Le revenu des personnes	Plus-values des particuliers	IR net	87.3		fondu	impôt sur le revenu	M-028 et M-034 — assiette de revenu ou de plus-value ; un seul impôt sur le revenu
Retenues à la source et prélèvements sur les revenus de capitaux mobiliers et le prélèvement sur les bons anonymes	4. Le revenu des personnes	Revenus du capital	IR net	87.3	4800.0	fondu	impôt sur le revenu	M-028 et M-034 — assiette de revenu ou de plus-value ; un seul impôt sur le revenu
Taxe spéciale due en cas de non-respect de l'engagement de conserver pendant 5 ans les parts de FCPR ou FCPI	4. Le revenu des personnes	Revenus du capital	IR net	87.3		fondu	impôt sur le revenu	M-028 et M-034 — assiette de revenu ou de plus-value ; un seul impôt sur le revenu
Taxe sur les ordres annulés dans le cadre d'opérations à haute fréquence	4. Le revenu des personnes	Revenus du capital	IR net	87.3		fondu	impôt sur le revenu	M-028 et M-034 — assiette de revenu ou de plus-value ; un seul impôt sur le revenu
Taxe sur les transactions financières - fraction affectée de la ressource État	4. Le revenu des personnes	Revenus du capital	IR net	87.3	2630.0	fondu	impôt sur le revenu	M-028 et M-034 — assiette de revenu ou de plus-value ; un seul impôt sur le revenu
Contribution annuelle sur les revenus locatifs	4. Le revenu des personnes	Revenus fonciers	IR net	87.3		fondu	impôt sur le revenu	M-028 et M-034 — assiette de revenu ou de plus-value ; un seul impôt sur le revenu
Autres impôts directs perçus par voie d'émission de rôles	4. Le revenu des personnes	Traitements, salaires et pensions	IR net	87.3	2414.3	fondu	impôt sur le revenu	M-028 et M-034 — assiette de revenu ou de plus-value ; un seul impôt sur le revenu
CDHR	4. Le revenu des personnes	Traitements, salaires et pensions	IR net	87.3	1650.0	fondu	impôt sur le revenu	M-028 et M-034 — assiette de revenu ou de plus-value ; un seul impôt sur le revenu
Impôt net sur le revenu	4. Le revenu des personnes	Traitements, salaires et pensions	IR net	87.3	130178.0	conservé		M-028 — l'un des quatre impôts conservés
Retenues à la source sur certains bénéfices non commerciaux et de l'impôt sur le revenu	4. Le revenu des personnes	Traitements, salaires et pensions	IR net	87.3	1127.9	fondu	impôt sur le revenu	M-028 et M-034 — assiette de revenu ou de plus-value ; un seul impôt sur le revenu
Impôt sur les sociétés	5. L'activité des entreprises	Bénéfice des entreprises	IS net	57.4	84694.4	conservé		M-028 — l'un des quatre impôts conservés
Contribution de la Caisse des dépôts et consignations représentative de l'impôt sur les sociétés	5. L'activité des entreprises	Bénéfice des entreprises	Taxes sur chiffre d'affaires et bénéfices	10.3	374.0	fondu	impôt sur les sociétés	M-028 — assiette de bénéfice ; elle revient à l'impôt sur les sociétés
Contribution exceptionnelle sur les bénéfices des entreprises	5. L'activité des entreprises	Bénéfice des entreprises	Taxes sur chiffre d'affaires et bénéfices	10.3	4000.0	fondu	impôt sur les sociétés	M-028 — assiette de bénéfice ; elle revient à l'impôt sur les sociétés
Contribution sociale de solidarité des sociétés (C3S)	5. L'activité des entreprises	Bénéfice des entreprises	Taxes sur chiffre d'affaires et bénéfices	10.3	5452.3	fondu	impôt sur les sociétés	M-028 — assiette de bénéfice ; elle revient à l'impôt sur les sociétés
Contribution sociale nette sur les bénéfices des sociétés	5. L'activité des entreprises	Bénéfice des entreprises	Taxes sur chiffre d'affaires et bénéfices	10.3	1411.0	fondu	impôt sur les sociétés	M-028 — assiette de bénéfice ; elle revient à l'impôt sur les sociétés
Taxe sur les excédents de provisions des entreprises d'assurance de dommages	5. L'activité des entreprises	Bénéfice des entreprises	Taxes sur chiffre d'affaires et bénéfices	10.3		fondu	impôt sur les sociétés	M-028 — assiette de bénéfice ; elle revient à l'impôt sur les sociétés
Taxe sur les rachats d'actions	5. L'activité des entreprises	Bénéfice des entreprises	Taxes sur chiffre d'affaires et bénéfices	10.3	200.0	fondu	impôt sur les sociétés	M-028 — assiette de bénéfice ; elle revient à l'impôt sur les sociétés
Transposition de la directive UE sur la taxation minimale des multinationales	5. L'activité des entreprises	Bénéfice des entreprises	Taxes sur chiffre d'affaires et bénéfices	10.3	500.0	fondu	impôt sur les sociétés	M-028 — assiette de bénéfice ; elle revient à l'impôt sur les sociétés
Contribution due par les entreprises fabriquant ou exploitant des dispositifs médicaux sur leurs dépenses de publicité	5. L'activité des entreprises	Chiffre d'affaires	Taxes sur chiffre d'affaires et bénéfices	10.3	48.2	supprimé		M-031 — impôt de production assis sur le chiffre d'affaires ou les dépenses
Contribution due par les laboratoires et les grossistes répartiteurs sur les ventes en gros aux officines pharmaceutiques	5. L'activité des entreprises	Chiffre d'affaires	Taxes sur chiffre d'affaires et bénéfices	10.3	271.1	supprimé		M-031 — impôt de production assis sur le chiffre d'affaires ou les dépenses
Contribution sur le chiffre d'affaires des entreprises exploitant une ou plusieurs spécialités pharmaceutiques	5. L'activité des entreprises	Chiffre d'affaires	Taxes sur chiffre d'affaires et bénéfices	10.3	658.9	supprimé		M-031 — impôt de production assis sur le chiffre d'affaires ou les dépenses
Contribution à la charge des entreprises assurant l'exploitation, l'importation parallèle ou la distribution parallèle d'une ou de plusieurs spécialités pharmaceutiques	5. L'activité des entreprises	Chiffre d'affaires	Taxes sur chiffre d'affaires et bénéfices	10.3		supprimé		M-031 — impôt de production assis sur le chiffre d'affaires ou les dépenses
Contribution à la charge des exploitants d'un ou plusieurs produits ou prestations	5. L'activité des entreprises	Chiffre d'affaires	Taxes sur chiffre d'affaires et bénéfices	10.3		supprimé		M-031 — impôt de production assis sur le chiffre d'affaires ou les dépenses
Contributions à la charge des fabricants ou distributeurs de dispositifs médicaux, tissus et cellules, produits de santé autres que les médicaments et prestations associées	5. L'activité des entreprises	Chiffre d'affaires	Taxes sur chiffre d'affaires et bénéfices	10.3		supprimé		M-031 — impôt de production assis sur le chiffre d'affaires ou les dépenses
Taxe sur l'exploitation des infrastructures de transport de longue distance (TEITLD)	5. L'activité des entreprises	Chiffre d'affaires	Taxes sur chiffre d'affaires et bénéfices	10.3	700.0	supprimé		M-031 — impôt de production assis sur le chiffre d'affaires ou les dépenses
Taxe sur le chiffre d'affaires des exploitants agricoles	5. L'activité des entreprises	Chiffre d'affaires	Taxes sur chiffre d'affaires et bénéfices	10.3		supprimé		M-031 — impôt de production assis sur le chiffre d'affaires ou les dépenses
Impôt sur la fortune immobilière	7. La propriété et les droits d'usage	Détention immobilière	Taxe foncière	42.9	3094.5	fondu	taxe foncière	M-035 — contribution locale, unifiée dans la taxe foncière unique — confirmé par l'auteure le 20261005 : cas général de la refonte, pièce 4.4
Taxe additionnelle spéciale annuelle (TASA)	7. La propriété et les droits d'usage	Détention immobilière	Taxe foncière	42.9		fondu	taxe foncière	M-035 — contribution locale, unifiée dans la taxe foncière unique
Taxe additionnelle à la taxe foncière sur les propriétés non baties, pour frais de chambres d'agriculture (TCA-TFPNB)	7. La propriété et les droits d'usage	Détention immobilière	Taxe foncière	42.9	334.7	fondu	taxe foncière	M-035 — contribution locale, unifiée dans la taxe foncière unique
Taxe foncière sur les propriétés bâties	7. La propriété et les droits d'usage	Détention immobilière	Taxe foncière	42.9		conservé		M-028 — l'un des quatre impôts conservés
Taxe foncière sur les propriétés non bâties	7. La propriété et les droits d'usage	Détention immobilière	Taxe foncière	42.9		fondu	taxe foncière	M-035 — contribution locale, unifiée dans la taxe foncière unique
Taxe sur la valeur vénale des immeubles	7. La propriété et les droits d'usage	Détention immobilière	Taxe foncière	42.9		fondu	taxe foncière	M-035 — contribution locale, unifiée dans la taxe foncière unique
Taxe annuelle sur les logements vacants	7. La propriété et les droits d'usage	Occupation du logement	Taxe foncière	42.9		fondu	taxe foncière	M-035 — contribution locale, unifiée dans la taxe foncière unique — 20261005 : article 232 du CGI éteint par le droit en vigueur au 1er janvier 2027 (extrait LEGI 20261001, sans version suivante) ; plus rien à fondre
Taxe d'habitation sur les résidences secondaires	7. La propriété et les droits d'usage	Occupation du logement	Taxe foncière	42.9		fondu	taxe foncière	M-035 — contribution locale, unifiée dans la taxe foncière unique
Taxe de balayage	7. La propriété et les droits d'usage	Services urbains	Taxe foncière	42.9	111.6	fondu	taxe foncière	M-035 — contribution locale, unifiée dans la taxe foncière unique
Taxes d'enlèvement des ordures ménagères	7. La propriété et les droits d'usage	Services urbains	Taxe foncière	42.9	5859.3	fondu	taxe foncière	M-035 — contribution locale, unifiée dans la taxe foncière unique
Indemnité de défrichement	7. La propriété et les droits d'usage	Urbanisme et aménagement	Taxe foncière	42.9	2.0	fondu	taxe foncière	M-035 — contribution locale, unifiée dans la taxe foncière unique
Taxe d'archéologie préventive	7. La propriété et les droits d'usage	Urbanisme et aménagement	Taxe foncière	42.9		fondu	taxe foncière	M-035 — contribution locale, unifiée dans la taxe foncière unique
Taxe d’aménagement	7. La propriété et les droits d'usage	Urbanisme et aménagement	Taxe foncière	42.9	1459.7	fondu	taxe foncière	M-035 — contribution locale, unifiée dans la taxe foncière unique
Taxe gestion des milieux aquatiques et prévention des inondations (GEMAPI)	7. La propriété et les droits d'usage	Urbanisme et aménagement	Taxe foncière	42.9		fondu	taxe foncière	M-035 — contribution locale, unifiée dans la taxe foncière unique
Taxe pour non-raccordement à l'égout - Participation pour le financement de l'assainissement collectif (PAC)	7. La propriété et les droits d'usage	Urbanisme et aménagement	Taxe foncière	42.9	0.7	fondu	taxe foncière	M-035 — contribution locale, unifiée dans la taxe foncière unique
Taxe spéciale d'équipement au profit de l'établissement public Société des grands projets	7. La propriété et les droits d'usage	Urbanisme et aménagement	Taxe foncière	42.9	67.1	fondu	taxe foncière	M-035 — contribution locale, unifiée dans la taxe foncière unique
Taxe sur la publicité extérieure (TPE)	7. La propriété et les droits d'usage	Urbanisme et aménagement	Taxe foncière	42.9	259.5	fondu	taxe foncière	M-035 — contribution locale, unifiée dans la taxe foncière unique
Taxes spéciales d'équipement	7. La propriété et les droits d'usage	Urbanisme et aménagement	Taxe foncière	42.9	453.0	fondu	taxe foncière	M-035 — contribution locale, unifiée dans la taxe foncière unique
Versement pour sous-densité	7. La propriété et les droits d'usage	Urbanisme et aménagement	Taxe foncière	42.9		fondu	taxe foncière	M-035 — contribution locale, unifiée dans la taxe foncière unique
Contribution équivalente aux droits de plaidoirie	7. La propriété et les droits d'usage	Actes juridiques et professions réglementées	Autres taxes sur les ménages	6.5	123.5	supprimé		M-030 — taxe spécifique ; schéma : ligne supprimée en totalité (−6,7 sur 6,5)
Droit affecté au fonds d’indemnisation de la profession d’avoués près les cours d’appel	7. La propriété et les droits d'usage	Actes juridiques et professions réglementées	Autres taxes sur les ménages	6.5	24.9	supprimé		M-030 — taxe spécifique ; schéma : ligne supprimée en totalité (−6,7 sur 6,5)
Droits de plaidoirie	7. La propriété et les droits d'usage	Actes juridiques et professions réglementées	Autres taxes sur les ménages	6.5	5.2	supprimé		M-030 — taxe spécifique ; schéma : ligne supprimée en totalité (−6,7 sur 6,5)
Droits sur les actes judiciaires et extrajudiciaires	7. La propriété et les droits d'usage	Actes juridiques et professions réglementées	Autres taxes sur les ménages	6.5		supprimé		M-030 — taxe spécifique ; schéma : ligne supprimée en totalité (−6,7 sur 6,5)
Droits sur les conventions et actes civils	7. La propriété et les droits d'usage	Actes juridiques et professions réglementées	Autres taxes sur les ménages	6.5	586.1	supprimé		M-030 — taxe spécifique ; schéma : ligne supprimée en totalité (−6,7 sur 6,5)
Taxe sur les émoluments	7. La propriété et les droits d'usage	Actes juridiques et professions réglementées	Autres taxes sur les ménages	6.5		supprimé		M-030 — taxe spécifique ; schéma : ligne supprimée en totalité (−6,7 sur 6,5)
Autres droits et recettes accessoires	7. La propriété et les droits d'usage	Autres redevances et droits	Autres taxes sur les ménages	6.5	4.5	supprimé		M-030 — taxe spécifique ; schéma : ligne supprimée en totalité (−6,7 sur 6,5)
Autres taxes	7. La propriété et les droits d'usage	Autres redevances et droits	Autres taxes sur les ménages	6.5	5024.3	supprimé		M-030 — taxe spécifique ; schéma : ligne supprimée en totalité (−6,7 sur 6,5)
Contribution vie étudiante et campus	7. La propriété et les droits d'usage	Autres redevances et droits	Autres taxes sur les ménages	6.5	194.0	supprimé		M-030 — taxe spécifique ; schéma : ligne supprimée en totalité (−6,7 sur 6,5)
Prélèvement sur les biens, droits et produits placés dans un trust	7. La propriété et les droits d'usage	Détention de patrimoine mobilier	Autres taxes sur les ménages	6.5		supprimé		M-030 — taxe spécifique ; schéma : ligne supprimée en totalité (−6,7 sur 6,5)
Prélèvement sur les contrats d'assurance-vie en deshérence; 'Prélèvement sur les contrats participation et intéressement en déshérence	7. La propriété et les droits d'usage	Détention de patrimoine mobilier	Autres taxes sur les ménages	6.5	36.1	supprimé		M-030 — taxe spécifique ; schéma : ligne supprimée en totalité (−6,7 sur 6,5)
Taxe forfaitaire sur les métaux précieux, les bijoux, les objets d'art, de collection et d'antiquité	7. La propriété et les droits d'usage	Détention de patrimoine mobilier	Autres taxes sur les ménages	6.5	148.5	supprimé		M-030 — taxe spécifique ; schéma : ligne supprimée en totalité (−6,7 sur 6,5)
Taxe holding	7. La propriété et les droits d'usage	Détention de patrimoine mobilier	Autres taxes sur les ménages	6.5		supprimé		M-030 — taxe spécifique ; schéma : ligne supprimée en totalité (−6,7 sur 6,5)
Taxe sur le patrimoine financier	7. La propriété et les droits d'usage	Détention de patrimoine mobilier	Autres taxes sur les ménages	6.5	1000.0	supprimé		M-030 — taxe spécifique ; schéma : ligne supprimée en totalité (−6,7 sur 6,5)
Actes et écrits assujettis au timbre de dimension	7. La propriété et les droits d'usage	Timbre et formalités administratives	Autres taxes sur les ménages	6.5	0.0	supprimé		M-030 — taxe spécifique ; schéma : ligne supprimée en totalité (−6,7 sur 6,5)
Droit de timbre sur les demandes de naturalisation, les demandes de réintégration dans la nationalité française et les déclarations d'acquisition de la nationalité	7. La propriété et les droits d'usage	Timbre et formalités administratives	Autres taxes sur les ménages	6.5		supprimé		M-030 — taxe spécifique ; schéma : ligne supprimée en totalité (−6,7 sur 6,5)
Droit de timbre sur les procédures civiles en première instance et prud’hommales	7. La propriété et les droits d'usage	Timbre et formalités administratives	Autres taxes sur les ménages	6.5	45.0	supprimé		M-030 — taxe spécifique ; schéma : ligne supprimée en totalité (−6,7 sur 6,5)
Droit de timbre sur les visas de passeports étrangers	7. La propriété et les droits d'usage	Timbre et formalités administratives	Autres taxes sur les ménages	6.5		supprimé		M-030 — taxe spécifique ; schéma : ligne supprimée en totalité (−6,7 sur 6,5)
Fraction des droits de timbre relative aux titres de séjours	7. La propriété et les droits d'usage	Timbre et formalités administratives	Autres taxes sur les ménages	6.5	21.1	supprimé		M-030 — taxe spécifique ; schéma : ligne supprimée en totalité (−6,7 sur 6,5)
Fraction des droits de timbre sur les cartes nationales d'identité	7. La propriété et les droits d'usage	Timbre et formalités administratives	Autres taxes sur les ménages	6.5	25.2	supprimé		M-030 — taxe spécifique ; schéma : ligne supprimée en totalité (−6,7 sur 6,5)
Fraction des droits de timbre sur les passeports sécurisés	7. La propriété et les droits d'usage	Timbre et formalités administratives	Autres taxes sur les ménages	6.5	392.7	supprimé		M-030 — taxe spécifique ; schéma : ligne supprimée en totalité (−6,7 sur 6,5)
Taxe applicable aux demandes de validation d'une attestation d'accueil	7. La propriété et les droits d'usage	Timbre et formalités administratives	Autres taxes sur les ménages	6.5		supprimé		M-030 — taxe spécifique ; schéma : ligne supprimée en totalité (−6,7 sur 6,5)
Taxe sur le permis de conduire des bateaux de plaisance à moteur	7. La propriété et les droits d'usage	Timbre et formalités administratives	Autres taxes sur les ménages	6.5		supprimé		M-030 — taxe spécifique ; schéma : ligne supprimée en totalité (−6,7 sur 6,5)
Taxe sur le renouvellement et l'échange du permis de conduire (TREPC)	7. La propriété et les droits d'usage	Timbre et formalités administratives	Autres taxes sur les ménages	6.5	15.0	supprimé		M-030 — taxe spécifique ; schéma : ligne supprimée en totalité (−6,7 sur 6,5)
Taxe sur le visa d'exploitation cinématographique	7. La propriété et les droits d'usage	Timbre et formalités administratives	Autres taxes sur les ménages	6.5	0.1	supprimé		M-030 — taxe spécifique ; schéma : ligne supprimée en totalité (−6,7 sur 6,5)
Taxe sur les permis de conduire	7. La propriété et les droits d'usage	Timbre et formalités administratives	Autres taxes sur les ménages	6.5	0.0	supprimé		M-030 — taxe spécifique ; schéma : ligne supprimée en totalité (−6,7 sur 6,5)
Timbre unique	7. La propriété et les droits d'usage	Timbre et formalités administratives	Autres taxes sur les ménages	6.5	567.0	supprimé		M-030 — taxe spécifique ; schéma : ligne supprimée en totalité (−6,7 sur 6,5)
Contribution au fonds de garantie des dommages consécutifs à des actes de prévention, de diagnostic ou de soins dispensés par des professionnels de santé	5. L'activité des entreprises	Autres prélèvements sur les entreprises	Autres taxes sur les entreprises	13.2		supprimé		M-031 — impôt de production ; schéma : ligne supprimée en totalité (−13,5 sur 13,2)
Contribution forfaitaire annuelle à la charge des professionnels de santé	5. L'activité des entreprises	Autres prélèvements sur les entreprises	Autres taxes sur les entreprises	13.2	8.3	supprimé		M-031 — impôt de production ; schéma : ligne supprimée en totalité (−13,5 sur 13,2)
Contribution forfaitaire des organismes assureurs et contribution forfaitaire des organismes participant à la gestion du régime prévu par la loi n° 2001-1128 du 30 novembre 2001	5. L'activité des entreprises	Autres prélèvements sur les entreprises	Autres taxes sur les entreprises	13.2	4.1	supprimé		M-031 — impôt de production ; schéma : ligne supprimée en totalité (−13,5 sur 13,2)
Contributions sociales maladie - Contribution UNOCAM et autres	5. L'activité des entreprises	Autres prélèvements sur les entreprises	Autres taxes sur les entreprises	13.2		supprimé		M-031 — impôt de production ; schéma : ligne supprimée en totalité (−13,5 sur 13,2)
Taxe annuelle due par les laboratoires de biologie médicale	5. L'activité des entreprises	Autres prélèvements sur les entreprises	Autres taxes sur les entreprises	13.2		supprimé		M-031 — impôt de production ; schéma : ligne supprimée en totalité (−13,5 sur 13,2)
Taxe pour le financement du fonds de soutien aux collectivités territoriales ayant contracté des produits structurés	5. L'activité des entreprises	Autres prélèvements sur les entreprises	Autres taxes sur les entreprises	13.2		supprimé		M-031 — impôt de production ; schéma : ligne supprimée en totalité (−13,5 sur 13,2)
Taxe sur les installations de production d'électricité utilisant l'énergie mécanique du vent situées dans les eaux intérieures ou la mer territoriale	5. L'activité des entreprises	Autres prélèvements sur les entreprises	Autres taxes sur les entreprises	13.2	18.0	supprimé		M-031 — impôt de production ; schéma : ligne supprimée en totalité (−13,5 sur 13,2)
Cotisation additionnelle versée par les organismes HLM et les SEM	5. L'activité des entreprises	Bailleurs sociaux	Autres taxes sur les entreprises	13.2	38.0	supprimé		M-031 — impôt de production ; schéma : ligne supprimée en totalité (−13,5 sur 13,2)
Cotisation versée par les organismes HLM	5. L'activité des entreprises	Bailleurs sociaux	Autres taxes sur les entreprises	13.2	11.3	supprimé		M-031 — impôt de production ; schéma : ligne supprimée en totalité (−13,5 sur 13,2)
Cotisation versée par les organismes HLM et les SEM	5. L'activité des entreprises	Bailleurs sociaux	Autres taxes sur les entreprises	13.2	590.2	supprimé		M-031 — impôt de production ; schéma : ligne supprimée en totalité (−13,5 sur 13,2)
Contribution due par les laboratoires sur leurs dépenses de publicité	5. L'activité des entreprises	Dépenses des entreprises	Autres taxes sur les entreprises	13.2	129.9	supprimé		M-031 — impôt de production ; schéma : ligne supprimée en totalité (−13,5 sur 13,2)
CVAE	5. L'activité des entreprises	Valeur ajoutée	Autres taxes sur les entreprises	13.2	2741.3	supprimé		M-031 — impôt de production ; schéma : ligne supprimée en totalité (−13,5 sur 13,2)
TA-CVAE - Taxe additionnelle à la cotisation sur la valeur ajoutée des entreprises pour frais de chambres de commerce et d'industrie de région	5. L'activité des entreprises	Valeur ajoutée	Autres taxes sur les entreprises	13.2	326.3	supprimé		M-031 — impôt de production ; schéma : ligne supprimée en totalité (−13,5 sur 13,2)
Contribution annuelle au profit de l'Institut de radioprotection et de sûreté nucléaire	5. L'activité des entreprises	Équipements, installations et réseaux	Autres taxes sur les entreprises	13.2		supprimé		M-031 — impôt de production ; schéma : ligne supprimée en totalité (−13,5 sur 13,2)
Contribution emballage liée à la responsabilité élargie du producteur	5. L'activité des entreprises	Équipements, installations et réseaux	Autres taxes sur les entreprises	13.2		supprimé		M-031 — impôt de production ; schéma : ligne supprimée en totalité (−13,5 sur 13,2)
Cotisation interprofessionnelle étendue Équarrissage	5. L'activité des entreprises	Équipements, installations et réseaux	Autres taxes sur les entreprises	13.2		supprimé		M-031 — impôt de production ; schéma : ligne supprimée en totalité (−13,5 sur 13,2)
Imposition forfaitaire annuelle sur les pylônes	5. L'activité des entreprises	Équipements, installations et réseaux	Autres taxes sur les entreprises	13.2	376.8	supprimé		M-031 — impôt de production ; schéma : ligne supprimée en totalité (−13,5 sur 13,2)
Imposition forfaitaire sur le matériel roulant circulant sur le réseau de transport ferroviaire et guidé géré par la RATP - IFER-STIF RATP	5. L'activité des entreprises	Équipements, installations et réseaux	Autres taxes sur les entreprises	13.2	86.2	supprimé		M-031 — impôt de production ; schéma : ligne supprimée en totalité (−13,5 sur 13,2)
Imposition forfaitaire sur les centrales de production d'énergie électrique d'origine photovoltaïque ou hydraulique	5. L'activité des entreprises	Équipements, installations et réseaux	Autres taxes sur les entreprises	13.2		supprimé		M-031 — impôt de production ; schéma : ligne supprimée en totalité (−13,5 sur 13,2)
Imposition forfaitaire sur les entreprises de réseaux	5. L'activité des entreprises	Équipements, installations et réseaux	Autres taxes sur les entreprises	13.2	0.0	supprimé		M-031 — impôt de production ; schéma : ligne supprimée en totalité (−13,5 sur 13,2)
Imposition forfaitaire sur les réseaux de gaz naturel et canalisations d'hydrocarbures	5. L'activité des entreprises	Équipements, installations et réseaux	Autres taxes sur les entreprises	13.2		supprimé		M-031 — impôt de production ; schéma : ligne supprimée en totalité (−13,5 sur 13,2)
Redevances communale et départementale des mines	5. L'activité des entreprises	Équipements, installations et réseaux	Autres taxes sur les entreprises	13.2	17.4	supprimé		M-031 — impôt de production ; schéma : ligne supprimée en totalité (−13,5 sur 13,2)
Taxe due par les concessionnaires de mines d'or, les amodiataires des concessions de mines d'or et les titulaires de permis et d'autorisations d'exploitation de mines d'or exploitées en Guyane (taxe additionnelle aurifère)	5. L'activité des entreprises	Équipements, installations et réseaux	Autres taxes sur les entreprises	13.2	0.8	supprimé		M-031 — impôt de production ; schéma : ligne supprimée en totalité (−13,5 sur 13,2)
Taxe sur l'exploration d'hydrocarbures	5. L'activité des entreprises	Équipements, installations et réseaux	Autres taxes sur les entreprises	13.2		supprimé		M-031 — impôt de production ; schéma : ligne supprimée en totalité (−13,5 sur 13,2)
Taxe sur les entreprises ayant bénéficié de quotas d'émission de gaz à effet de serre	5. L'activité des entreprises	Équipements, installations et réseaux	Autres taxes sur les entreprises	13.2		supprimé		M-031 — impôt de production ; schéma : ligne supprimée en totalité (−13,5 sur 13,2)
Taxe sur les installations nucléaires de base concourant à la gestion des substances radioactives	5. L'activité des entreprises	Équipements, installations et réseaux	Autres taxes sur les entreprises	13.2		supprimé		M-031 — impôt de production ; schéma : ligne supprimée en totalité (−13,5 sur 13,2)
Taxe sur les installations nucléaires de base relevant du secteur énergétique et assimilées, tarif d'accompagnement (TINB-E, TA)	5. L'activité des entreprises	Équipements, installations et réseaux	Autres taxes sur les entreprises	13.2	57.9	supprimé		M-031 — impôt de production ; schéma : ligne supprimée en totalité (−13,5 sur 13,2)
Taxe sur les installations nucléaires de base relevant du secteur énergétique et assimilées, tarif de base (TINB-E, TA)	5. L'activité des entreprises	Équipements, installations et réseaux	Autres taxes sur les entreprises	13.2	793.2	supprimé		M-031 — impôt de production ; schéma : ligne supprimée en totalité (−13,5 sur 13,2)
Taxe sur les installations nucléaires de base relevant du secteur énergétique et assimilées, tarif de conception (TINB-E, TC)	5. L'activité des entreprises	Équipements, installations et réseaux	Autres taxes sur les entreprises	13.2	133.3	supprimé		M-031 — impôt de production ; schéma : ligne supprimée en totalité (−13,5 sur 13,2)
Taxe sur les installations nucléaires de base relevant du secteur énergétique et assimilées, tarif de recherche (TINB-E, TR)	5. L'activité des entreprises	Équipements, installations et réseaux	Autres taxes sur les entreprises	13.2	63.2	supprimé		M-031 — impôt de production ; schéma : ligne supprimée en totalité (−13,5 sur 13,2)
Taxe sur les installations nucléaires de base relevant du secteur énergétique et assimilées, tarif de stockage (TINB-E, TC)	5. L'activité des entreprises	Équipements, installations et réseaux	Autres taxes sur les entreprises	13.2	3.3	supprimé		M-031 — impôt de production ; schéma : ligne supprimée en totalité (−13,5 sur 13,2)
CFE	7. La propriété et les droits d'usage	Locaux d'activité	Autres taxes sur les entreprises	13.2	1.0	fondu	taxe foncière	décision de l'auteure du 20260930 — supprimé, rendement repris par la taxe foncière unique (M-035)
Participation pour non-réalisation d'aires de stationnement	7. La propriété et les droits d'usage	Locaux d'activité	Autres taxes sur les entreprises	13.2		fondu	taxe foncière	décision de l'auteure du 20260930 — supprimé, rendement repris par la taxe foncière unique (M-035)
TA-CFE - fraction CCI-R de la Taxe additionnelle à la cotisation foncière des entreprises pour frais de chambres de commerce et d’industrie de région	7. La propriété et les droits d'usage	Locaux d'activité	Autres taxes sur les entreprises	13.2	280.7	fondu	taxe foncière	décision de l'auteure du 20260930 — supprimé, rendement repris par la taxe foncière unique (M-035)
TA-CFE - fraction CRMA de la Taxe additionnelle à la cotisation foncière des entreprises pour frais de chambre régionale de métiers et d'artisanat	7. La propriété et les droits d'usage	Locaux d'activité	Autres taxes sur les entreprises	13.2	264.5	fondu	taxe foncière	décision de l'auteure du 20260930 — supprimé, rendement repris par la taxe foncière unique (M-035)
Taxe additionnelle à la TASCOM	7. La propriété et les droits d'usage	Locaux d'activité	Autres taxes sur les entreprises	13.2		fondu	taxe foncière	décision de l'auteure du 20260930 — supprimé, rendement repris par la taxe foncière unique (M-035)
Taxe annuelle sur les locaux à usage de bureaux, les locaux commerciaux, les locaux de stockage et les surfaces de stationnement annexées à ces catégories de locaux perçue dans la région Ile-de-France	7. La propriété et les droits d'usage	Locaux d'activité	Autres taxes sur les entreprises	13.2	1034.2	fondu	taxe foncière	décision de l'auteure du 20260930 — supprimé, rendement repris par la taxe foncière unique (M-035)
Taxe annuelle sur les locaux à usage de bureaux, les locaux commerciaux, les locaux de stockage et les surfaces de stationnement perçue dans les départements des Bouches-du-Rhône, du Var et des Alpes-Maritimes	7. La propriété et les droits d'usage	Locaux d'activité	Autres taxes sur les entreprises	13.2		fondu	taxe foncière	décision de l'auteure du 20260930 — supprimé, rendement repris par la taxe foncière unique (M-035)
Taxe pour frais de chambre de métiers (CMA)	7. La propriété et les droits d'usage	Locaux d'activité	Autres taxes sur les entreprises	13.2		fondu	taxe foncière	décision de l'auteure du 20260930 — supprimé, rendement repris par la taxe foncière unique (M-035)
Taxe pour frais de chambre de métiers d'Alsace	7. La propriété et les droits d'usage	Locaux d'activité	Autres taxes sur les entreprises	13.2		fondu	taxe foncière	décision de l'auteure du 20260930 — supprimé, rendement repris par la taxe foncière unique (M-035)
Taxe pour frais de chambre de métiers de Moselle	7. La propriété et les droits d'usage	Locaux d'activité	Autres taxes sur les entreprises	13.2		fondu	taxe foncière	décision de l'auteure du 20260930 — supprimé, rendement repris par la taxe foncière unique (M-035)
Taxe pour les chambres de commerce et d'industrie (TCCI)	7. La propriété et les droits d'usage	Locaux d'activité	Autres taxes sur les entreprises	13.2		fondu	taxe foncière	décision de l'auteure du 20260930 — supprimé, rendement repris par la taxe foncière unique (M-035)
Taxe sur les surfaces commerciales	7. La propriété et les droits d'usage	Locaux d'activité	Autres taxes sur les entreprises	13.2	240.6	fondu	taxe foncière	décision de l'auteure du 20260930 — supprimé, rendement repris par la taxe foncière unique (M-035)
Taxe sur les surfaces de stationnement	7. La propriété et les droits d'usage	Locaux d'activité	Autres taxes sur les entreprises	13.2	84.5	fondu	taxe foncière	décision de l'auteure du 20260930 — supprimé, rendement repris par la taxe foncière unique (M-035)
Taxes sur les friches commerciales	7. La propriété et les droits d'usage	Locaux d'activité	Autres taxes sur les entreprises	13.2	9.3	fondu	taxe foncière	décision de l'auteure du 20260930 — supprimé, rendement repris par la taxe foncière unique (M-035)
Droits d'enregistrement	7. La propriété et les droits d'usage	Mutations et transmissions	Droits de mutation	37.9		fondu	impôt sur le revenu	M-033 — droit supprimé, remplacé par la franchise de 3 % déductible de l'imposition de la plus-value
Droits d'enregistrement sur les mutations de jouissance (baux d'immeubles et commerciaux à durée limitée)	7. La propriété et les droits d'usage	Mutations et transmissions	Droits de mutation	37.9		fondu	impôt sur le revenu	M-033 — droit supprimé, remplacé par la franchise de 3 % déductible de l'imposition de la plus-value
Prélèvement sur les sommes versées par les organismes d'assurances et assimilés à raison des contrats d'assurance en cas de décès	7. La propriété et les droits d'usage	Mutations et transmissions	Droits de mutation	37.9	478.3	fondu	impôt sur le revenu	M-033 — droit supprimé, remplacé par la franchise de 3 % déductible de l'imposition de la plus-value
Taxe additionnelle au droit de bail	7. La propriété et les droits d'usage	Mutations et transmissions	Droits de mutation	37.9		fondu	impôt sur le revenu	M-033 — droit supprimé, remplacé par la franchise de 3 % déductible de l'imposition de la plus-value
Taxe additionnelle aux droits de mutation de locaux à usage de bureaux en IdF	7. La propriété et les droits d'usage	Mutations et transmissions	Droits de mutation	37.9		fondu	impôt sur le revenu	M-033 — droit supprimé, remplacé par la franchise de 3 % déductible de l'imposition de la plus-value
Droits de mutation à titre onéreux de créances, rentes, prix d'offices	7. La propriété et les droits d'usage	Mutations et transmissions	à titre onéreux	17.1	471.3	fondu	impôt sur le revenu	M-033 — droit supprimé, remplacé par la franchise de 3 % déductible de l'imposition de la plus-value
Droits de mutation à titre onéreux de fonds de commerce	7. La propriété et les droits d'usage	Mutations et transmissions	à titre onéreux	17.1	241.2	fondu	impôt sur le revenu	M-033 — droit supprimé, remplacé par la franchise de 3 % déductible de l'imposition de la plus-value
Droits de mutation à titre onéreux de meubles corporels	7. La propriété et les droits d'usage	Mutations et transmissions	à titre onéreux	17.1	0.2	fondu	impôt sur le revenu	M-033 — droit supprimé, remplacé par la franchise de 3 % déductible de l'imposition de la plus-value
Droits départementaux d'enregistrement sur les mutations à titre onéreux d'immeubles	7. La propriété et les droits d'usage	Mutations et transmissions	à titre onéreux	17.1	558.4	fondu	impôt sur le revenu	M-033 — droit supprimé, remplacé par la franchise de 3 % déductible de l'imposition de la plus-value
Taxe communale additionnelle à certains droits d'enregistrement	7. La propriété et les droits d'usage	Mutations et transmissions	à titre onéreux	17.1	3589.4	fondu	impôt sur le revenu	M-033 — droit supprimé, remplacé par la franchise de 3 % déductible de l'imposition de la plus-value
Taxe départementale additionnelle à certains droits d'enregistrement	7. La propriété et les droits d'usage	Mutations et transmissions	à titre onéreux	17.1	214.7	fondu	impôt sur le revenu	M-033 — droit supprimé, remplacé par la franchise de 3 % déductible de l'imposition de la plus-value
Taxe départementale de publicité foncière sur les mutations à titres onéreux	7. La propriété et les droits d'usage	Mutations et transmissions	à titre onéreux	17.1	14204.9	fondu	impôt sur le revenu	M-033 — droit supprimé, remplacé par la franchise de 3 % déductible de l'imposition de la plus-value
Droits de mutation à titre gratuit entre vifs (donations)	7. La propriété et les droits d'usage	Mutations et transmissions	à titre gratuit	20.8	4423.0	fondu	impôt sur le revenu	M-033 — droit supprimé, remplacé par la franchise de 3 % déductible de l'imposition de la plus-value
Droits de mutation à titre gratuit par décès	7. La propriété et les droits d'usage	Mutations et transmissions	à titre gratuit	20.8	16995.3	fondu	impôt sur le revenu	M-033 — droit supprimé, remplacé par la franchise de 3 % déductible de l'imposition de la plus-value
Autres cotisations et contributions sociales diverses FSV — Régime des salariés agricoles	1. Les cotisations sociales	Autres cotisations, majorations et pénalités	—			hors mandat		D-3 — les 83 cotisations sociales restent hors mandat
Contribution supplémentaire au financement de l'assurance chômage	1. Les cotisations sociales	Chômage	—			hors mandat		D-3 — les 83 cotisations sociales restent hors mandat
Contributions chômage Unédic	1. Les cotisations sociales	Chômage	—			hors mandat		D-3 — les 83 cotisations sociales restent hors mandat
Contribution des employeurs de main-d'œuvre étrangère permanente	1. Les cotisations sociales	Cotisations de sécurité sociale — régime général	—			hors mandat		D-3 — les 83 cotisations sociales restent hors mandat
Contribution des employeurs de main-d'œuvre étrangère saisonnière	1. Les cotisations sociales	Cotisations de sécurité sociale — régime général	—			hors mandat		D-3 — les 83 cotisations sociales restent hors mandat
Contribution des employeurs de main-d'œuvre étrangère temporaire	1. Les cotisations sociales	Cotisations de sécurité sociale — régime général	—			hors mandat		D-3 — les 83 cotisations sociales restent hors mandat
Contribution sur les indemnités de rupture conventionnelle	1. Les cotisations sociales	Cotisations de sécurité sociale — régime général	—			hors mandat		D-3 — les 83 cotisations sociales restent hors mandat
Cotisation des employeurs	1. Les cotisations sociales	Cotisations de sécurité sociale — régime général	—			hors mandat		D-3 — les 83 cotisations sociales restent hors mandat
Cotisation obligatoire des collectivités au Centre national de la fonction publique territoriale	1. Les cotisations sociales	Cotisations de sécurité sociale — régime général	—		413.0	hors mandat		D-3 — les 83 cotisations sociales restent hors mandat
Cotisation obligatoire des collectivités aux centres de gestion de la fonction publique territoriale	1. Les cotisations sociales	Cotisations de sécurité sociale — régime général	—		691.8	hors mandat		D-3 — les 83 cotisations sociales restent hors mandat
Cotisations avantages spécifiques IEG	1. Les cotisations sociales	Cotisations de sécurité sociale — régime général	—			hors mandat		D-3 — les 83 cotisations sociales restent hors mandat
Cotisations salariales — Autres régimes	1. Les cotisations sociales	Cotisations de sécurité sociale — régime général	—			hors mandat		D-3 — les 83 cotisations sociales restent hors mandat
Cotisations salariales — Régime général et FSV	1. Les cotisations sociales	Cotisations de sécurité sociale — régime général	—			hors mandat		D-3 — les 83 cotisations sociales restent hors mandat
Cotisations sociales - brutes BdF — Autres régimes	1. Les cotisations sociales	Cotisations de sécurité sociale — régime général	—			hors mandat		D-3 — les 83 cotisations sociales restent hors mandat
Autres assiettes famille — Régime général et FSV	1. Les cotisations sociales	Maladie, famille, accidents et prévoyance	—			hors mandat		D-3 — les 83 cotisations sociales restent hors mandat
Autres cotisations et contributions sociales diverses (maladie) — Régime général et FSV	1. Les cotisations sociales	Maladie, famille, accidents et prévoyance	—			hors mandat		D-3 — les 83 cotisations sociales restent hors mandat
Autres cotisations sociales AT-MP — Régime général et FSV	1. Les cotisations sociales	Maladie, famille, accidents et prévoyance	—			hors mandat		D-3 — les 83 cotisations sociales restent hors mandat
Autres cotisations sociales maladie (dont assurés volontaires) — Régime général et FSV	1. Les cotisations sociales	Maladie, famille, accidents et prévoyance	—			hors mandat		D-3 — les 83 cotisations sociales restent hors mandat
Contribution de l'employeur principal AT-MP — Régime spécial des industries électriques et gazières (CNIEG)	1. Les cotisations sociales	Maladie, famille, accidents et prévoyance	—			hors mandat		D-3 — les 83 cotisations sociales restent hors mandat
Cotisation au profit des caisses d’assurances d’accidents agricoles d’Alsace-Moselle	1. Les cotisations sociales	Maladie, famille, accidents et prévoyance	—			hors mandat		D-3 — les 83 cotisations sociales restent hors mandat
Cotisations AT-MP salariés — Régime de retraite des fonctionnaires civils et militaires de l'État	1. Les cotisations sociales	Maladie, famille, accidents et prévoyance	—			hors mandat		D-3 — les 83 cotisations sociales restent hors mandat
Cotisations AT-MP salariés — Régime des salariés agricoles	1. Les cotisations sociales	Maladie, famille, accidents et prévoyance	—			hors mandat		D-3 — les 83 cotisations sociales restent hors mandat
Cotisations AT-MP salariés — Régime général +FSV	1. Les cotisations sociales	Maladie, famille, accidents et prévoyance	—			hors mandat		D-3 — les 83 cotisations sociales restent hors mandat
Cotisations Famille salariés — Régime général +FSV	1. Les cotisations sociales	Maladie, famille, accidents et prévoyance	—			hors mandat		D-3 — les 83 cotisations sociales restent hors mandat
Cotisations IJ exploitants	1. Les cotisations sociales	Maladie, famille, accidents et prévoyance	—			hors mandat		D-3 — les 83 cotisations sociales restent hors mandat
Cotisations Maladie salariés — Régime général +FSV	1. Les cotisations sociales	Maladie, famille, accidents et prévoyance	—			hors mandat		D-3 — les 83 cotisations sociales restent hors mandat
Cotisations décès - CIPAV	1. Les cotisations sociales	Maladie, famille, accidents et prévoyance	—			hors mandat		D-3 — les 83 cotisations sociales restent hors mandat
Cotisations décès - CNIEG	1. Les cotisations sociales	Maladie, famille, accidents et prévoyance	—			hors mandat		D-3 — les 83 cotisations sociales restent hors mandat
Cotisations institutions de prévoyance	1. Les cotisations sociales	Maladie, famille, accidents et prévoyance	—			hors mandat		D-3 — les 83 cotisations sociales restent hors mandat
Cotisations invalidité - CIPAV	1. Les cotisations sociales	Maladie, famille, accidents et prévoyance	—			hors mandat		D-3 — les 83 cotisations sociales restent hors mandat
Cotisations invalidité - CNIEG	1. Les cotisations sociales	Maladie, famille, accidents et prévoyance	—			hors mandat		D-3 — les 83 cotisations sociales restent hors mandat
"Cotisations patronales ""décès"" Vieillesse — Régime spécial des industries électriques et gazières (CNIEG)"	1. Les cotisations sociales	Maladie, famille, accidents et prévoyance	—			hors mandat		D-3 — les 83 cotisations sociales restent hors mandat
"Cotisations patronales ""décès"", ""invalidité"" et ""AT-MP"" Ensemble des risques — Régime spécial des industries électriques et gazières (CNIEG)"	1. Les cotisations sociales	Maladie, famille, accidents et prévoyance	—			hors mandat		D-3 — les 83 cotisations sociales restent hors mandat
Cotisations patronales non plafonnées AT-MP — Caisse autonome nationale de sécurité sociale dans les mines	1. Les cotisations sociales	Maladie, famille, accidents et prévoyance	—			hors mandat		D-3 — les 83 cotisations sociales restent hors mandat
Cotisations patronales non plafonnées Maladie-invalidité — Régime spécial des industries électriques et gazières (CNIEG)	1. Les cotisations sociales	Maladie, famille, accidents et prévoyance	—			hors mandat		D-3 — les 83 cotisations sociales restent hors mandat
Cotisations patronales vieillesse — Caisse de retraite et de prévoyance des clercs et employés de notaires	1. Les cotisations sociales	Maladie, famille, accidents et prévoyance	—			hors mandat		D-3 — les 83 cotisations sociales restent hors mandat
Cotisations prévoyance des affiliés — Régime spécial des agents de la RATP	1. Les cotisations sociales	Maladie, famille, accidents et prévoyance	—			hors mandat		D-3 — les 83 cotisations sociales restent hors mandat
Cotisations prévoyance patronales — Régime spécial des agents de la RATP	1. Les cotisations sociales	Maladie, famille, accidents et prévoyance	—			hors mandat		D-3 — les 83 cotisations sociales restent hors mandat
Cotisations sociales AT-MP — Établissement national des invalides de la marine (ENIM)	1. Les cotisations sociales	Maladie, famille, accidents et prévoyance	—			hors mandat		D-3 — les 83 cotisations sociales restent hors mandat
Cotisations sociales brutes Vieillesse — Caisse de retraite et de prévoyance des clercs et employés de notaires	1. Les cotisations sociales	Maladie, famille, accidents et prévoyance	—			hors mandat		D-3 — les 83 cotisations sociales restent hors mandat
Cotisations sur les émoluments de notaires Vieillesse — Caisse de retraite et de prévoyance des clercs et employés de notaires	1. Les cotisations sociales	Maladie, famille, accidents et prévoyance	—			hors mandat		D-3 — les 83 cotisations sociales restent hors mandat
Cotisations vieillesse + maladie — Régime spécial des fonctionnaires territoriaux et hospitaliers	1. Les cotisations sociales	Maladie, famille, accidents et prévoyance	—			hors mandat		D-3 — les 83 cotisations sociales restent hors mandat
Autres cotisations sociales Vieillesse — Régime des exploitants agricoles	1. Les cotisations sociales	Non-salariés et inactifs	—			hors mandat		D-3 — les 83 cotisations sociales restent hors mandat
Autres cotisations sociales et majorations Ensemble des risques — Caisse nationale d'assurance vieillesse des professions libérales	1. Les cotisations sociales	Non-salariés et inactifs	—			hors mandat		D-3 — les 83 cotisations sociales restent hors mandat
Autres cotisations sociales — Caisse nationale d'assurance vieillesse des professions libérales	1. Les cotisations sociales	Non-salariés et inactifs	—			hors mandat		D-3 — les 83 cotisations sociales restent hors mandat
Cotisations Famille non-salariés — Régime général et FSV	1. Les cotisations sociales	Non-salariés et inactifs	—			hors mandat		D-3 — les 83 cotisations sociales restent hors mandat
Cotisations Maladie inactifs — Régime général et FSV	1. Les cotisations sociales	Non-salariés et inactifs	—			hors mandat		D-3 — les 83 cotisations sociales restent hors mandat
Cotisations Maladie non-salariés — Régime général et FSV	1. Les cotisations sociales	Non-salariés et inactifs	—			hors mandat		D-3 — les 83 cotisations sociales restent hors mandat
Cotisations conjoints collaborateurs Vieillesse — Caisse nationale d'assurance vieillesse des professions libérales	1. Les cotisations sociales	Non-salariés et inactifs	—			hors mandat		D-3 — les 83 cotisations sociales restent hors mandat
Cotisations conjoints collaborateurs — Caisse nationale d'assurance vieillesse des professions libérales	1. Les cotisations sociales	Non-salariés et inactifs	—			hors mandat		D-3 — les 83 cotisations sociales restent hors mandat
Cotisations sociales - brutes CAVIMAC — autres régimes	1. Les cotisations sociales	Non-salariés et inactifs	—			hors mandat		D-3 — les 83 cotisations sociales restent hors mandat
Cotisations sociales - brutes CNBF — autres régimes	1. Les cotisations sociales	Non-salariés et inactifs	—			hors mandat		D-3 — les 83 cotisations sociales restent hors mandat
Cotisations sociales non-salariés Vieillesse — Régime des exploitants agricoles	1. Les cotisations sociales	Non-salariés et inactifs	—			hors mandat		D-3 — les 83 cotisations sociales restent hors mandat
Cotisations sociales provisionnelles — Caisse nationale d'assurance vieillesse des professions libérales	1. Les cotisations sociales	Non-salariés et inactifs	—			hors mandat		D-3 — les 83 cotisations sociales restent hors mandat
Cotisations sociales régularisation — Caisse nationale d'assurance vieillesse des professions libérales	1. Les cotisations sociales	Non-salariés et inactifs	—			hors mandat		D-3 — les 83 cotisations sociales restent hors mandat
Cotisations vieillesse non-salariés — Régime des exploitants agricoles	1. Les cotisations sociales	Non-salariés et inactifs	—			hors mandat		D-3 — les 83 cotisations sociales restent hors mandat
Cotisations vieillesse non-salariés — Régime général et FSV	1. Les cotisations sociales	Non-salariés et inactifs	—			hors mandat		D-3 — les 83 cotisations sociales restent hors mandat
Autres cotisations sociales Vieillesse — Régime des salariés agricoles	1. Les cotisations sociales	Vieillesse et régimes spéciaux	—			hors mandat		D-3 — les 83 cotisations sociales restent hors mandat
Autres cotisations sociales et majorations Vieillesse — Régime spécial des industries électriques et gazières (CNIEG)	1. Les cotisations sociales	Vieillesse et régimes spéciaux	—			hors mandat		D-3 — les 83 cotisations sociales restent hors mandat
Autres cotisations sociales vieillesse — Régime général et FSV	1. Les cotisations sociales	Vieillesse et régimes spéciaux	—			hors mandat		D-3 — les 83 cotisations sociales restent hors mandat
Autres cotisations, majorations et pénalités — Régime spécial des fonctionnaires territoriaux et hospitaliers	1. Les cotisations sociales	Vieillesse et régimes spéciaux	—			hors mandat		D-3 — les 83 cotisations sociales restent hors mandat
Contribution sur les avantages de préretraite d’entreprise	1. Les cotisations sociales	Vieillesse et régimes spéciaux	—		34.0	hors mandat		D-3 — les 83 cotisations sociales restent hors mandat
Contribution sur les indemnités de mise à la retraite	1. Les cotisations sociales	Vieillesse et régimes spéciaux	—		895.0	hors mandat		D-3 — les 83 cotisations sociales restent hors mandat
Contribution sur les régimes de retraite conditionnant la constitution de droits à prestations à l’achèvement de la carrière du bénéficiaire dans l’entreprise	1. Les cotisations sociales	Vieillesse et régimes spéciaux	—		179.0	hors mandat		D-3 — les 83 cotisations sociales restent hors mandat
Contributions d'équilibre de l'employeur principal Régime SNCF	1. Les cotisations sociales	Vieillesse et régimes spéciaux	—			hors mandat		D-3 — les 83 cotisations sociales restent hors mandat
Cotisations Vieillesse salariés — Régime de retraite des fonctionnaires civils et militaires de l'État	1. Les cotisations sociales	Vieillesse et régimes spéciaux	—			hors mandat		D-3 — les 83 cotisations sociales restent hors mandat
Cotisations Vieillesse salariés — Régime des salariés agricoles	1. Les cotisations sociales	Vieillesse et régimes spéciaux	—			hors mandat		D-3 — les 83 cotisations sociales restent hors mandat
Cotisations Vieillesse — Régime des salariés agricoles	1. Les cotisations sociales	Vieillesse et régimes spéciaux	—			hors mandat		D-3 — les 83 cotisations sociales restent hors mandat
Cotisations d'équilibre de l'employeur principal — Régime spécial des fonctionnaires territoriaux et hospitaliers	1. Les cotisations sociales	Vieillesse et régimes spéciaux	—			hors mandat		D-3 — les 83 cotisations sociales restent hors mandat
"Cotisations patronales ""vieillesse"" non plafonnées Vieillesse — Régime spécial des industries électriques et gazières (CNIEG)"	1. Les cotisations sociales	Vieillesse et régimes spéciaux	—			hors mandat		D-3 — les 83 cotisations sociales restent hors mandat
Cotisations patronales Vieillesse — Caisse autonome nationale de sécurité sociale dans les mines	1. Les cotisations sociales	Vieillesse et régimes spéciaux	—			hors mandat		D-3 — les 83 cotisations sociales restent hors mandat
Cotisations patronales Vieillesse — Régime spécial des agents de la RATP	1. Les cotisations sociales	Vieillesse et régimes spéciaux	—			hors mandat		D-3 — les 83 cotisations sociales restent hors mandat
Cotisations patronales brutes Vieillesse — Régime spécial des agents de la SNCF	1. Les cotisations sociales	Vieillesse et régimes spéciaux	—			hors mandat		D-3 — les 83 cotisations sociales restent hors mandat
Cotisations patronales — Régime de retraite des fonctionnaires civils et militaires de l'État	1. Les cotisations sociales	Vieillesse et régimes spéciaux	—			hors mandat		D-3 — les 83 cotisations sociales restent hors mandat
Cotisations régime complémentaire	1. Les cotisations sociales	Vieillesse et régimes spéciaux	—			hors mandat		D-3 — les 83 cotisations sociales restent hors mandat
"Cotisations salariales ""vieillesse"" non plafonnées Vieillesse — Régime spécial des industries électriques et gazières (CNIEG)"	1. Les cotisations sociales	Vieillesse et régimes spéciaux	—			hors mandat		D-3 — les 83 cotisations sociales restent hors mandat
"Cotisations salariales ""vieillesse"" non plafonnées ensemble des risques — Caisse autonome nationale de sécurité sociale dans les mines"	1. Les cotisations sociales	Vieillesse et régimes spéciaux	—			hors mandat		D-3 — les 83 cotisations sociales restent hors mandat
Cotisations salariales Vieillesse — Établissement national des invalides de la marine (ENIM)	1. Les cotisations sociales	Vieillesse et régimes spéciaux	—			hors mandat		D-3 — les 83 cotisations sociales restent hors mandat
Cotisations salariales brutes Vieillesse — Régime spécial des agents de la SNCF	1. Les cotisations sociales	Vieillesse et régimes spéciaux	—			hors mandat		D-3 — les 83 cotisations sociales restent hors mandat
Cotisations salariales tous risques — Fonds spécial des pensions des ouvriers des établissements industriels de l'État (FSPOEIE)	1. Les cotisations sociales	Vieillesse et régimes spéciaux	—			hors mandat		D-3 — les 83 cotisations sociales restent hors mandat
Cotisations salariales — Régime spécial des fonctionnaires territoriaux et hospitaliers	1. Les cotisations sociales	Vieillesse et régimes spéciaux	—			hors mandat		D-3 — les 83 cotisations sociales restent hors mandat
Cotisations salariales — Régime spécial des industries électriques et gazières (CNIEG)	1. Les cotisations sociales	Vieillesse et régimes spéciaux	—			hors mandat		D-3 — les 83 cotisations sociales restent hors mandat
Cotisations vieillesse + maladie — Fonds spécial des pensions des ouvriers des établissements industriels de l'État (FSPOEIE)	1. Les cotisations sociales	Vieillesse et régimes spéciaux	—			hors mandat		D-3 — les 83 cotisations sociales restent hors mandat
Contribution sociale généralisée (CSG)	2. Les contributions sociales sur les revenus	Contribution sociale généralisée et CRDS	—		155467.8	supprimé		M-025 — fraction revenus d'activité ; la fraction capital n'est pas touchée (arbitrage périmètre fiscal)
Contributions pour le remboursement de la dette sociale (CRDS)	2. Les contributions sociales sur les revenus	Contribution sociale généralisée et CRDS	—		9350.4	supprimé		M-025 — fraction revenus d'activité ; la fraction capital n'est pas touchée (arbitrage périmètre fiscal)
Contributions sur avantages de retraite et de préretraite (branche maladie)	2. Les contributions sociales sur les revenus	Contributions sur les revenus de remplacement	—			non touché		arbitrage périmètre fiscal du 20260930 — revenus du capital et de remplacement, hors M-025
Contributions sur avantages de retraite et de préretraite FSV	2. Les contributions sociales sur les revenus	Contributions sur les revenus de remplacement	—			non touché		arbitrage périmètre fiscal du 20260930 — revenus du capital et de remplacement, hors M-025
Contributions sociales maladie - Prélèvement social sur les revenus du capital	2. Les contributions sociales sur les revenus	Prélèvements sociaux sur les revenus du capital	—			non touché		arbitrage périmètre fiscal du 20260930 — revenus du capital et de remplacement, hors M-025
Prélèvement social et de solidarité sur les revenus du capital FSV	2. Les contributions sociales sur les revenus	Prélèvements sociaux sur les revenus du capital	—			non touché		arbitrage périmètre fiscal du 20260930 — revenus du capital et de remplacement, hors M-025
Prélèvement social sur les revenus des placements (maladie)	2. Les contributions sociales sur les revenus	Prélèvements sociaux sur les revenus du capital	—			non touché		arbitrage périmètre fiscal du 20260930 — revenus du capital et de remplacement, hors M-025
Prélèvement social sur les revenus du capital CNSA	2. Les contributions sociales sur les revenus	Prélèvements sociaux sur les revenus du capital	—			non touché		arbitrage périmètre fiscal du 20260930 — revenus du capital et de remplacement, hors M-025
Prélèvement social sur les revenus du patrimoine (branche maladie)	2. Les contributions sociales sur les revenus	Prélèvements sociaux sur les revenus du capital	—			non touché		arbitrage périmètre fiscal du 20260930 — revenus du capital et de remplacement, hors M-025
Prélèvement sur les revenus des placements FSV	2. Les contributions sociales sur les revenus	Prélèvements sociaux sur les revenus du capital	—			non touché		arbitrage périmètre fiscal du 20260930 — revenus du capital et de remplacement, hors M-025
Prélèvement sur les revenus du patrimoine FSV	2. Les contributions sociales sur les revenus	Prélèvements sociaux sur les revenus du capital	—			non touché		arbitrage périmètre fiscal du 20260930 — revenus du capital et de remplacement, hors M-025
Prélèvements de solidarité	2. Les contributions sociales sur les revenus	Prélèvements sociaux sur les revenus du capital	—		15634.9	non touché		arbitrage périmètre fiscal du 20260930 — revenus du capital et de remplacement, hors M-025
Contribution additionnelle de solidarité autonomie (CASA)	2. Les contributions sociales sur les revenus	Solidarité autonomie	—		977.1	non touché		arbitrage périmètre fiscal du 20260930 — revenus du capital et de remplacement, hors M-025
Contributions patronales et salariales sur les attributions d’options (stock-options) de souscription ou d’achat des actions et sur les attributions gratuites	2. Les contributions sociales sur les revenus	Épargne salariale et actionnariat	—		1669.1	restitué en capitalisation		défaut orienté du 20261001 sur direction de l'auteure — circuit A, colonne « au-delà », par parallèle avec M-042 et M-043 ; révocable en une ligne
Frais d'inscription au registre des exploitants de voitures de transport avec chauffeur	7. La propriété et les droits d'usage	Actes juridiques et professions réglementées	—			sortie du périmètre des PO		repli — fait générateur = acte demandé par le redevable à son seul bénéfice, le tarif rémunère cet acte
Redevances perçues à l'occasion des procédures et formalités en matière de propriété industrielle ainsi que de registre du commerce et des sociétés, établies par divers textes	7. La propriété et les droits d'usage	Actes juridiques et professions réglementées	—		186.9	sortie du périmètre des PO		repli — fait générateur = acte demandé par le redevable à son seul bénéfice, le tarif rémunère cet acte
Contribution de sécurité immobilière	7. La propriété et les droits d'usage	Autres redevances et droits	—		814.6	supprimé		défaut de l'arbitrage — contrepartie non individualisable (police administrative, bien public ou assiette ad valorem) ; suppression et financement par le budget général
Droit d'examen du permis de chasse	7. La propriété et les droits d'usage	Autres redevances et droits	—		0.7	sortie du périmètre des PO		repli — fait générateur = acte demandé par le redevable à son seul bénéfice, le tarif rémunère cet acte
Droits perçus au profit de la Caisse nationale de l'assurance maladie des travailleurs salariés (CNAMTS) en matière de produits de santé, taxe annuelle due par les laboratoires de biologie médicale	7. La propriété et les droits d'usage	Autres redevances et droits	—		72.0	supprimé		défaut de l'arbitrage — contrepartie non individualisable (police administrative, bien public ou assiette ad valorem) ; suppression et financement par le budget général
Garantie des matières d'or et d'argent	7. La propriété et les droits d'usage	Autres redevances et droits	—			sortie du périmètre des PO		repli — fait générateur = acte demandé par le redevable à son seul bénéfice, le tarif rémunère cet acte
Redevance perçue à l’occasion de l’introduction des familles étrangères en France	7. La propriété et les droits d'usage	Autres redevances et droits	—		0.8	sortie du périmètre des PO		repli — fait générateur = acte demandé par le redevable à son seul bénéfice, le tarif rémunère cet acte
Redevance pour délivrance initiale du permis de chasse	7. La propriété et les droits d'usage	Autres redevances et droits	—		1.1	sortie du périmètre des PO		repli — fait générateur = acte demandé par le redevable à son seul bénéfice, le tarif rémunère cet acte
Taxe relative à la mise sur le marché des produits phytopharmaceutiques et de leurs adjuvants, des matières fertilisantes et de leurs adjuvants et des supports de culture	7. La propriété et les droits d'usage	Autres redevances et droits	—		9.5	sortie du périmètre des PO		repli — fait générateur = acte demandé par le redevable à son seul bénéfice, le tarif rémunère cet acte
Redevance pour délivrance de certificats sanitaires et phytosanitaires	7. La propriété et les droits d'usage	Contrôles sanitaires et phytosanitaires	—		0.8	sortie du périmètre des PO		repli — fait générateur = acte demandé par le redevable à son seul bénéfice, le tarif rémunère cet acte
Redevance pour l'agrément des établissements du secteur de l'alimentation animale	7. La propriété et les droits d'usage	Contrôles sanitaires et phytosanitaires	—			sortie du périmètre des PO		repli — fait générateur = acte demandé par le redevable à son seul bénéfice, le tarif rémunère cet acte
Redevance pour le contrôle vétérinaire à l'importation de produits animaux ou d'origine animale, d'animaux vivants	7. La propriété et les droits d'usage	Contrôles sanitaires et phytosanitaires	—			supprimé		défaut de l'arbitrage — contrepartie non individualisable (police administrative, bien public ou assiette ad valorem) ; suppression et financement par le budget général
Redevance pour les contrôles vétérinaires et phytosanitaires des végétaux à l'importation	7. La propriété et les droits d'usage	Contrôles sanitaires et phytosanitaires	—			supprimé		défaut de l'arbitrage — contrepartie non individualisable (police administrative, bien public ou assiette ad valorem) ; suppression et financement par le budget général
Redevance relative aux contrôles renforcés à l'importation des denrées alimentaires d'origine non animale	7. La propriété et les droits d'usage	Contrôles sanitaires et phytosanitaires	—			supprimé		défaut de l'arbitrage — contrepartie non individualisable (police administrative, bien public ou assiette ad valorem) ; suppression et financement par le budget général
Redevance sanitaire d'abattage	7. La propriété et les droits d'usage	Contrôles sanitaires et phytosanitaires	—			supprimé		défaut de l'arbitrage — contrepartie non individualisable (police administrative, bien public ou assiette ad valorem) ; suppression et financement par le budget général
Redevance sanitaire de découpage	7. La propriété et les droits d'usage	Contrôles sanitaires et phytosanitaires	—			supprimé		défaut de l'arbitrage — contrepartie non individualisable (police administrative, bien public ou assiette ad valorem) ; suppression et financement par le budget général
Redevance sanitaire de première mise sur le marché des produits de la pêche ou de l'aquaculture	7. La propriété et les droits d'usage	Contrôles sanitaires et phytosanitaires	—			supprimé		défaut de l'arbitrage — contrepartie non individualisable (police administrative, bien public ou assiette ad valorem) ; suppression et financement par le budget général
Redevance sanitaire de transformation des produits de la pêche et de l'aquaculture	7. La propriété et les droits d'usage	Contrôles sanitaires et phytosanitaires	—			supprimé		défaut de l'arbitrage — contrepartie non individualisable (police administrative, bien public ou assiette ad valorem) ; suppression et financement par le budget général
Redevance sanitaire liée à la certification des végétaux à l'exportation	7. La propriété et les droits d'usage	Contrôles sanitaires et phytosanitaires	—			sortie du périmètre des PO		repli — fait générateur = acte demandé par le redevable à son seul bénéfice, le tarif rémunère cet acte
Redevance sanitaire pour le contrôle de certaines substances et de leurs résidus	7. La propriété et les droits d'usage	Contrôles sanitaires et phytosanitaires	—			supprimé		défaut de l'arbitrage — contrepartie non individualisable (police administrative, bien public ou assiette ad valorem) ; suppression et financement par le budget général
Redevance sur les produits biocides	7. La propriété et les droits d'usage	Contrôles sanitaires et phytosanitaires	—		3.0	sortie du périmètre des PO		repli — fait générateur = acte demandé par le redevable à son seul bénéfice, le tarif rémunère cet acte
Redevances versées pour la délivrance des certificats d'obtention végétale	7. La propriété et les droits d'usage	Contrôles sanitaires et phytosanitaires	—			sortie du périmètre des PO		repli — fait générateur = acte demandé par le redevable à son seul bénéfice, le tarif rémunère cet acte
Taxe annuelle portant sur les autorisations de médicaments vétérinaires et les autorisations d’établissements pharmaceutiques vétérinaires	7. La propriété et les droits d'usage	Contrôles sanitaires et phytosanitaires	—		4.4	supprimé		défaut de l'arbitrage — contrepartie non individualisable (police administrative, bien public ou assiette ad valorem) ; suppression et financement par le budget général
Taxe liée aux dossiers de demande concernant les médicaments vétérinaires ou leur publicité	7. La propriété et les droits d'usage	Contrôles sanitaires et phytosanitaires	—		8.2	sortie du périmètre des PO		repli — fait générateur = acte demandé par le redevable à son seul bénéfice, le tarif rémunère cet acte
Participation des concessionnaires de la liaison fixe Trans-Manche au fonctionnement de la commission intergouvernementale et du comité de sécurité chargés de superviser la construction et l'exploitation de l'ouvrage	7. La propriété et les droits d'usage	Domaine public, spectre et concessions	—			supprimé		défaut de l'arbitrage — contrepartie non individualisable (police administrative, bien public ou assiette ad valorem) ; suppression et financement par le budget général
Redevance due par les titulaires de titres d'exploitation de mines d'hydrocarbures liquides ou gazeux	7. La propriété et les droits d'usage	Domaine public, spectre et concessions	—		11.0	sortie du périmètre des PO		repli — fait générateur = acte demandé par le redevable à son seul bénéfice, le tarif rémunère cet acte
Redevance hydraulique	7. La propriété et les droits d'usage	Domaine public, spectre et concessions	—		150.8	sortie du périmètre des PO		repli — fait générateur = acte demandé par le redevable à son seul bénéfice, le tarif rémunère cet acte
Redevance proportionnelle sur l'énergie hydraulique	7. La propriété et les droits d'usage	Domaine public, spectre et concessions	—		37.7	sortie du périmètre des PO		repli — fait générateur = acte demandé par le redevable à son seul bénéfice, le tarif rémunère cet acte
"Redevance proportionnelle sur le résultat normatif des concessions hydroélectriques soumises aux ""délais glissants"""	7. La propriété et les droits d'usage	Domaine public, spectre et concessions	—			sortie du périmètre des PO		repli — fait générateur = acte demandé par le redevable à son seul bénéfice, le tarif rémunère cet acte
Redevances UMTS 2G et 3G	7. La propriété et les droits d'usage	Domaine public, spectre et concessions	—		35.3	sortie du périmètre des PO		repli — fait générateur = acte demandé par le redevable à son seul bénéfice, le tarif rémunère cet acte
Rémunération pour services rendus au comité professionnel des stocks stratégiques pétroliers	7. La propriété et les droits d'usage	Domaine public, spectre et concessions	—		591.0	supprimé		défaut de l'arbitrage — contrepartie non individualisable (police administrative, bien public ou assiette ad valorem) ; suppression et financement par le budget général
Taxe sur l'utilisation des bandes « 700 MHz » et « 800 MHz » du spectre radioélectrique	7. La propriété et les droits d'usage	Domaine public, spectre et concessions	—		0.4	sortie du périmètre des PO		repli — fait générateur = acte demandé par le redevable à son seul bénéfice, le tarif rémunère cet acte
Taxes sur les stations et liaisons radioélectriques privées	7. La propriété et les droits d'usage	Domaine public, spectre et concessions	—		23.6	sortie du périmètre des PO		repli — fait générateur = acte demandé par le redevable à son seul bénéfice, le tarif rémunère cet acte
Contributions pour frais de contrôle	7. La propriété et les droits d'usage	Frais de contrôle et de surveillance	—		246.1	supprimé		défaut de l'arbitrage — contrepartie non individualisable (police administrative, bien public ou assiette ad valorem) ; suppression et financement par le budget général
Contributions versées par la SNCF au titre des frais de surveillance et de contrôle des chemins de fer	7. La propriété et les droits d'usage	Frais de contrôle et de surveillance	—			supprimé		défaut de l'arbitrage — contrepartie non individualisable (police administrative, bien public ou assiette ad valorem) ; suppression et financement par le budget général
Droits et contributions pour frais de contrôle	7. La propriété et les droits d'usage	Frais de contrôle et de surveillance	—		140.4	supprimé		défaut de l'arbitrage — contrepartie non individualisable (police administrative, bien public ou assiette ad valorem) ; suppression et financement par le budget général
Redevance pour examen du code de la route	7. La propriété et les droits d'usage	Timbre et formalités administratives	—			sortie du périmètre des PO		repli — fait générateur = acte demandé par le redevable à son seul bénéfice, le tarif rémunère cet acte
Taxe d'ouverture de caveau	7. La propriété et les droits d'usage	Timbre et formalités administratives	—			sortie du périmètre des PO		repli — fait générateur = acte demandé par le redevable à son seul bénéfice, le tarif rémunère cet acte
Taxe sur les demandes de visa ou de renouvellement de visa de publicité et sur les dépôts de publicité pharmaceutiques	7. La propriété et les droits d'usage	Timbre et formalités administratives	—			sortie du périmètre des PO		repli — fait générateur = acte demandé par le redevable à son seul bénéfice, le tarif rémunère cet acte
taxe de réduction et réunion de corps	7. La propriété et les droits d'usage	Timbre et formalités administratives	—			sortie du périmètre des PO		repli — fait générateur = acte demandé par le redevable à son seul bénéfice, le tarif rémunère cet acte
taxe de superposition des corps	7. La propriété et les droits d'usage	Timbre et formalités administratives	—			sortie du périmètre des PO		repli — fait générateur = acte demandé par le redevable à son seul bénéfice, le tarif rémunère cet acte
Fraction des produits annuels de la vente de biens confisqués	8. Hors champ	Produits non fiscaux portés aux documents budgétaires	—		150.6	hors champ		assiette 8 — produit non fiscal, non imposition
Quote-part des intérêts servis par la Caisse des dépôts et consignations sur les fonds déposés	8. Hors champ	Produits non fiscaux portés aux documents budgétaires	—			hors champ		assiette 8 — produit non fiscal, non imposition
"Recettes issues de la mise aux enchères des ""quotas carbone"""	8. Hors champ	Produits non fiscaux portés aux documents budgétaires	—		1510.1	hors champ		assiette 8 — produit non fiscal, non imposition
